,Asset_01,Asset_02,Asset_03,Asset_04,Asset_05,Asset_06,Asset_07,Asset_08,Asset_09,Asset_10,Asset_11,Asset_12,Asset_13,Asset_14,Asset_15,Asset_16,Asset_17,Asset_18,Asset_19,Asset_20,Asset_21,Asset_22,Asset_23,Asset_24,Asset_25,Asset_26,Asset_27,Asset_28,Asset_29,Asset_30
2026-01-02,0.00924866986350259,0.020252349473620646,0.0028042836861328357,0.03327983537075885,-0.005199916512322544,-0.004471152798458555,0.0018489990216936647,-0.0019392149266025394,-0.017157313899835214,0.004258233780795262,0.0025843377042571447,0.0009942767725983348,-0.004862332844731809,0.0014223792861023377,-0.02376799617623948,-0.00531130772179822,0.009391235383687135,0.01464275717300878,0.016202570083271084,-0.0029062180869989795,0.01620442047639581,0.0029594586846730664,-0.006385585675491856,0.009674583159301253,0.004066824174891348,0.00212963946018796,0.026917746398531506,0.002727702493815265,0.0043909032695399475,-0.01989022913738725
2026-01-05,0.026096299667057954,-0.006681700222502696,0.013782991484305951,0.018335010641179483,0.01388827018788108,0.010871629638499636,0.015591317263643045,-0.0032374624560848053,0.017860063350103816,-0.0019153594986617284,-0.014740409823812195,0.016536539261309935,0.01220979090078922,-0.025340831350809778,-0.0079261096032055,-0.0014102706903620366,0.002287115751292257,-0.0003660965966578722,0.021398518797848265,0.005610484564645857,0.014903033290167844,0.011234174811249442,0.005105830891088514,-0.0014829814802516106,0.02233918775819399,0.02066561516255505,-0.003091430799370798,0.0003927705653650193,-0.0004076221309988748,-0.0028358537094311798
2026-01-06,-0.024919245170046622,-0.035016064536164904,0.008264673771594344,-0.022723933160061938,-0.004381355047442859,-0.006933278002038135,-0.01026240273997403,-0.006201862616734499,0.01101320290785135,0.0346606823710458,-0.002682078703331925,0.0051221470371272115,0.005649085694043654,-0.018058148216484993,-0.02430354125476808,-0.013909434927429465,0.008354541910092106,-0.019529178130517466,0.0014683622600806245,0.0041688734047096165,-0.018300313906362664,0.01545697970360238,0.01333234132472838,0.00622977512063394,-0.007888326848826344,-0.006266449948856501,0.028918903206029967,-0.0009991874675514545,0.013508533531296552,0.008314033837023338
2026-01-07,-0.01231117118941416,0.01786992401690113,-0.032648092249009,0.02708780288319801,-0.000981665053290448,0.004186762935733279,0.0017459493805664916,0.010685215520706448,0.004905110762211562,-0.024082644297690803,0.01541891615228086,0.026295416539146244,-0.004289486376901297,-0.010305301044582715,0.008592701141233006,-0.010321503200150572,-0.009561055464376578,0.013130649038539222,-0.0032162473181215345,0.0033417930681607366,-0.004573916599195038,0.00047186973654222975,-0.008536903593541312,-0.025912151832293673,-0.012000918924536363,-0.005017732868337066,-0.01925502171584137,0.010958014922990422,-0.0013270279396279117,-0.007416585333652748
2026-01-08,0.008555934128430698,-0.003386775618713589,-0.008101912411505152,-0.006782096992188458,0.004959052226544358,-0.01090584120496374,0.005773164042405687,0.0012732157811050637,0.016496904179258642,-0.002476271845574529,0.007060328240642955,-0.04739450339129769,0.0016393354847354935,0.004670905750541632,-0.014793712200322884,0.020389863864404223,-0.001746976642983178,-0.005119480488121941,-0.0010908754461442793,-0.002749503592879843,0.01719702100312226,0.0052139513483628885,-0.008557347695445694,-0.007689122203590415,-0.014925593111439595,0.010179643974747021,0.008494357164740451,-0.013360209096663467,0.022581495508961158,-0.0037025919667158513
2026-01-09,0.00021419472282757646,0.02889901546191842,0.003293318534902445,-0.018060783399391434,0.0004897597799382591,-0.009312549267322945,-0.005919973409589274,-0.0048435842703871135,-0.00234273191396972,-0.012521686365517981,-0.002844797945329325,0.0066018219367816044,0.0030782438442027438,0.013720514358989133,-0.007356569574843874,-0.016602604662151355,0.015709958386908474,-0.016250123873862043,0.004244052038151258,-0.011745506707084963,0.012748798981774945,-0.013266797499962957,7.356054511031829e-05,-0.011813796566315315,-0.004281561311188953,-0.0009478501037145648,0.0013536400122784453,0.006344659584378798,0.012387933546045282,-0.0008780781886944533
2026-01-12,-0.011295829720297745,-0.0009083678910181137,0.014929466680294157,0.013980907099558237,-0.0009071938856710648,-0.010114392450114362,0.013127856329634202,0.012307833995649498,-0.014461825726864164,0.0052837539786447785,0.018720935000904326,-0.008794888528026568,0.00015742674563123948,0.014081761140545712,0.015887836969095792,-0.041066310914638304,0.009976784421986462,0.00045074604195383117,-0.005663829232407269,0.004010742927192945,0.001379957707752899,-0.0038385512205204586,0.009336607097889527,0.026701527112995782,0.003968789886936053,0.003762481978540455,0.0006309384726819189,0.0049324560376640125,0.00018944550836441643,0.002768427220169345
2026-01-13,0.00985439748675021,0.005945982457525867,-0.009411369100437939,0.0086157869592689,-0.00891755150055229,0.01149177604395013,0.0021899830842868617,0.004862936040320509,-0.0049594406495946375,-0.004317066978584361,0.009075871288457549,0.032013034734228674,-0.005139689396597369,0.007202739119700041,0.016108833235807474,-0.011645591712812542,-0.007717865093735954,0.004581538492793413,0.0039115153482027765,0.009710750958863201,0.012010686836684048,-0.020136836402204983,-0.028457705882864448,-0.009311620388394948,0.004552596116209839,0.012045092776270083,-0.0009183305229851779,-0.008153037064037694,-0.02909935448788792,-0.01194051885421843
2026-01-14,-0.001262969640917766,0.021262837817491942,0.003860976538692995,0.009475927192281963,0.0010602139977986536,-0.00011372614711291362,-0.013660407444161748,-0.0006148685195563885,-0.019444436123705944,0.0002361589876263004,0.014815727320231398,0.007893597535854058,-0.010037645962310937,-0.013806004341371914,0.0031412555386143293,-0.01950075684448982,0.008653446524547359,0.00374981695858434,0.022962542561242305,0.011202960926417482,0.01550693182723939,0.0063001483602551644,-0.014490583945783175,-0.00552904785643249,-0.018886765608945533,-0.01571148983046955,-0.0017758447900990681,-0.007032679307602874,-0.024684293674850588,0.00041400474335007154
2026-01-15,-0.02256319495311876,-0.0033225554573727,0.02236448115725098,0.004192857293734864,0.00592500848787525,0.018453195070571526,0.0015182585482609312,0.004473722256009394,-0.03839914204551531,-0.031624883461310316,-0.010314729087934404,-0.00954926548624524,0.004118734044671335,0.009243453446855066,0.01459008942439799,-0.01441789685383743,0.007598477451157271,-0.0019935382848759176,-0.002132990845491789,-0.0031337202548961107,0.012705568068358541,-0.004603451973023254,0.009063646635815159,-0.027977736377017948,-0.010226727913058897,0.032914069837074456,0.00798527000176974,-0.006903341374643324,-0.015163033497681555,-0.001764157171197711
2026-01-16,-0.007409120184818874,-0.010196361097182693,0.007155686127040761,0.004911029955211532,0.003519868836735718,-0.017270459148383877,-0.008088811484274205,-0.0162303443549473,0.01938212267756212,0.002601433923664409,-0.004944317707512136,-0.019679088393958488,-0.024332291967959607,0.020751492231706914,-0.03641834700584545,0.007971101521426105,-0.010680843784186544,0.00893552719521229,0.011514162473247325,0.006188854659322729,0.020512041928961722,-0.016830689040132074,0.0010610211779447098,0.0005299456944405367,-0.021918685279532335,0.005136796065095872,-0.012439385485912058,-0.0031093236753049203,0.025947228966082925,-0.01214501051055139
2026-01-19,0.026711185928839587,0.00625885962035988,-0.001959006402118546,0.02240363337330953,0.011739052735936895,0.0016392955767894346,-0.008512966354164209,-0.0050134557910238575,-0.00976819124466377,-0.023875011253674527,0.00493507104545543,0.014463492031244973,0.00983484411820168,0.010623787098454018,0.004707290671188469,-0.03768449700570575,0.01982908581975007,0.006142919429600102,-0.028175250832020993,0.0071173147264351755,-0.0055750534570354615,-0.026658891907520577,0.007969923936995693,0.010252256937989479,-0.016146704624613983,-0.019871302948643033,0.01076373753426818,0.0021345823424847588,-0.0019505239707625632,0.011806459167067684
2026-01-20,-0.018315115462124276,0.019255735454428047,0.0017190370561719348,0.028702561721885678,0.00269794094725051,0.00028458652347795876,0.004547420218119935,-0.001885813933206415,-0.005715198911422914,-0.007393793334866117,0.017630922479871636,-0.029169597024114924,-0.001689851864327352,0.01148393778520762,-0.005266322410679591,0.016567866542891663,0.011593219623126538,0.01448726425116531,0.0035809210633568345,-0.0039287215450748425,-0.007788085261542399,-0.0019504378006228729,-0.008503455804047322,0.00023522111812090962,6.371655121584219e-05,0.001588703749473508,0.01535004985765065,-0.0008618610729559384,-0.0025345267177306896,-0.004644914956202784
2026-01-21,0.02173764379439791,-0.017163339552524026,0.011996382114912718,-0.014804373376059887,-0.000856082778403211,-0.01061516630391246,-0.0036316473771659252,0.008593675708361115,-0.012705358837019398,0.0011523179918171422,0.008191787428007302,-0.009998832958534987,-0.01578077585351534,-0.008307086036297928,0.002539197500041279,-0.0022520026539365467,0.007019188372584972,0.0074204475059360675,0.022553759722609756,-0.016092251549366,-0.0020540920339677804,0.009103055278604444,0.0011118177305919907,-0.01579200864030239,0.01633595392340914,-0.02037581399038224,-0.009393928620975434,-0.00901338584022815,0.020074771895360666,-0.009343409143943937
2026-01-22,0.006544425355252459,-0.016286235153409767,0.007548227895953774,0.011097428886485572,-0.004025417048171498,-0.0011924115322268225,0.0031337322239424203,0.004164291141302456,0.0010339388632572,-0.020430563129217538,-0.013523567647171997,-0.013991227519662863,0.009994665296865213,0.010351076848566398,0.0024170843313977564,-0.0009289148404748593,0.008407881132367567,-0.00766251797811901,-0.0034486935336313085,-0.00567291903572964,0.02033090317969788,0.0004587100496473706,0.026252057354428926,0.010504139233521892,0.0003999045831648562,0.0032422017949165216,0.0009601963629271015,0.016127582278963937,-0.03541515732461331,0.006063561450840638
2026-01-23,0.023669775322931574,-0.0007021283344175178,0.03009471283224241,0.01654288118178271,0.0004145781548356986,0.008039157639806893,-0.002522804526824407,-0.002978493293589568,0.013433908599629563,0.0006259013641156663,-0.007204230125368083,-0.047703974923188563,0.0034765888662171562,0.03742721568665863,-0.017970458221140295,0.023670848207574702,-0.008565073604698714,0.004958207295027384,-0.016941521318711406,-0.002488475433712445,0.013552379017939487,-0.006154349766353873,0.013121656392171,0.00889028107323342,0.024155451308027764,-0.019540810859677182,-0.0010708512927403158,-0.006639491044155288,0.024174167896581444,0.002985965589932915
2026-01-26,0.021646535369637343,-0.001685073054905173,-0.025879310780271947,0.02409445185130532,0.007104120377352974,0.002958669446358142,0.009666105786008128,0.01051217701149576,-0.0033415291812026737,0.01840559671995856,0.0005088839739573192,0.019921779256899308,0.004728634946517207,-0.017798533198195576,0.0305636343832818,0.019499369210055795,-0.005966637907392269,-0.005983338013613504,-0.014427699241703285,0.0008105769209061364,0.0037053060599776533,-0.008795809990287506,0.014477418038152612,-0.00535102718454572,-0.005994175377330491,-0.020072150252066656,-0.008668628407279444,-0.006195145441229455,-0.008216018037467077,0.000877159093633173
2026-01-27,-0.016218403329898434,0.010930553903253815,0.006442256127449308,-0.009076590212788394,0.0057656150020026775,0.015687012070044526,-0.0019430647256521993,-0.00438010251975518,0.0035673675824352546,0.009197948763647545,0.010453209309634115,-0.007628680498039664,0.001320915797923039,0.024109965306777337,0.0028092423801917565,-0.01725736849676618,0.008884059082321594,0.006604207815684271,-0.015276635786639736,-0.0016804021294242188,0.0036265426682051682,0.01445063430966842,0.007589637924501291,-0.008463026997846845,-0.010821045430935872,0.04210535344590749,-0.0029459468940055134,0.009646704470503753,0.018105611036586255,0.003948219088343308
2026-01-28,-0.006277454113518988,0.006254289413988312,-0.016470385547840416,-0.003921133110371344,0.0037915610383203457,-0.0033141140989363382,-0.004411405559026638,0.00528349881985446,0.006609137227150175,-0.025079553349067307,0.011024082904501409,0.0031394278931158315,-0.001078202703676423,-0.0030585719768686515,0.005809139152427312,0.000880257565768261,-0.00875716699210971,0.0040319357958671365,-0.006926879996145496,-0.004670692586782654,-0.004763298320644038,-0.01069130635407256,-0.0007208367366506874,-0.007585019428727913,0.0011600774022144655,0.031362392461014466,-0.0025781352271960767,-0.0011272603554468574,-0.00880258908065723,-0.011796608023216582
2026-01-29,-0.009253066805876342,-0.001281936636202241,-0.008212967606999966,-0.024753533044635012,0.005042497951183611,0.014451288182631084,-0.012784334006685105,0.001124867747060554,-0.016628139380867712,0.01842109432422001,0.017438452853834274,-0.010673668432632177,-0.004334785470406444,0.0005229894925027345,-0.011033897103094659,-0.009229773446160272,0.00012001660832305916,0.005307762993276954,-0.01154524611398422,0.004055246453583905,-0.0020615345079451064,0.003880972193436749,0.011609248917047621,-0.020878627402493688,0.010897271197070513,-0.02935162309094752,0.0074846605074982975,0.0036716581051883246,0.0074175583718871785,-0.012527710642744605
2026-01-30,0.022715970505007288,0.009241596045123535,0.006725922175180754,-0.00767013721500831,0.00394534043232353,-0.00624657661742567,-0.01257745782982711,-0.00393777467707479,0.008554118600228033,-0.0025854094319881504,-0.00011127617796891087,0.002058101983462013,0.004231618300026607,0.00859882803676526,0.03440018684424184,0.005420246898527825,0.007257580457799895,-0.004358250892430915,-0.029267265914489693,0.007026265327229275,0.0026061266796271187,0.019772103648302952,-0.018870103106326974,0.03071660064938131,0.019381551272651842,-0.00805452578915744,-0.005596332310123686,0.0022699172330722384,0.02501364114408533,0.0030184497922489673
2026-02-02,-0.019082484745519657,-0.007980065453119134,0.003366199047684093,0.019162324263039432,0.002476268843399243,-0.013641277952552766,0.011495908896944185,-0.0025464354059756555,5.764508459393802e-05,-0.024250696817238793,-0.007421613715168585,-0.010612389329755167,-0.006387933343793839,-0.02233190980723121,-0.026185562617387803,-0.008389717888410253,-0.014105646896325763,-0.00333040785162686,0.0014701231392706404,0.004630843867864387,0.001496851324628956,0.025943281907691684,-0.021207218540788664,0.00573482335436859,-0.0001607723024301677,-0.007348406407074126,-0.010769648247135333,0.01396033700355881,0.027173593430310783,0.002466995450106202
2026-02-03,0.017577136830636997,0.0011620950866133573,0.01038001462185889,-0.01887948443945331,-0.007908111399131501,0.01002610812933069,-0.016725822470814555,0.004045504137796474,-0.0019277427449833073,-0.001479684725706698,0.009015570802824113,0.00041333206935312283,0.0055264397966829915,0.001055517413727003,0.025505755558026033,0.01268684836318501,-0.0075993171729502595,-0.00018593767730412658,-0.009571329467378598,0.003302954957281612,0.016817477258864733,-0.011956250030028759,0.012165575942735485,-0.010037209259967539,0.0029280193417067224,-0.0031903596285632885,0.004865453347514537,0.010628839309874127,-0.011034905514210158,-0.00608526411667798
2026-02-04,0.027911901948618034,8.965037420960442e-05,-0.022632225338076184,0.017259053776845112,-0.015723373401339003,0.015047359645740777,0.007491999915122394,0.0043969890292718805,0.008334002402650365,-0.010131164483692223,0.00986184797537848,0.0031611365806207825,0.0008084543680553224,0.04700827693827225,-0.009772503475082961,0.010369168122847272,-0.011043476159447785,0.009949008437456719,0.0009043398172283723,-0.005004610958266875,-0.010030703300530464,0.0055375302482219,0.013961990267356894,0.0020547135947694972,0.01363980787495378,-0.01478310985924125,-0.020391218077950968,-0.015232975689127626,0.012238933565983379,-0.000317067149797734
2026-02-05,-0.007691976164355685,0.00621685713200848,0.02484760068570946,0.009916041083977811,0.0015967844346667093,0.0008780416727063312,0.0018867622126343964,0.003110189650856743,0.02787677470927763,0.006268557161924093,-0.00259520458723983,-0.02013425850267292,0.010678836795898095,-0.01355693477794262,-0.006231431257754161,0.0010798156582731977,-0.021264481772064192,-0.004166476205012981,0.027080375250807975,-0.0003872643499180928,-0.010597281141191184,0.008849216931679837,0.02353077719965646,-0.013878800468082098,-0.003093170218319119,0.014118181966890964,0.010851698508274055,-0.010915098941014056,0.04067349643313989,0.014920247676651233
2026-02-06,-0.009997755964280541,-0.006248854193554365,-0.018040769626833097,0.001652156028117524,0.0009195691285797114,-0.013997590561993789,0.003092346626719422,0.013199735732831286,0.002360679047918479,0.0016769757921208939,0.005101618519459894,0.010962616009759785,0.007222294582049038,0.018353963356972036,-0.0033276863434799075,0.030259977992503018,0.0056727869034638445,-0.0014652564694841441,-0.014204853681491048,-0.004444383561408971,0.014659917692512847,0.0034902975497017596,-0.012310102855507155,-0.0005760650533528366,0.004944904747024248,0.021429110316701028,0.007111254565619118,0.002131639285154252,0.009676178011069014,0.00994376377656736
2026-02-09,0.011508540102261433,-0.012687289127371493,0.003374702030992438,0.005852851575045337,0.006186760980648964,-0.013601385009639477,-0.0006087212035065237,-0.0016375220017814662,0.02123750151633308,-0.025279282327466457,0.004627628032697784,0.011630445677245582,-0.003295451942986305,0.0059759408988606655,-0.04549906553300043,0.022153870082976423,0.008247083949650014,0.00370822404235871,-0.03722897444982609,0.002019604347191839,0.005868321782646513,-0.010714124946047177,0.006565745191025929,-0.010249803202532326,-0.013840585912576309,-0.000492785440559973,0.00468455167598969,-0.0022955065333321034,-0.014004830607273866,0.026375306507879115
2026-02-10,0.0136335009854478,0.004330235410038297,0.017668306573045856,0.009257141267776214,0.0016463412947174128,0.014169773436132349,-0.0009591175296564947,0.002630368234019187,-0.0002346797999039918,0.012333486594504173,0.0024002073191915496,-0.01586259674445656,-0.00023447351542471573,-0.0099052657847567,-0.0173187664401544,0.029921522520921062,0.010411185646696852,-7.920008006379042e-05,0.027158506767894552,0.0012537791168703016,0.004227972767935295,-0.008692176548183328,0.0019313564714549258,0.012148181088516896,0.002156067090798297,0.02014650152263142,-0.015155081770059198,-0.0058465159300544745,-0.017833676617733496,0.001509407033511767
2026-02-11,0.0056544422574076325,-0.010096898757403938,-0.0006700755924625712,0.024796648001554233,0.011298060344361538,-0.0062849833596262394,0.014792934226349974,0.003968697086258244,0.005734664329009043,-0.028404954684843164,-0.00017829884149900277,0.01204704573237092,0.011789256503210721,0.009486503996710471,-0.016989816838734573,-0.020261265662815497,-0.007004711753321291,-0.009635120224626648,-0.005286530656768873,-0.006257937391820123,0.0070383482278737475,-0.014098801588258159,-0.011963213184026156,-0.010383381498906719,-0.004786910251204923,0.02899732449902137,0.0004478574668904667,0.006900968797604268,-0.03152287082278604,0.005446759056781714
2026-02-12,-0.005780022715809685,0.0018454823983362623,-0.0019446280624174639,-0.01581147399195859,0.01347995241556843,0.009382185930683296,0.010605559551324584,0.0011297833292924775,-0.0008500791608063718,0.0061984621119173244,0.0060076255593142225,-0.009127983222616431,-0.0018530565327746773,-0.027415295677513773,-0.024125809552924316,0.00038553791871565046,0.009248853343428287,0.005436588762820271,-0.003145797549190976,0.0014850052407735514,-0.026644639544820548,0.013108380692709032,0.015061213974091325,-0.001554586682614656,0.008520379825310176,0.012990826178611803,0.004021101432233998,-0.00017638461139246608,-0.01741686816401211,-0.00686458694458314
2026-02-13,-0.0044816812047084875,0.010403258758236333,-0.00045996481233789854,0.022151439998093103,0.004044294590777042,0.00266896891351065,-0.0056950218568668776,0.003062343341893703,0.007819070413684459,0.017380358383423555,-0.002542911854295671,0.005401114936732121,-6.77554352271903e-05,0.02469942966513794,-0.00021247458682904785,-0.01067320640834124,-0.008314439487277947,0.005990148608281842,0.012816232256212201,0.011700180838755125,-0.02065759929003752,-0.014251438495383129,-0.0036682646171096733,-0.022103158898190256,-0.008195640156824835,-0.019785671241656533,-0.005568859341687604,-0.0004224288778668095,0.03787067669766464,0.016173435618226817
2026-02-16,0.0218905084996166,-0.008489455900259069,-0.023027608276701694,0.020228758489451826,0.00489663143348551,0.011690590745713658,-0.005036424794483962,-0.001087500888881876,0.010911253195166948,-0.013768762958670466,-0.008011194628993357,-0.003798939612911112,0.00842549086128841,0.009502594843027401,0.0023932399543673544,-0.0196679475491367,-0.00045716737228473914,-0.010820847848332593,-0.006205701785535256,0.010302006311226908,0.024504492508768072,0.00034128145363321316,-0.03497621704519571,-0.030039568901108038,-0.008097363492486243,0.019851112547343508,-0.00896015734121347,-0.00839674047087513,-0.01300209004490227,-0.0124759879873233
2026-02-17,-0.01658881395769063,0.011715885399555592,-0.011371044550824383,-6.977359947202277e-05,-0.00301737363318888,-0.0042546341548147515,0.012081148786366125,0.0014093906588448224,-0.023354784271736984,0.010110614217511804,-0.0009666350876302854,0.012889810331263796,0.013735660990773946,0.04228069114225885,-0.038362846730554345,0.0072246126940234134,0.0015096215018259862,-0.01480603584276996,0.011465309394095069,0.003538426737786926,0.004559736729466302,0.006003246944965124,0.011787468768548637,0.001902327602605558,-0.01114722167642801,-0.007108506467949027,-0.006484677178840048,0.004707532515429991,0.013167060098304484,-0.003459093015819592
2026-02-18,-0.003500726003858201,-0.020035154202502126,0.02375141457437624,-0.005695994015759265,0.0033925680579771633,-0.004307138791770804,-0.0024580878723107213,0.0041586132957287525,-0.002396439702133324,0.010513766922687351,-0.0028932011944191593,0.01087931660885455,-0.00427939380243636,0.010340367165623476,-0.005273795293248673,-0.004969118986135168,0.008162826773953302,0.0029845015237548456,-0.0037806317569100134,-0.0005173620733587292,-0.021195265431963373,0.013173971737695966,0.004879058882998999,-0.015030086752130689,0.0012064511107838793,0.013151843427408494,-0.0025710289749071302,0.013096086662361284,-0.01769838833103754,0.010911654028229911
2026-02-19,0.01946512578420978,-0.0023206947049265736,0.01614504741576739,-0.026750640377156465,-0.015383147212412185,0.005815761046525703,0.004617655567493051,0.0036280765070422216,0.0020615491852555845,-0.01187003557631705,0.0053613587739007595,0.007024816626558961,-0.0070128601476030505,0.0006640408746196869,0.0029040114325844524,-0.01131006320917094,0.0032254399013589286,-0.004139609948572431,0.03133577208389826,0.006121978660893479,0.011443395471620432,8.898602263385236e-05,-0.009473995426906412,0.0005554315260360987,0.006560934522273909,0.0005880657665511269,-0.020948374930556013,0.012740868126738247,0.015022340545022939,0.01738088627326695
2026-02-20,0.015459585654675312,0.002250150311425836,0.01128599977382172,0.026000503291386146,0.00930542594245054,0.0014386297915793822,0.00075081082767392,-0.003772809808092803,0.00934542397306748,0.012425384629140668,-0.010703743867950477,-0.013582795959598548,0.0007309509772783773,-0.005721317748268229,0.0005160224945963687,0.025279411159985887,-0.0065655503249482106,0.023179138614116468,-0.015276073113544064,0.013148741687261545,0.025545966418462296,0.011925950906340077,-0.016093534848504176,-0.006073258722358976,-0.0009195920571016813,-0.011069877482159929,0.006513401508607242,-0.0049063111305164275,-0.01423365838518087,-0.010262705384267101
2026-02-23,0.010129796103345301,0.023406511936989727,0.001226049581519284,0.002828027216140283,0.0035453674424785753,-0.0019383036338278536,0.0014822739640840688,0.0032390053716857548,-0.01119253857577196,0.004797053083621217,-0.007655492612760995,-0.029193905499939388,0.007150429320100793,0.015798073223620257,0.018445268923414915,-0.003459428655891661,0.013183145697895693,0.008238903646926587,-0.006375953914374732,0.002921303322871216,0.024625251810637128,0.004199300573320963,0.0040857429666647516,0.01534054672776386,0.015829378715145337,0.029419533171095802,-0.006366709514067925,0.0028313841174290033,-0.017551988531195106,-0.0006015798496967761
2026-02-24,-0.015576150671140043,0.017870595653403987,0.037171037717710576,0.0006944853452957034,0.004521800052173841,0.010254160393465828,0.008105170700427156,-0.0032870683869331563,0.006965096234742285,0.007402552451923228,-0.003721060876732074,0.010572526136795046,0.006166038876294966,0.0175967760122282,-0.009360804792337696,0.007286939542876514,0.0042449395610557605,-0.012823098130381183,0.006938170765192764,-0.005726154012081208,0.025461586258738844,0.008605943347878897,-0.004713662408091568,0.013260292466109602,0.006815746792106614,0.03507643674645,0.02062735426128781,-0.006884333172436197,0.02327784072742034,-0.0009203200964017499
2026-02-25,-0.022576780982899725,-0.007325851226795188,0.013369998421044915,-0.0038980717329204495,-0.004069458425483785,-0.013702245252101397,-0.0015070895820795682,0.005685694279554898,0.027977682133484727,-0.015845239393936006,0.003334096924869634,0.03370217933912256,0.01951917089598232,-0.012881744468375866,-0.015564345836746707,-0.02884682635680469,-0.0019044903871008323,0.0025179842257092577,0.040333456736142415,-0.010355522451688581,0.002178004836204561,-0.007963874807192295,-0.003843575672954569,-0.015845833385245256,0.0029866471728385857,0.005586823522704565,0.0068515098658168405,-0.0013255119028536821,-0.01641058209351065,0.003967869988562134
2026-02-26,-0.01369606522420963,-0.008172982490060376,0.00264917144042065,0.014435922753697206,-0.003810615233598824,0.01943439243203282,-0.008154895317626254,-0.007519813155848931,-0.013714324258959576,0.008093631290283954,-0.00472243606291145,-0.010519214386850217,0.0007867327248258782,0.014562723774612873,-0.010798415168098985,-0.00886531199833307,0.002683757136005438,-0.023623312823357057,0.012236946336767973,0.006284500688523265,-0.0164516493313136,-0.005944685636428693,0.016810231900990402,0.009608127375041686,-0.00620637146973646,0.03990068607868347,-0.01124988260333637,0.01136709911285716,-0.002174331180494482,-0.004802749110172755
2026-02-27,0.01487706172839931,0.009033471698328244,0.00015005397716372215,-0.045291713761547725,-0.00102922961091656,0.013544406151259958,-0.007133493218323239,0.005511375364511517,-0.00029792780763504556,-0.0006086532865122729,-0.0022275012100414493,-0.029539722922126033,-0.0004470441226062105,-0.012623981296211007,0.035912593288715655,0.022161629002786176,-0.007894539807711598,0.004886438257858172,-0.011458390837260635,0.0020747822531095306,0.006487313684885976,-0.027106013014072783,0.009330156084701002,0.009375643519347054,0.005285999351748449,0.008450109703840969,0.007970409457033423,0.009404259348593014,0.003917817063040507,0.013704870468632446
2026-03-02,-0.012084772560844947,-0.008783648639587693,0.02300871084439815,-0.04780772170393155,0.0010367674767834956,-0.013799585526994562,0.0068528439407749,0.002044706526846518,-0.024997150243868838,0.005593932069784646,-0.0030128794209608456,0.010614259264061898,-0.007920575467036395,0.017284908842033486,-0.01522275736172185,0.012946719938788709,0.01335127459785257,0.0056580113034852,0.0053479212361244866,0.009264284717337867,-0.02992512171492112,-0.00123853682102959,0.005296291289147215,-0.02078772816771024,-0.0004153683580391254,-0.011780619690619276,0.019231968350568618,-0.0015654776843943008,-0.023060511760222058,-0.0030082895893682737
2026-03-03,-0.01363069757780866,0.011122953961327786,0.02049194410633648,-0.028594807011887102,-0.0027947811205222273,-0.027069636379746354,0.007180847153921199,0.008517729782433037,-0.022659531060097327,0.004257681964480842,0.0030285239158440724,-0.0026664496295792928,-0.009281444186575949,-0.005381145854954972,0.007208291654004828,0.0026619113144616957,-0.0009950216383379784,0.007877635413544137,-0.0038262615148811907,-0.012121499774374156,-0.004226417942226779,0.02043941181328046,-0.00520875681035915,0.006762716068924757,-0.0005895049715063383,0.026473282853890723,0.017303781336392765,0.0016592683565839206,0.0324344789085127,-0.001350683681657916
2026-03-04,-0.02538902669897436,0.012223348761542852,0.021553366680952202,0.02030431395237331,0.0018251804864248822,-0.008385083635964463,-0.012120687990921919,-0.005130088607356975,-0.0005038829862148431,0.004981210865159458,-0.0005508696783086409,-0.02692338042746789,0.007913779767111828,0.015162639265400513,0.012140954571689067,0.006128057708540746,0.0019998004947923143,0.0017036096763916042,-0.018384298449890535,0.002484456596771878,0.0015049215669240557,0.0022522411185643687,-0.013456773524673449,0.026041618844216963,0.005108000817145353,-0.0004527854883079607,-0.014280728791702613,-0.006818162528476002,0.02919527260995536,-0.002893749696452952
2026-03-05,0.017809421011885762,-0.0157322081962864,0.001966689013969125,-0.018739952394796866,-0.0017991126976396599,-0.014232461301647348,0.0020802126151375777,-0.0011961378605057638,0.002696700086024739,0.004808864780957878,-0.0015877638384140802,0.01530064809938314,0.002557348695319428,0.010788724494426916,0.04075862492985749,0.002614971434272695,0.0013999654213949775,0.006528781868737177,-0.01691086335710501,-0.00033047528405072413,0.004278736815838569,0.01984849213989981,0.011684469772613282,0.012271135069800598,0.02450044884708924,-0.0074602785738679955,0.008073679570923753,-0.0005206337975453001,0.020461680281142813,-0.002107723455254784
2026-03-06,-0.004631601092489612,0.025368704490831284,-0.02196826381489525,0.026577681402404574,-0.00046173905059909703,0.0035910149314311024,-0.004769333921044616,0.007996091606937261,0.030759393194123907,-0.0036145022629389123,0.013314343819835539,0.027496695131378424,-0.013082218130129553,-0.009194284103399286,-0.0027909491524544805,-0.031515591598786696,0.019133514751306535,-0.008314112642698324,-0.015541875142310535,-0.00623104176565592,-0.006658356596415782,-0.0005648487957818915,0.014872034952288171,0.015179554067306311,0.012942978998470078,-0.024520819152779816,0.01128449688170785,0.009622603187725787,0.03485190253756376,-0.010650662447645454
2026-03-09,-0.018589619659061474,-0.007287334687166136,0.007205688684874589,0.020977406644760332,0.01112338408317104,0.014578994026115843,0.0035873986862480223,-0.0029312813403029603,0.009340300599907536,0.01043285765076396,0.009148690331254983,0.022204887309949406,0.017442300593610627,0.025350702918844448,-0.019975645460237224,0.01639633103551774,0.00019053680394787165,-0.007382483363855719,-0.02148868131631021,0.0018026069337826467,-0.0006527572959802441,-0.00721008056922845,0.002759431201975193,-0.005667050194573475,0.009101975713663446,0.012841736557896333,0.008900751110320515,-0.006505297369849394,0.00012366113557771286,-0.005076422828373506
2026-03-10,-0.00434248619286326,0.0019683417402620584,0.013851985180924897,-0.01206656863936506,0.0014962645100151661,0.007946398226839069,-0.0062195990802930146,0.0020977374188480002,0.01836011338068988,-0.004561849942113838,0.00025890461307809254,-0.0006863987065011123,0.008875513045755401,-0.033176101591539275,0.018127525485332363,0.002877663808804387,0.004634266043460178,0.0015235704165799113,0.004443750467513441,0.0021008471283614494,0.0148333489271677,0.001349025655792202,0.01181498084043553,0.012486289298048847,0.0256639323948058,0.014688000453363381,-0.0051709179316226095,-0.0031473167362092713,0.009012765493345176,0.0018789838986195129
2026-03-11,0.00772601223681324,0.014315258679984177,-0.018247957170113516,-0.02038627222679723,-0.0009786894798456958,0.017395252864348176,0.009272938350931126,0.0040122767313528485,-0.01825672887822949,0.014109092675819168,-0.008235861750614304,0.008225115763627944,-0.008381515717608146,-0.0167780190946476,0.0072588742471852985,0.013187750947256882,-0.002354958579204869,0.003950434134823988,0.01175806043010752,0.0096618544709699,0.0021569245271788606,-0.028409643629934145,-0.018580873421127797,0.004395575918726413,-0.0032745227249519893,-0.0047531476070054035,-2.9801031419141033e-05,0.007239027415033794,0.027260112758353605,-0.0014690563473697127
2026-03-12,0.012131889425649911,0.015208131358722898,-0.013379972122923744,-0.002156637965864072,0.004484569498238944,-0.0033123473988377894,-0.003087736907646188,0.009887928173737848,-0.00044709958825017715,0.003598259090697109,0.013786182946147418,0.005309997050853443,-0.008525199979920517,0.010123130628341137,0.021297079345244718,0.0013616665755638024,0.026054649833778587,-0.005191445627444891,-0.004617562052999902,0.01026610010847362,-0.0136806664426119,0.006294948812216594,0.011696860080175453,-0.006251881110476587,0.0009412359761398204,0.0129908303602424,0.0015045616912059412,-0.00036994778309140663,-0.00460597976548216,0.010465933206609934
2026-03-13,0.004634258853756901,-0.006970798833854874,-0.00835189221303656,0.0177438693409111,-0.003070892611442222,0.028942483362434768,-0.007359331091338683,-0.007167078978313479,0.010551885017030083,0.0007864071648964188,-0.02194997922802555,0.033505454055560824,0.007389072144593278,0.0019749634600199073,-0.009505631699445405,0.02531212827063034,-0.012039967315934375,-0.00023083853590122327,-0.03145935381137743,-0.006805960917194098,-0.00688363283385407,0.004442578061441216,-0.006848768629265423,-0.0031600590013257657,-0.00357551134500822,-0.006747088880010965,-0.0046535776937510764,-0.00637462506226405,-0.01214076161424349,0.006309192583687562
2026-03-16,-0.013588881847727108,-0.0025752641328498083,-0.014257506774799533,-0.011927986667586099,-0.0022839986505113208,-0.007191561559091952,0.0014580201106286772,0.012589539899216406,0.03417093112598146,0.0018632183544478043,0.0018576691343994423,0.026533067330293036,-0.009511266664141593,-0.008531963889015004,-0.02010135040791472,0.024876298792076534,0.0028275635440155877,-0.0033494589658963347,-0.0024307150269601285,-0.0012594459755764786,0.012555466029911866,-0.010476620496137845,0.004540575702706828,0.005491494670839758,0.005854773457536044,0.0068969543941841405,-0.008623549579349521,-0.012794180596618743,-0.053031796126953856,0.01201216439012609
2026-03-17,0.0027145813379017003,0.005707802859291178,0.0017659126200688657,0.0014162696816231168,-0.010750391514713131,-0.030532214691354143,0.0023451272624459563,0.008893720845419617,0.007304525865948763,-0.032687759828898266,0.015674616025344923,-0.003222175627754398,-0.004453106583755195,0.018388267003337955,0.001539495724167228,-0.015010913040166995,0.004276060979650165,0.007267049096815192,-0.00035476482428919986,0.005762844326262506,0.010393322896996127,-0.001218807681638956,0.00100380708126524,0.0009640003648694329,0.008429277812471714,0.020635261818351847,0.03186315447891497,0.009798764033617013,0.02901264695093997,0.004993762045725436
2026-03-18,0.023383502130589484,0.0030171395501634724,-0.006784424153625013,0.013371352825838567,-0.0007980826440050492,-0.0005457350236369729,-0.009296804682823123,0.0033304642735059176,0.004261165459526595,0.004296866622643725,-0.00029436217226719297,0.003031223814563999,-0.007095852368518063,-0.006550468905094364,0.008663654113548747,-0.002614382241112101,-0.022644330977022786,-0.006595777373294087,-0.002341902023892395,0.009612205120946182,0.0031425778619691425,0.00776011250556774,-0.00802609838937196,-0.0016512443936713694,0.0031660070332788504,0.015915062360204457,-0.005335204127927762,0.012636266465242407,0.006262517040552584,0.012317962287200501
2026-03-19,0.02221064092978331,0.007808317651158081,0.009123799317581227,-0.009096549693990541,-0.0004927084212443811,-0.012530272869692105,-0.0056708878116359385,0.01837736101803733,0.013701632358479765,-0.0046601676566626615,0.01418875276013254,0.011923870962359029,0.007162444875927321,0.015334109000453067,-0.012128901489809829,-0.02027593217634094,0.007730983477963971,-0.012246620747815573,0.0037475954712906656,0.0024412580265347206,-0.008939255376242738,0.015144206147899686,0.020463390204207954,-0.0038567472974091466,0.006749112043941352,-0.030195432532316935,-0.024661533968398985,-0.007456901573428931,0.012881714741636907,0.012314018155269002
2026-03-20,0.01685102331853261,-0.008409179330235217,0.00580120811680751,0.031945501957580946,0.01473189686037002,-0.0006301897096222531,0.004342968961327465,-0.0046688036679412015,-0.012016133664462525,-0.0009979484923401394,0.005583473996293664,0.00725905418762407,-0.00392120167664356,-0.010995667411382137,-0.013833506851472777,-0.0018307788084089838,-0.007613766289112145,0.0064458282790405,0.0011230686633114662,0.005845087529574355,0.011246658877012594,0.005407042555162445,-0.00916343919547502,-0.011669487176944382,-0.002652613538103088,0.003064132146881837,-0.005240384217544469,0.00033714730608180865,0.001929720465940754,-0.0021706664013190213
2026-03-23,0.016062868081862636,-0.022766878142315927,0.0170458739570718,0.009654865101139665,-0.00751868672639977,0.008470883953577424,-0.00599600514839671,0.006211121047147827,0.009550665639903366,-0.0038544741905107704,-0.0140653845981209,0.007984090440356306,-0.008264543204836938,0.011147377764546107,-0.004040455444383806,-0.0014306228456144598,0.0028886491516653123,-0.00500653870419554,0.0057618266758552306,-0.00642770887331745,0.006077620925987404,0.00632083732420341,-0.002225951148486449,-0.01402315781195429,0.012882484520069015,0.045474654573555595,0.003772915993292214,-0.00021415428861482066,0.0087365557611907,0.005030717412757069
2026-03-24,-0.015389349405337094,-0.018014760528200058,-0.00225765990871607,-0.02201855788783058,0.0005063553872781679,-0.0055840971141256635,0.0014536330069021552,-0.008881025955172261,0.00679948897958349,-0.0012022217970145688,-0.003289309483027969,0.008716990589529905,0.005355774429786964,0.00906370888362873,0.002360348714413707,0.01909373309280249,-0.01162790816048298,-0.014603814966169026,0.0028069275063558052,-0.0012264420879013471,0.007835656947924985,-0.01582334302322952,0.0034710300491440638,-0.004787303788489905,-0.0010525065090661867,0.001672769692322662,-0.02261378116645485,-0.003954598350342509,-0.015380691405740832,0.014501998724449239
2026-03-25,-0.017866613911489804,0.01231007955890795,-0.02528421682955795,-0.008713412401577525,0.008101544866994992,-0.009028638890529184,0.006061458225180338,0.0013805624245393222,0.013868300252198873,-0.003950875368621043,-0.013483629170684797,-0.003403072956861042,-0.01048723200982593,0.001374006138206596,0.006439822072806578,0.011066249354301227,0.021688224028389103,0.0004646551882387939,-0.0034222944939923394,0.00943680846286088,-0.020760592529668442,0.012126476283722099,-0.0030205370609266424,0.01768613194507096,-0.01084052714617778,0.0017358545597179198,0.00449328227441792,0.0007656067201282646,0.034229067835827465,0.0031046472661289126
2026-03-26,0.007759172394728564,-0.006612035449825027,-0.006816703321982698,-0.0086320138585404,-0.0006165636343229419,-0.003553527424985936,0.009192829223671373,0.00787407671409146,0.009923514622454332,0.005230225940156652,0.004175579469156032,-0.004412909444215907,-0.00929859154237933,0.0036117507471769006,0.008754861366070621,0.008208085334393767,0.0017796222644330673,0.003232034859644628,-0.018965015712591127,-0.0037026747322701503,0.012987967592968719,-0.02360686420868452,0.036389016895170156,-4.253458581449099e-05,0.0020206677661820382,-0.011490980920930927,0.01215539624412787,0.00634076114715465,0.02409458308457313,0.008939895750140536
2026-03-27,-0.024924803533837192,-0.0076502078162027365,0.024012067101394585,-0.023611437427697224,0.0034031394010158866,-0.005041147939618518,0.003939092726443327,-0.005739055188530018,-0.02316924782552321,0.0048730680841837515,-0.00473783198229627,0.024326632591685327,0.009340808815444523,0.02955794839902537,-0.01838325066342117,-0.025213760322868373,-0.0007594649760380712,-0.0021302231783328907,-0.0075761751667474675,-0.002037917969535452,0.007763095081997573,0.001604651603057894,-0.007221709142885557,-0.006142756491226309,0.0016140379855928977,-0.01661529847071619,-0.006033433016176537,-0.00501292273216114,0.008839709333476886,-0.0037625177393139086
2026-03-30,-0.0013244510503558349,-0.00630051865179182,-0.011130394315328807,0.03405257546082785,-0.006918292872801768,-0.0053676051445114,0.0018462158385825767,7.715151904097439e-05,0.009132483063374774,-0.003018917354898343,0.009542137801976214,-0.016163409918997895,0.012102924393113224,0.017968409762174842,0.023720298854164934,-0.0028568582261964126,0.000936498439911615,-0.000568611242464212,0.0004398096180771027,0.011305372605433295,-0.014325352851040307,-0.01948503289004233,-0.030063061327583962,-0.014407735562837032,-0.011729682647527051,-0.0037034209917921057,0.013809841764528707,-0.004670613050422601,0.01327079366615469,0.011197956428761868
2026-03-31,-0.011972013025959183,-0.010285602283197304,-0.0020092860330693796,0.019453052135136595,-0.005850279355187227,-0.009664566428199683,-0.004687265518289463,0.0022945632543425187,-0.007840169581598944,0.01284651041713425,-0.01533837481569511,-0.008621442875563878,0.0043762989342630565,-0.014820234752531691,-0.017949695142245092,0.023138464328425368,1.818420746135807e-05,0.014323796448340254,0.01329893811632954,0.01229831352029409,-0.00844567003313268,-0.006387091326104488,0.012579847748469986,0.004483431378226266,0.01819027475214363,-0.00946273423791344,-0.00979760138060215,-0.005688081617736818,-0.001612956625525297,-0.0029942147998632818
2026-04-01,0.0060669683256380225,-0.017473170038348584,-0.010006119166668492,-0.012300625465156867,-0.005638325166284264,0.011610732126180245,0.0026829072437790646,-0.002093348856274435,0.0075487699730543145,-0.024529369684853197,-0.012010461515232551,0.012383022622035389,0.006098363161255671,0.01788026923697439,0.013615418767579657,0.0062592207115379495,0.009218340234205646,-0.0006504172934278518,0.020836017987627242,-0.006417709370648783,0.02892297832126478,-0.0035257514029042314,-0.02372828686350492,-0.012196795860411447,-0.00261280007489062,0.030464420181633756,-0.009155870742412309,0.00761218503693839,0.001406032190989448,-0.002837684437681176
2026-04-02,0.005890558634091381,-0.011365441065028459,-0.004820272508092582,-0.022650487484585646,-0.005267841026796782,0.01550762622126789,0.0014309866027828466,-0.00013300397342330683,0.002181618071151581,0.024363448422300316,-0.008622946285241517,-0.006611655546946538,0.0037088623009258193,-0.003194040940951215,-0.013191035918371785,-0.004176793797034839,-0.011991451276663567,0.017145581682516786,-0.00549719501769419,0.003970807765470097,-0.008594879766172903,0.0030586209953158416,0.02422672600281861,0.006547147835369138,0.005300219363383096,-0.0005456461613634334,-0.015395279552739671,-0.0020304126626961017,-0.011413398322353885,-0.004328188149541723
2026-04-03,-0.024888039136084505,0.0007844761456803351,0.005296779541429153,-0.01896431481448857,0.007267004399884813,-0.003085334046444843,0.02226443463367378,-0.0009193121525734593,0.01645249496030221,-0.02705763932194971,0.006714608101930475,-0.008858124521716082,-0.008684166018611328,-0.032625116531649456,0.016064689534097454,0.03468898449813218,-0.004880596024957495,-0.0023043497010230007,-0.010863050271535779,0.009599807972861418,0.010144920836546722,0.02161276205295981,0.0022749813076188286,0.01517627030347768,0.005462477429556856,0.003148200590074035,0.00802046837022119,-0.008875707968968971,0.0165066534865852,-0.0016018958753132306
2026-04-06,-0.01867830425069683,0.0021913266856854463,0.0007489570994800854,0.03944286956724907,0.00031455706014682505,-0.0038412898716572164,0.001995152343762019,-0.002301729767696492,-0.011752398260699293,0.028682491544809174,4.7671260871684495e-05,0.017718672220206066,-0.010432313786105651,-0.0028172472015574046,-0.0052663682694616964,0.011562008853457595,-0.010177297634932803,0.004395159781456215,0.018686823242395123,-0.010504876089474036,0.021464255837169155,0.01982631610051455,-0.0017699942600832852,-0.006720650932436456,-0.0031381473587717146,0.011024501063610082,-0.013661153124365777,-0.009576867912202913,-0.004186786721006586,-0.010288838847080317
2026-04-07,-0.002109819492982057,-0.008288052443578664,0.0013790748276121256,0.006482583827938981,-0.0004877904170051961,0.0021788129797144506,0.005861801047363668,0.0123357493232501,0.04450110161440013,0.0072401651744149476,-0.0008111490957231071,0.041765012199862284,-0.011777711968055327,0.01740554695416785,0.009481619421232823,-0.022956771055475778,-0.0015991303773718046,-0.006358520277768509,0.017741770066811213,0.0071318074563211376,0.0013353753583547068,-0.0033951036702530857,0.006630398948681782,0.0009497054416387485,-0.00654512730994572,-0.0184576382289815,0.0008601737737139459,0.004034079777847754,-0.004310564403428474,-0.00015761250738599575
2026-04-08,-0.0018641997107302632,-0.006787653699149132,-0.025827427416947546,0.00859709830242461,0.00014748569755584917,-0.009565747938051428,-0.006873627519455416,0.013086421437853879,0.00690232557733661,0.022318048999105056,0.00838698320628195,-0.023694012136660003,0.004021931665978196,0.001688541355230111,0.02962286275179271,-0.002864714146620706,0.013867117459057665,0.008958918356368084,-0.016025992708039283,0.005730933735744959,0.0035369540331371407,-0.020709382904289475,-0.001664293813664619,0.01296046078116353,0.001639594327678573,0.013196645200397539,-0.02340837799399431,0.002413391393390585,0.02342233174438757,-0.004873501663343216
2026-04-09,-0.00017744694418431184,0.012713133992562575,0.008305822019238684,-0.007276927861594729,0.004786905632264915,0.0008196508249507239,0.005053971354666231,0.007942740083898947,-0.0006270695101352475,-0.011074990444921218,0.014081520440153872,0.017654758461408848,-0.01670611551509915,-0.006959392254902497,-0.021368636189690093,0.0018436030826241012,0.005191192500862973,0.009591410066241535,-0.007973346240065515,-0.004365787657721554,-0.0035964640629374545,-0.004126218856018604,0.012657467534052502,0.016426855812582408,0.002041605925587664,-0.004271893423216877,0.008783300228714541,0.0012553593716413403,-0.00967219717070944,0.016607834807166544
2026-04-10,-0.021260864888668407,-0.005987981664784203,-0.006784481786124341,-0.04376731304709347,-0.0036571345299283298,-0.005889599941019452,-0.008304992265667499,0.004671265631506438,0.019602142967530822,-0.0018657313481597049,0.0031036410349827293,0.007641754742419238,0.003982646539803403,-0.002476985349762373,0.023235955658330365,0.012409727278075655,-0.0092785306973443,-0.0065251305739338905,0.008620222207190054,-0.002032411412011159,0.0036290719159568496,0.0011821456503766647,-0.007909619464049333,0.0012219549616634406,0.003428605554838926,0.0196880817002536,-0.0004483624161575328,-0.0008073868661677697,-0.04551255782766339,0.0010833303084005763
2026-04-13,-0.009510268151054824,0.008490813771634853,-0.007594288139425975,0.0004057140956639227,-0.00780318165428151,-0.012601060596129088,-0.004666223645916734,-0.004854078616287616,0.01545594089329505,-0.0013802177187640652,-0.004390195853911871,-0.01565997207621883,-0.00919552345131347,-0.015098429451018247,0.00257473862218216,0.004639237018451148,-0.008396209048422087,0.00426809117040694,0.013471052312824972,0.0013928752858338722,-0.005938787853415617,-0.011413194223294898,0.001676716871807038,-0.010944799532789484,-0.012072910901516742,0.009418382973755524,0.0035934889132598347,-0.0074667502084901916,-0.03776909791521954,-0.013165277188241675
2026-04-14,0.006702002064166823,0.009597629405176722,0.008578678111478055,-0.014806467904966758,-0.005044281765817393,-0.005120374272319705,-0.005391983937047762,0.011403804546222807,0.010009758016876091,0.019706843780612937,-0.006111645812312605,-0.002665274432239184,-0.0020548386333739677,-0.0002924011851489494,-0.0012706033352750667,-0.03263463771715025,-0.0032199295085568735,-0.0009294425129207085,0.017632946684885686,0.0012917763767130719,-0.017203513051075037,0.0023097698411249645,0.02413639697533254,-0.020089975949577066,-0.006193451717545817,0.011047635026697478,-0.0338658805202251,-0.013549377531853035,-0.01592579668821348,0.002823288121362344
2026-04-15,-0.002360472777137468,-0.006525202003703101,-0.0005805070055877604,0.022325291164319028,0.00691336240032725,0.020486755408127832,2.9987726350766408e-05,-0.0014450720851280074,0.04436803717680182,0.017067271982373233,-0.006818066495288266,0.03366515251856139,-0.011483346873614186,0.010180293207787239,0.00812560033424825,-0.031234640875968278,-0.005332963683741698,-0.0026703608769376164,-0.006716838760439825,-0.0011759691824559937,-0.015246498888853544,-0.011260071907014169,-0.01175328087510541,-0.008064095695936135,0.013942353844080158,0.021552734844356936,0.008264440176404042,-0.00772572077178324,0.053479880273099134,-0.011121601958127392
2026-04-16,-0.0028330831176011095,-0.007430770201803161,-0.005474946081348797,0.020056374157266132,0.010115403295372527,-0.009189674378083157,-0.0057757450802146115,0.007705169567926884,-0.02942472215008818,0.005535640898172378,-0.0036435276927297977,0.0034377406505077257,-0.0011250064107332092,-0.0070588096195468575,0.0062931297751989135,-0.013532576861622791,-0.008055067076500388,-0.00033704618248275864,0.003537370460735545,-0.0007929333393666971,-0.00897493142749417,-0.024905927163201724,0.023526311443706316,-0.0029994732039769767,0.00016050733903894,0.02749410816112885,0.0016699679609739615,-0.006383316065535771,-0.004343399603855325,-0.004131192393190486
2026-04-17,0.012684859234071588,0.006006365378095069,0.013737418603249951,-0.005210839368678166,0.01640220608739318,0.013821767984456335,0.003524361010926347,0.009069093058116318,-0.004189827479060271,-0.0016875725651249729,-0.00043216906689269585,0.032222766956579774,0.012914980835131207,-0.002258852026937319,0.014457515398277776,0.034923128235246015,0.002585254199875875,0.006551805109582309,-0.00801915491978722,0.005799735813432072,-0.004589043421386885,-0.011536656573669424,-0.011842666268230273,0.02823160637848865,0.014894757634017486,-0.015691829479133057,0.019300085975394676,0.00010172819110620956,0.015420365187293061,0.006947630844068575
2026-04-20,0.011825108685628916,-0.003358063094190622,0.016677406853180088,0.010732304631468903,-0.00434862021657012,0.004989133937883139,-0.006410246464579217,0.008051035403660478,-0.008254330987399583,0.012533648522620178,0.012128002572393326,-0.01444536284851261,0.012363381109620875,-0.007733550339851125,0.015126784956886352,-0.001819854776054175,-0.0005156337918259535,0.014458214608581432,-0.010978830979804566,-0.002377775782445357,-0.01563795185132333,0.004401873617145835,0.003678396591759059,0.007098885767255814,-0.014014129898614058,0.005364817842847369,0.0016027337271244946,-0.006262167409717523,0.015164401187961252,0.004958648276827571
2026-04-21,0.007734021546990766,0.0025255689620087285,-0.009412294514547725,0.037210092548644935,-0.008242334793730044,0.009930506291680574,-0.0017697788078733234,0.00029940311810294773,0.0042765464803486974,0.013796263223799121,0.009319026958652499,-0.014529067393582618,0.0020819936145828333,-0.01826016053249968,0.029359673152502763,-0.0019129357720315543,0.007335551423695463,-0.003205687504728827,0.00632586987954098,0.0019311922743070475,0.009595968778313813,0.002189357508018075,-0.022530350582847358,-0.023664384031044428,0.004331471154010558,-0.01197112802378908,0.01272569674368218,0.00520024683428999,0.03832908805673019,-0.0004913468567437906
2026-04-22,0.016477664404333625,-0.004595415615091913,-0.0007056102821715315,-0.06162153402555248,0.007021029678104362,0.0029917185725092388,-0.0022807263021040747,-0.008437414129776721,0.01613339345846687,0.0026471297945183103,-0.005335743037410801,0.0037273596145626087,0.002680124381509996,0.0011648177496570433,0.009708945226728494,-0.0018428190139457845,0.005137635418776432,-0.010657879020920635,-0.012185099443665526,-0.006733202635030633,-0.0030433561424111355,0.00011557266765849228,0.0007443827970161632,0.015939579406376136,-0.00665873257930194,0.03292999287899945,-0.00904427844582345,0.01056239793263325,0.02162942088367026,-0.0020811737469680347
2026-04-23,-0.013822663541868896,0.009886894979478367,-0.007407305549761656,0.013593780606755645,0.0029768993476162464,0.003582932121764637,-0.001489233500256315,0.0033423422921148305,-0.009208007764798132,-0.0005835130545233103,0.004906054995627018,-0.046355901012761214,0.0005637787574617192,-0.035572139661596336,0.02896900089578569,0.03350711166292486,-0.002568249360494268,0.009300419989030528,-0.0008147196710139859,0.003148022171693521,0.02398753382558172,0.004466968629516455,0.010944302085819313,0.008444603352910418,0.00623867234533404,0.013366984853277364,-0.02197759486928197,-0.006587430452445142,0.0008260275588958255,-0.0028333456850236916
2026-04-24,0.006035647420077561,0.026305574894752715,-0.005109621249102081,-0.016792634982962906,0.010111218706929437,0.012498175236326015,-9.716073551180315e-05,-0.001145752632325192,0.03178610547937866,-0.0026037458189333007,-0.001493676445016967,-0.0038020121102332327,0.011655237962207465,0.006045694384199107,0.03870677787096599,0.008407899305521216,0.004901641443841642,0.014702181649294488,-0.008071012909543707,-0.008453285279489853,-0.0006991265085400933,-0.004739628330914902,0.0006303973260504137,0.01558233924692054,-0.0009755140363549852,0.001309531322377433,0.003489674037778334,-0.0018624927104589073,0.009560418845298235,-0.00853167058716875
2026-04-27,-0.02305015332376059,-0.017850703411510627,0.03131886295751074,-0.02396636516468087,-0.0072114410505514925,-0.005512314885397718,0.001002233901112204,-0.0020492828180185274,0.0069179610134009195,0.006000116406892797,0.0024795957880008324,-0.013108131794010713,-0.003274009850959936,-0.016076008964447275,-0.0180397114841524,-0.00046292966791883217,0.016756846911635703,0.006854614062469233,-0.007694387363352817,-0.005675556299249873,0.021447806158944704,-0.016014856961575785,-0.008606221896764077,-0.01745112738053134,-0.010947041232468147,0.025986786758018354,-0.007077624001540106,0.0034416012609002067,-0.014275781255851827,0.0052251315926969966
2026-04-28,-0.002280097898406108,0.003211752889960451,0.0020125024475257103,0.026568211452444146,-0.011066378044600533,0.02843730514145215,-0.00016367992568833145,-0.0024396148970311504,0.009663046903626071,0.0025515473667538924,0.010490797607603186,-0.012624629656399433,-0.001937646671446025,-0.02063045371522998,-0.0031342723640149783,0.031065731814124753,-0.01646779413340016,-0.0031058071886876926,-0.005614316654458773,-0.0011180983562302238,0.0037825436383744915,-0.0014740488694882092,0.011223857722457264,-0.005156097050248332,0.002646994165999228,-0.01735905666267379,-0.008712231910003587,-0.0010303881759597955,-0.014929847537706653,-0.0034547717312237713
2026-04-29,0.024071976758760716,-0.009098140838228908,-0.01103502734798456,-0.01717956296266776,0.0038579987706095498,-0.006581363029351084,-0.007415540307460056,0.008026146141132173,0.01196048894893531,-0.008654873963012788,-0.010858246391394988,-0.023066359012187787,0.011447480807999622,0.01457210791114183,-0.003416353935963179,-0.003791260237501537,-0.0041262327094117035,0.016052442492524133,0.02784186954247292,0.0023731765573038466,-0.032124293759562716,0.011256313589042666,-0.001517330540307893,0.0075594613192631055,-0.003904826850948062,0.02356809305932961,-0.0002545647579875743,-0.0046633713681016875,0.006229076178886128,0.0102322517838771
2026-04-30,0.00594940806616906,0.010838426642187482,-0.01485860117182769,-0.02850306320710405,0.0032667460637967327,0.0066189487740764275,-0.0022870902158537154,-0.009805005478107365,0.02692378331336953,0.013620323209658558,0.006871264176069758,0.019798645815700233,-0.00375197411034367,0.014252042196114978,0.0034921077892782204,0.024653205459775673,-0.0030773465415082635,-0.00964430464202859,-0.005855505554800522,-0.003167955024570457,-0.027984486535893915,0.008384631286792343,-5.553994017759578e-05,-0.012262269773248069,-0.0031058824612970604,-0.0016011572580442168,0.013461539306593107,-0.00037381629129662475,0.016935372757425293,0.001726646014656108
2026-05-01,0.0244902997027161,0.008713393492125077,-0.024729196540171694,-0.03650733397511319,-0.007147107373379757,0.0027318897543500142,0.0037569240227242062,-0.009122392433555615,-0.013724146600370135,0.009132745608030346,0.003907729882245414,-0.0006491147225012872,0.018409193880031927,-0.0067173852179923665,-0.0061317971640810764,0.017753416164072,-0.005746568352162362,-0.012202107939945805,0.014965586881668935,0.00035468237549718395,-0.034387732513439295,0.011756566452392203,-0.013743001129973842,0.013314260976982295,-0.00017330440695517701,-0.03462630486129736,-0.017111113200433792,-0.0003274777406807594,0.008827442185455059,-0.005213746610916448
2026-05-04,0.0048128408705727654,0.002795035092853171,-0.016669443384115468,-0.02808546959998226,-0.00260008746067264,0.0017997316110560657,-0.0028100669595525485,-0.010449615237038912,-0.005752543192641069,-0.020731525004431872,-0.005654623557022287,-0.017235071492057608,-0.0012654192681191834,-0.01137001605345589,-0.0036142467247042287,0.0355141498997662,-0.005625232414137038,-0.0008549485780903199,-0.032140999885396426,-0.00384704520761614,-0.009801493991948629,0.0023197716851945938,-0.011919585722303672,0.020291438842819476,-0.012730489247077426,0.017325127561801823,-0.013552764888131397,-0.0022695936212919765,-0.0014972805467334815,-0.002608695834522945
2026-05-05,-0.01646454316763868,-0.0018994198192667788,0.0154032848116048,0.022461417562662067,0.0040446676770575785,0.00487203042435036,-0.010536239469028486,0.005863602635598708,-0.006881544329483846,-0.011520832740374187,0.0029648637083505847,0.030467943963481847,-0.010005507600627461,-0.01327303744372954,-0.009119589738378009,0.028917660435602288,-0.006346697000502832,-0.004938044185133883,-0.010011097974928052,0.008483751705326448,-0.0003544358124152325,0.0016659463136854402,0.00924140664316142,0.0056724940840866545,0.004592386299240081,-0.016711244560047467,0.0019700634672359385,-0.009723836249583617,0.014617531414845342,0.004814091738126081
2026-05-06,0.04330060045316353,-0.010819832791355566,-0.006204394809102398,0.009861305607318016,-0.00036338488774101396,0.004863269604322484,0.0029383641208700073,-0.01453206924608208,0.011044701355138464,0.009888694064638326,0.014370635030647172,0.0007244285187242294,-0.00917123797864583,0.011181631319398422,-0.031195285091473735,-0.01047194517565464,0.0016128764705518606,-0.012009161628688259,-0.011424720485600393,0.0069112970890372605,-0.01017500527305748,-0.0006572250118405121,-0.0184735704841944,0.0039551721351493985,0.00022070647998906345,0.0033720015226199607,0.014040696818183429,0.005662574683661381,-0.026312593504268955,1.9395427234725204e-05
2026-05-07,0.0010253602845649024,-0.0023858545028062617,-0.018657606019721995,-0.013390099643989961,0.0006165523589751754,0.006377808150472175,0.0008733855559759363,0.01400505774199634,-0.02150659600450866,0.00945454886547381,0.0026034504927849866,-0.03182162493836416,0.0002664673374155324,0.005790873312120803,0.007801297085184844,0.006904086386098074,-0.015674792562920592,0.006534842522444073,-0.01051476990763256,-0.00745023552581725,-0.01624082326573284,-0.012800877155965229,-0.00954888551712052,-0.010613573929875053,-0.005846128672281181,0.004535972968645163,0.029932575905316394,-0.0004500120069794722,-0.027002186244456605,0.007516522944874149
2026-05-08,0.029213431554459435,0.012953831891233003,-0.01317462266042213,0.009672316164951678,0.005917675161978719,0.016702827531000608,0.0005476041861784964,0.0023800174550638875,-0.015514133885729975,-0.006835261122633107,0.0008393794465237914,-0.01999658643219182,-0.005248381849416783,-0.015888784699257474,-0.03463034728392622,0.010532344871131416,-0.004258742034491836,-0.0006279791182336458,0.02889961730154189,0.003485879328841035,-0.027864555252413048,-0.009767102821276685,-0.006174498576527632,-0.012928091208113224,0.00030005241384079007,-0.0013849165527525242,0.01435809429117918,0.014647532540968067,0.008677379110024974,0.0069567546877771225
2026-05-11,-0.01320300580342404,-0.010165328020203201,-0.014799423206133477,0.03960420486992544,0.005445505940657291,-0.003646327421108486,-0.007494157209956498,-0.0006145506256972633,-0.01852178243776159,-0.01372531362413465,0.003141658923496493,-0.026557634611713232,0.019818196928338416,0.04714249547645988,-0.0033699312828536776,0.014773173234379433,0.003757886972967084,0.011206547152495805,0.026094048761680533,0.002917828562344571,0.020738158513397886,0.007886237316557576,0.011387801231348638,0.0049560687774923284,-0.01572466333412259,-0.0003923671502779058,0.004593469460717259,0.005500616324154661,-0.03641751535169779,0.007668461708868257
2026-05-12,-0.0033408017843531423,-0.004993998521390153,-0.009650660629901053,-0.022844091010553513,-0.0006084652010315272,0.00667449485911531,0.00496400399561403,-0.003528124457468529,0.008538542139862493,0.01304511572802669,0.000981973322616625,0.003871109792020322,0.007665903010608099,0.020015429509152582,-0.0015272073196007652,-0.028798762232740138,-0.003382799460673991,-0.0028017154619538465,-0.012877276088752443,-0.0020467908902490617,0.004655804136017405,0.003915534204019133,9.020483566146709e-05,0.02254612392468025,0.0016719972025514007,0.04422927517399833,0.010517523521177852,0.004967426543004194,0.014621836042701286,-0.006325123332278193
2026-05-13,0.027117851834568496,-0.0010532897596254864,0.0024436441733424186,0.012573476694091257,0.005244852052671778,0.016586281402252823,0.007775387244847609,0.008367106853910622,5.343094203613674e-05,0.008883500748754658,-0.0018603013231686116,0.05030426053907999,-0.004270943990871134,0.008032303758421122,0.014975393423949379,-0.019012510616786882,0.0016040157766010754,-0.00412141666717758,-0.004133757515756731,-0.0013002978726414094,0.007907037741770262,0.011861640637812476,-0.01085075504350641,0.020366546887667925,0.0020693569797920475,-0.020576653971500547,-0.0014056044451092875,-0.005178152588451335,0.04409812779831723,0.009449855777075467
2026-05-14,0.010794060975755082,-0.0036146419176217304,-0.017054099361155095,0.02517719632741766,-0.010789364583596361,0.013033017738921071,-0.006997407261755795,-0.0010051098436499872,-0.011053563616639672,-0.002419027401904028,-0.014415613614311984,-0.03862255120321667,0.0006172317335924049,0.018151880390875563,-0.015415234388489796,-0.01583243809671253,-0.009784782580915863,0.004943000861809876,-0.0030801319551547746,0.005526735744413092,0.013378304825676368,-0.002007615557091613,-0.017457167446302435,-0.002495881971091074,-0.005727155894361902,0.004074564176018924,0.0054121817738204125,0.006090072775971178,-0.0039035094198343057,-0.007759714216263647
2026-05-15,-0.006144864994558907,-0.003816392885176212,-0.032055488559292966,0.0016917248465457835,-0.000617918170198628,0.0027798469296969053,0.016348682619693244,-0.0003751733856091066,-0.029723290970865568,-0.017850037795957174,0.010709535778458346,-0.022282712885592026,0.0068793759607082006,0.00012510033416779365,-0.00983223532999411,-0.024669526974630096,0.004751271079307173,0.0015801256133480823,0.0016023591150129413,0.0027618917775629193,0.02810305511806721,0.0162907361834157,-0.005867556586879763,-0.006272487771579294,-0.007749866642224323,0.024489043814157174,-0.01947125946448658,-0.008025501493848619,0.006181086742205633,-0.0036489495000670003
2026-05-18,0.008136117203403792,-0.011010031173571577,0.00224722985762682,0.03805619681560457,0.005425738574702521,0.013570802185672193,-0.00888217884357978,0.014396285008150711,-0.02770822230894876,-0.03438715996085806,-0.004029243822452289,0.022063664684481843,0.009749483074342091,-0.012351474924332417,-0.03093361089663882,-0.005271197405558814,0.0015400906807119252,0.005044955578046739,-0.004001295548026307,0.0002761189031534883,-0.022906955901991544,0.000485498598577605,0.004998019791874864,-0.01261422116683375,0.022886174343011545,0.011792838823410756,0.013644136401780083,-0.009240237486871417,0.017769054556223685,-0.0014508741391237034
2026-05-19,0.011583521918949957,-0.0014165089644492257,0.003849930102744814,-0.013247567757995626,-0.005090867977767255,-0.0012908202788319834,-0.01128148018865871,0.006487721867298957,0.04462270821865366,-0.011894529026743705,-0.013014331563185766,0.0003203861745946224,-0.01308509451833828,-0.002843684891998821,-0.014392548923413129,0.019577868511858387,-0.0103036975386962,0.0005935463999326984,0.0012664294831843392,-0.006835514039429946,0.021654430978817807,-0.0015009783816242184,-0.014958606152436826,-0.03231477360853163,-0.001630371065541758,-0.003379757754754076,-0.012977238009014846,0.0005393345432516128,-0.015920671458696356,0.004081135402613567
2026-05-20,-0.025564064264570918,-0.010014788560122057,-0.0042199193748233554,-0.019229162133562294,-0.004858328137403944,0.0029942198786858665,0.008075560433247198,-0.0035622644279478255,-0.0016878355796516864,-0.004567104254605603,-0.010038182005803198,0.02437134677099695,0.0016496080924135459,0.0036392590425180504,-0.03904476786212108,0.007210758473941592,-0.005093465043836121,0.0036255115003789307,0.0067190574108306755,-0.003239899699271298,0.014063033622779164,0.021619921192347125,0.018747161060746143,0.0002280062778690084,0.010291177813970043,-0.00766848127776365,0.0070459389750050505,0.0016666578848980595,0.011819468342044726,0.009296751633800948
2026-05-21,-0.021643576006133314,0.007005520968156098,0.016639451173289688,-0.026593100570978745,0.008284232703339889,-0.02197213311798163,-0.000981057570297983,-0.012514634067319896,-0.01292607549246827,-0.0176162431998248,0.008984902173719611,0.0201595430535777,0.0025452334274049804,-0.023480757168059974,0.03858574234174883,0.017624950263003925,-0.002109135322526101,0.0021126301171214834,-0.009027805287579405,0.010572559568142736,0.01004024571793738,-0.013224178497376005,-0.028307518845445467,0.009442109762227702,-0.00969361635776922,0.02186372270063619,-0.009218444675513027,0.0023591826675739558,0.006867229502942163,0.006700937391877826
2026-05-22,0.02240868086998482,0.03048370582344906,-0.026214972189962382,-0.007104748196742117,0.00021789656606929775,0.028818292547190483,0.01414264612278826,0.002989996930601535,0.006560276279691024,0.0050586388565434515,-0.006243547599001031,0.004373770078019978,-0.006634107664794997,0.01477016498344308,-0.0033165827371808287,0.019699646684791627,-0.00409213654971563,-0.011171643458122271,0.02032690081063837,-0.003301224778475609,0.0023934093668749323,0.018113102400268755,-0.007251043430603343,0.00165404977482142,-0.00014695970146105797,-0.03812925868750594,-0.03140975588584005,0.020152787998360067,0.038076857923178276,0.013089151070558191
2026-05-25,-0.02473149299976929,-0.007245369495287313,0.01630120614964614,0.011443063354865668,0.0015772129183604378,-0.0016161204405267249,0.005695312783384754,-0.003158790742757378,-0.03984539203452442,0.027738269734583598,0.008536329593992642,0.044750144815388415,0.005822549257938681,-0.00045888538857241645,-0.026670876980259384,0.028480420165780895,-0.005378955548050124,-0.007364978651030696,0.0004963448620480815,0.0033836276091940842,0.0005515617827611674,0.0051273485774210315,-0.014597640105501464,-0.017183727919333203,-0.0067761045087895155,0.02319195552955855,-0.011629066593823234,-0.013301076613473684,0.009138028022100508,0.00944116853697996
2026-05-26,0.012106096333130756,-0.009171594772393266,-0.004549448877214535,0.004576294905233258,-0.007058663605446824,0.006374797560328771,0.009552778901955383,-0.008892585445061552,0.04289102338971218,-0.007922846368156655,-0.0032187164198662632,-0.024194669068304586,0.0038534652371220446,0.024549920446556017,-0.009680863341021029,0.035464287337989564,0.009490697907731827,-0.00038714528686745187,0.017182779969863615,0.005532270498286529,0.03287229807373193,-0.005993723350635527,0.017621515055390446,-0.009525025766354833,0.011934684383333893,0.007091547733977688,-0.004451716364535563,0.0030023429339827157,-0.011090939993653515,-0.004820363983506493
2026-05-27,0.01500988444972351,0.015538287033094234,-0.004450329857674684,0.017747983712657067,0.0008716566411379745,0.008249331364324375,0.01605268709913288,-0.0024670914968216717,0.028548066080129386,0.00164645584064127,-0.0014090158105566353,0.008757041258173892,-0.0014853754963251031,0.011339974637559536,0.007221921002650289,-0.007721317732904631,0.0165757054751825,0.005581111639723968,0.008182668529128412,0.0050674217524644405,-0.02618231386132519,0.004040408671475149,-0.011862287384107773,0.012839784874715043,0.00023860527315600066,0.012244606441764061,-0.01402181590839946,0.008700797030283702,-0.0011581755430902785,-0.005839605112465285
2026-05-28,0.014568943962721015,-0.0033919798052922667,-0.017237584356305735,-0.0007024799460549902,-0.009061206716146963,0.005570372619556396,0.001752586876904827,0.002149889401761307,0.02860996822172135,-0.014753555503051907,0.0005564135643889578,0.009298344489543364,0.01361567525880858,-0.009066492977467533,0.02926508526505711,0.009260710787132975,-0.014104890106893198,0.009345072589232117,0.009492396511232348,1.4937272371007282e-05,-0.037040482033096844,0.0077040606150746704,-0.0049491706376968425,0.015656289705911597,-0.010785647262134046,-0.012280024309254789,0.008455090420629308,0.0030375888086480174,0.023004418665128368,0.009225432536996037
2026-05-29,-0.018726988729066085,-0.002020338090558682,0.012446222009200092,-0.03406716297741119,-0.0018708522437480557,-0.006148675294515016,-0.012802616458320704,0.009930446364929013,0.006343670948893321,0.0028270760398612094,0.0037403582006230174,0.0523109995503388,0.01405493305395833,-0.0034110246883488626,0.02458485973664537,0.0033098074110249343,0.022076332829406242,-0.0008897288398191927,0.0007507601063068137,0.0014898174187831792,-0.007821596368286055,0.013703462950002576,-0.02740624194822805,0.023866787525585575,0.0031305604755764715,-0.0004612399613415086,0.006827010652351362,-0.0039084844714726286,-0.025643887816765076,-0.01923210395831365
2026-06-01,-0.015594695054395702,0.017398667720507133,0.021217256095612536,0.039185121236688714,0.005280386365412726,-0.010110736693245026,0.004355887605457243,-0.012230501808238925,0.04292586105078522,-0.0031239919169991914,-0.0030478828582739537,0.007371886798237748,0.004154584408897044,0.0023104042249173506,-0.005115846292678805,0.007349327991830634,-0.0020628918227765247,0.005662688600563959,0.006097331358181357,0.014171320232967632,0.004508616479822702,-0.013256392421497454,-0.019151901891553358,-0.009257738125659665,-0.010049363368147879,0.028338814171760207,-0.0006047862352005495,-0.000873904766820699,0.05316090473249169,0.004968231755467345
2026-06-02,0.009937879334541488,-0.009288029359641237,-0.0023261384425797837,-0.02222290629350887,0.0015421186643882479,0.005128807530335067,0.0014555757632479516,0.006266434677717703,-0.01171784147349364,-0.011926867271750186,-0.0012017386566371968,-0.010806638948123837,-0.0024112422365427655,-0.028330085393673432,-0.03953367357076454,0.004248572783204896,0.01020793056586422,-0.006322820128787376,-0.010640374896384364,-0.006059661763884727,0.012057208443725598,0.01026074240359165,0.00957740253117123,-0.0026478735811024112,0.01217487145636853,0.01137989276432183,0.01192441074047279,-0.006284391188964955,0.007280734495652252,0.0016053675483629348
2026-06-03,0.005142020276444281,-0.014357077172425514,-0.0011190776727939555,-0.000629452157774324,-0.0026414917571474517,-0.00496505587418572,0.0022607125232774195,0.008561218783317948,-0.020022983222919066,-0.004646590708318521,-0.003656304566198254,0.023942873452585056,-0.0010155059203358352,-0.01366836120656112,-0.030159148986990125,-0.026993553665185965,0.01417152564101909,0.007901405202897394,0.004073566192430489,-0.0006288175294175691,0.005720551338409097,0.00895801671545482,-0.015755404491241132,0.013129749380392353,0.004788989460285942,-0.018596025443079256,-0.012391175756269135,0.011815552211000613,-0.018330112012094224,0.003178910531201007
2026-06-04,0.006398566426522034,0.004310310458388589,-0.010096255179075753,0.0028848570753909897,-0.0004719081880247833,0.003386684289052422,0.011546909779058812,-0.002975082504273474,0.011107957129134816,-0.004332061428785283,-0.0038877739473455186,-0.0005838988898010378,-0.016746625844221152,-0.015436045585305203,0.0015336090494584287,0.006990762061967137,0.005009173316033788,0.004382507189995444,-0.008997236470769665,-0.004820294329172192,-0.02404240677517211,-0.01195984647937487,-0.0021630296065593413,-0.008134264265486024,-0.0073142118276626755,-0.020916637317483833,-0.00015409463369486787,-0.0028242800666230528,0.007149753005976978,-0.0070278375254521075
2026-06-05,-0.02302502548237162,-0.015117824334680341,0.007953166724389726,0.015563519821803595,0.009018149673580389,-0.014476123855099332,-0.00024733248889585724,-0.0016831761017426228,0.0003804017668926907,0.0045598338949564,-0.0017203716038098893,-0.005749301010350205,-0.007502690108346255,0.012463912818951428,0.02117921177446558,-0.010684483781202792,0.001656403515109206,0.015704944225088946,0.013521550741288024,0.005432088328045204,-0.004812305969978836,-0.005055222820784078,0.008844486799629792,-0.011935001636194209,-0.0011731376118422343,0.009900122751091756,-0.022011415992418404,0.006324850382924074,0.026975854467112592,0.004888712259013772
2026-06-08,0.0008965603251980259,-0.019602608095183438,0.018494823054325815,0.027010828249126595,0.006514154761675828,-0.005744192445182095,0.00840422464652435,0.005130054883825341,-0.023560194526540124,-0.004880530064845567,-0.0009919854443413145,0.009147038900058302,-0.0012788952891510386,-0.0023370824084001374,-0.027139893389642178,0.005637223863140806,0.001352509676074698,-0.007496977791023984,-0.006847073805271164,0.0002744527695390797,-0.0015291060388855637,0.012375883549523792,-0.00435583469694234,0.015427434723907618,-0.006591134838450419,-0.01026384333128405,-0.018620117513673873,-0.0011586703987098712,0.01599758754936942,-0.005846213454507865
2026-06-09,-0.006476052914570318,-0.00180105520612861,0.018161405681309084,-0.03291180258364512,-0.0023295793486001193,-0.005772852941395623,-0.0014594584938386612,-0.00382575348434,-0.016787077662014482,0.007548825466590081,0.010505922819630031,0.016997195346692306,-0.0015420654582380955,-0.013667174111582137,-0.013536020550845573,-0.0034527032359443766,0.0042441478190482496,-0.005018175348395104,0.0007894205339289417,0.001662870311375686,-0.014604961890560597,0.019447054522134133,-0.027494793206827017,0.013891631285465778,0.010435298628407308,-0.02266542306497521,0.0038481839295410047,-0.006240583553573487,0.004985387936474961,-2.2085434904894896e-05
2026-06-10,-0.003987201062439438,0.02923958742619881,-0.0075055994837255335,0.01319365594433819,0.0049309879547920765,0.009084645704082073,-0.0035107566954666325,0.00341174234361441,0.009451322809628904,0.002761169524566398,0.0030441001987848715,0.007200380065722545,-0.005951082375984851,0.01880920715207579,0.0050477619116564565,9.051247501634663e-05,0.012494454222029328,0.001034717689231801,0.006894767672789515,0.00444247938118103,0.028938751738951884,-0.003639427908740722,-0.008811262095975714,-0.002842897315530335,0.00844899427591983,0.019295337981114935,0.009258966316542105,0.0030617211038685976,-0.041745831960818935,-0.004555523293041097
2026-06-11,0.007995512886346479,0.002434642339741444,-0.01287873216529234,0.016062411335572735,-0.012289740241578584,0.005522101519128686,0.0009018139940579761,0.0031062899142744183,0.014719965983309491,0.014667863064719677,-0.008028670506580071,-0.01839600856759649,-0.001740137946348308,-0.012655077583604957,-0.016720407737263798,-0.033939789278623955,-0.005583613135211385,-0.0017588048855198268,0.004319248532245856,0.007210207594904761,-0.005090462700117593,-0.00047666463256934577,-0.006805867184004555,-0.006239686521534726,0.00703657264629487,0.006765870156132392,-0.002193174949381538,-0.004477277643872624,-0.01266549294921071,0.0021662017470462924
2026-06-12,-0.01874021741941645,-0.01899193084572215,-0.007566772457860638,0.023468101089531013,0.005996808089816952,-0.006514658881319968,0.005950052992812482,0.011252015839037233,0.024987187602600214,-0.004925225445662207,-0.0025473052277980024,-0.007388846187489806,-0.01671235666545845,0.0029049943227088537,0.03143579830482279,0.006279813440230875,0.008491554008016822,-0.0009451770758345246,0.006141456876903817,0.0004285795122505043,-0.0018532076280488585,0.010355748296346334,-0.002879940649378687,0.012188748405936423,-0.007629563036923526,-0.012081865531452962,-0.011039403245494905,0.002321844104879789,-0.002379517069063586,0.0012892507384365537
2026-06-15,0.03125331867119496,-0.004070086252658256,0.013932289052429603,-0.015283636366587583,-0.014564841376874083,-0.011946123693491462,-0.006176522292996811,0.009631711429846312,-0.019304256918372342,-0.0003533482286002254,-0.017305112801646594,0.0029156515137052086,-0.00406831241205452,-0.014461073319107953,-0.011747340849022958,-0.01573512276874267,-0.011361969432512553,-0.018807587187322228,-0.0033226501110384943,-0.014148564373492656,0.005217010404426459,-0.002886515153228131,-0.0009155598941719134,-0.0004945598348586877,-0.011827286233009549,0.031270901344273794,0.0020582854764481517,-0.006355808904646487,0.008066966957010147,0.0014199190553816354
2026-06-16,-0.02457967640141323,0.00796823639598454,-0.027015513397333213,0.014431338127733673,-0.0033961900789735155,0.005637740626087906,-0.0037174396448350633,-0.007106172680121925,-0.01925779121629667,-0.009773767236536113,-0.01477217344886883,0.00882687195271492,0.017651916919658506,0.0028855407469836614,0.02703193486179134,0.02428374085240592,0.00794363881470872,0.012258054591209211,-0.02872296864229995,0.004488550779057743,0.001951803317108869,-0.024135803227788077,0.02221537202693713,0.0003423451920201437,0.006631825534439972,0.009718433087790634,-0.01623338031110033,0.008356093021781419,-0.021388422790963757,-0.001205199014248981
2026-06-17,0.031441357544583326,0.00703893906856079,0.0006920881031065029,-0.008290795424843567,0.0039617584468456535,0.005597178230539734,0.004592125389421886,-0.006128519862099835,-0.026862878406106128,0.014688518813365636,0.0011931531013720242,0.020822216063883348,-0.013241793890955367,-0.022591505523416266,-0.02116662249171053,0.004024676799647908,0.013316452759711384,-0.005949108462244945,0.00462335640379985,0.00031500117595451016,0.00037252256164710396,0.008322813797829731,-0.013429334320192332,-0.005557110129564724,0.0029412638199353136,0.0024573703124626256,0.017891989276698883,0.004049278310571225,0.0028611064361112604,0.005466393293173555
2026-06-18,-0.009645431317018671,-0.010706420350923285,0.015948863477304398,-0.015387854084848884,-0.0014555214493595647,0.007993524694821952,-0.0066210699264638295,-0.0017838303046751047,0.006437615759656179,0.017800745125275075,0.0008211856745872215,-0.0021876707262068473,-0.00483936675895158,0.026079235779395082,0.020993875360270975,0.02370697246196496,0.00827621608561735,0.00405485476776124,0.0052577197527776676,-0.00043975520821903924,-0.016405857655424017,0.011014098313145038,0.01676913507490463,-0.023308050366848243,-0.004562215975480122,0.0073659481116596925,-0.0008358355782649429,0.006594374253381385,-0.006805806151037319,0.008269983555001081
2026-06-19,-0.017890656678755112,0.005901458109126789,-0.0032383331000006566,-0.011779718576525933,0.005464984032973019,0.003446226009135467,-0.007459628304867683,0.005795147759596997,-0.011069625455720433,0.009568629985930333,-0.005034145013338098,0.026318624708581595,-0.004409565452722086,0.03249174246901698,-0.0012011129106092033,0.024592431706279116,0.005602201040106225,0.011515085810943182,0.029893501022961955,0.0008549697062900652,-0.002838266543706336,0.0021008030770639508,-0.0022268886499602347,-0.02420824673394273,-0.0030914465409628278,-0.019087927408228733,0.03198368142027008,0.004790594333838882,0.0031629541659066174,0.018535003500984137
2026-06-22,0.0023630189097407772,-0.0003836952695298601,0.011343210087287892,-0.001955080860836067,-0.0008707028068047906,0.003404038617393468,0.0062397921046963845,0.004139968238162872,-0.010701224875789728,0.002072696189495682,-0.006831879237140681,0.016143394387569288,-0.002753686799128907,-0.015272886801189656,-0.03449137503156052,0.0007813071273690131,0.014752991976893393,-0.0036336385642606883,-0.008690916476486454,-0.0011196705294025389,-0.0074609632784827795,0.010185681170316041,-0.014316417948953997,0.01188196955101839,-0.00892460105912507,0.003784626903557964,0.01288768786873895,-0.00925652293177559,0.011801553652671215,-0.004915999124139092
2026-06-23,-0.00024528331941087167,-0.0016270157221003334,-0.017160398557344303,0.031450294238289045,0.0019488352726599878,-0.006344601868299327,-0.005420665020452464,0.002017263773740119,-0.026335147330188047,0.027092002982097352,-0.0019120212770340483,0.010265002343653018,-0.002484327962558708,0.027149252808638114,0.005782750011686044,-0.020450725445089635,-0.00342241811279953,0.009055772132362971,-0.017457426098448692,-0.011043981864958141,0.014810730129776628,0.0034498535339881897,0.012326215276809549,0.0005150933075246389,0.0049977863144790025,0.022102076109064228,-0.009750401446148804,-0.003453467905003449,-0.020304575656466484,-0.01030720774222793
2026-06-24,0.004214135885780568,0.0026009014298504773,0.011057949339882134,-0.01022700656175246,-0.001983632697055926,-0.006422264209080875,0.01217598535631903,-0.0006098290272581464,0.007584259214334699,-0.0013690294678352366,-0.009135550752485178,0.03184951671856928,-0.006215193930568019,0.005581185615304296,0.013983653697838605,-0.0029192941244641224,0.005221397583265341,0.0024488455280855526,0.031247357129464026,-0.00021388433752278502,-0.011624084065956053,0.025345160378045684,-0.017019716314295885,-0.010788330309247196,0.013252897333621227,0.0222969720046573,0.011245361735308768,0.011257225143848304,0.014111425458517068,-0.009474252414439888
2026-06-25,-0.0063776508326898185,0.029582417726122356,-0.017552310614531663,-0.021621868395568455,0.0029049993431753407,0.011285750934225902,0.001715854566025632,0.0017180312093962868,0.012364517610479853,0.0045454845094365925,0.010817869269992064,-0.009777191507666427,0.008600568401884168,0.003372939843724776,-0.01672993892513186,-0.013807227288567647,0.003846074667763988,-0.0038958800288181328,-0.00994143871400821,0.007898990806263884,-0.01298434747512911,-0.009731379549541952,-0.0011988759310350705,0.03173930660710478,0.007508652598634757,0.03211315680878046,0.014748228718322265,-0.005996802502399201,-0.009980149235418123,0.010418083089066332
2026-06-26,-0.000442058793042599,0.001602550062138608,0.004181096938508766,0.0014258019836139724,0.012307181115251975,-0.006716259390564305,0.005813980953760511,0.004796236020113254,0.010616706700906198,0.00483095334515693,0.0034951982528752534,0.0013010689595400748,-0.009707014055721608,-0.010870205677064204,-0.02463358859074738,-0.009521875033721927,0.0034723971301671153,0.004680515928376483,-0.00589690034556789,-0.0023051137245919673,0.010435797141568282,0.006549484192957644,-0.011540248339652726,-0.005942024818220593,0.004493779184022939,-0.010961933721508998,-0.00023188949808983228,-0.000818053988951295,0.00552431696542266,-0.004334577408061202
2026-06-29,0.03591343176540818,-0.012323297458339488,0.00538755110354372,0.001047078528962464,0.0008250562226235214,0.0073597510944312106,-0.0028378176898632423,-0.008191773135640457,0.005630883973084755,0.010919485059740497,0.008062914668226728,0.031386592931405444,0.00011461240726462485,-0.01636638542194102,-0.03337082172158756,-0.01243947497214537,-0.0065428471596039595,0.014081339377115087,-0.009854557228085481,0.01924632533130155,0.009590372781868028,0.01807454717691459,-0.006827633196648919,-0.008210064802096628,0.005292847537813561,0.022005772405796042,-0.013649396999022234,0.007743964670519521,0.027078100420629747,0.0030180216113424585
2026-06-30,0.013395310580470499,-0.016854188643944945,0.00800920862711263,0.018391476403042173,-0.00688547480146906,0.007079705157591265,-0.006184776136130554,-0.0010900516233398605,-0.007532442566686615,-0.0021817306383271617,0.0054829063793453425,0.0049511285350745116,0.00154193187243723,0.04188621740886278,-0.01124439073505723,-0.012291398861501657,0.00439171427215701,-0.0006534327348525215,-0.013472332741906179,0.008142815746030374,-0.008638769088759268,-0.00896788038847951,0.009696261842227605,0.0037910766242543747,-0.0028915207087326644,0.012759888702218669,0.030359298137248913,-0.00037150105111549703,0.008528881319550319,0.0020002376182168824
2026-07-01,0.02307983547271264,0.022835937643995496,0.007990618720444154,0.016181886188121553,-0.004420588315650176,0.00390726757397486,0.00817648201570198,-0.004548793774669102,-0.02593796660110903,0.04199585933510308,-0.002754777592094859,0.015213772938351244,0.008209880708924144,-0.0205180286818466,-0.00719583977740057,-0.015203490657798135,-0.0186565397616536,0.00861902671699255,-0.013580815214061404,0.00019384212273698687,0.013216139336598376,-0.01092563526828838,-0.006791245805329971,-0.014329170688478055,0.0091435454879496,0.019554513174610655,0.043357534280010546,-0.0031907616681681183,0.004033050488271295,0.0028666872654790065
2026-07-02,-0.019753112772813664,0.0023994899026236194,0.012249711970428567,0.004198024440962067,-0.00513562845850235,0.005431495106367867,-0.005566478478687742,-0.001405232331454287,0.00882778478050783,0.015712093046520215,0.0026581556207416757,-0.02401037827020802,-0.011321818253162808,-0.0023408658169784546,0.005335628562680661,-0.008222041763150445,0.010120510193206478,-0.015040234699616684,0.010165378007148451,-0.0019689337213933955,-0.009405748433107264,0.004316048315591958,-0.0006620861887131069,-0.0059041281767575615,-0.0007153194944018448,0.030763759864927298,-0.004414879008196815,0.006514418039047287,0.05041307461688427,-0.0014350651554263516
2026-07-03,-0.019724990918499108,-0.012339175828219306,-0.0009505934093044788,0.007204483281340934,-0.0020689015889432394,-0.019165320769034988,0.0014472026201099997,0.0033487973950456773,0.0006664391750745846,-0.002340602720144025,0.00032439296812136753,-0.017281032270361374,0.007878716667306662,0.03966665904504452,-0.030444230164063946,0.021590138163684935,0.0001591550463557745,0.006985753399308958,-0.02115620542594121,-0.004055175631675567,0.006794929320941723,-0.0020606910586786764,-0.0029248388365894495,-0.014088323997499597,0.013514234425738847,-0.0344522074529543,0.0068410116009756106,0.004544843904036755,0.04723519852802882,-0.0024370685642038925
2026-07-06,0.012128400999680045,0.027713297408739734,0.0026787421324170335,-0.009857520157052546,0.002629810548585798,-0.005853613987641393,-0.009245929799765351,0.001017743154242412,-0.013504763412881204,-0.00786051278969524,0.007714565292440412,-0.02871233318565325,0.006246618178790575,-0.032691201526760416,-0.00551119930336752,0.01928728635496557,0.015541541400055259,0.0013868098605458457,0.017961807070135727,0.0005085948320291411,0.030906879686853683,0.002726927850212668,-0.014410329664664934,-0.00022005091733867665,0.013108018915641395,-0.03348591889814512,0.009933877170451133,0.0005070391923269746,-0.0034996720968438755,0.016660261987506253
2026-07-07,-0.024587668208353786,-0.010105989092661805,-0.005672415611075232,0.020157793518852163,-0.01102002211174491,-0.020501612381552015,0.006586465067274672,-0.0008423502279197859,0.034985096141517236,0.00216207109726807,-0.007200767513655837,0.0016231849548120625,-0.000449704800575379,-0.007662476745382452,-0.0346052347882706,0.007122356642603522,0.01395725546703619,0.003900784851686323,0.009935571561564993,0.0019085101951610284,-0.008879777001584377,0.00764729327401259,-0.004135116098690439,0.007397525355427037,0.01828950748718583,-0.013255703329837054,-0.007937395301194416,-0.001402560333888081,-0.02390813867096997,0.0006776007399948991
2026-07-08,-0.014569569824925077,-0.013154765422145331,0.013446433994291018,-0.0055769547596502544,0.003922017212820483,-0.01708818972632664,0.008650469406952688,-0.006912403955731894,-0.009825915383006922,-0.009965030966119115,0.006126994660243801,-0.015510944352843281,0.007971335467208185,0.021231230170701165,0.046053696152804635,-0.015034190211886789,0.015780048060777263,-0.015259422446823101,0.011404937331185527,-0.00040077930874138357,-0.00122831810060553,-0.009504427629524748,-0.012856265647543053,-0.013253209763981144,0.01371765276334913,-0.018728173948759252,0.014794640629594014,0.0018760206023937798,0.019260775086438198,0.009073193933543333
2026-07-09,-0.007717652722337265,0.008375255067333498,-0.026420339238269697,0.0050805914276543795,-0.008243660567412658,0.014792021385473086,-0.0023030915161695864,0.0019174403878947643,-0.012951385594661247,0.0016950227810590413,-0.013415326560902607,0.019788610486641156,0.00418528125090134,0.015428490015088059,-0.00475742582259886,-0.015102104979250908,-0.004967332224195875,0.007361955236832252,0.02686539136489685,0.009516972275062763,-0.0038966532356620176,-0.0013676389232187836,-0.0015907841016302715,-0.01029162032845643,0.00806175591100211,0.008593578145157377,0.004035698268656462,0.0030569704149465693,-0.01648963387823088,0.0020632223231626945
2026-07-10,0.01254079601541025,0.0020054619864120493,-0.03187669114852898,-0.039502095350340216,-0.0032796961739571806,0.015562952788429119,-0.0014765325072213509,-0.0003671360185160122,0.023923301986682688,0.007004056439679607,-0.0018705674046616272,0.035195440361697417,0.0025243499078089204,0.003008445985685615,0.004148194664226779,0.0009151433929548425,-0.007724731721826639,0.005956025204840287,0.0025162066186030785,0.0033550590267110714,0.001336079946243407,0.004657258114459495,0.0020445752503071013,-0.02226727857473665,0.0043133630082310415,0.016085678181549934,0.017340234157305234,-0.0008052051114957326,-0.01828181488249614,0.01423468303118991
2026-07-13,-0.01610373226827877,0.011844412812081151,0.0019276652969586472,-0.019554345070338264,0.010031722719659353,0.0013560012508380126,0.0016048862546724774,0.004176588776990897,-0.004892014399298206,-0.012785470975446467,-0.0011473038632064947,0.005333389777736786,0.015208701776191713,-0.013801139136196627,-0.004768830187623863,0.01773236117797472,0.0014470318845818397,0.0032756769703348176,-0.015341405035202538,5.287759306193962e-06,0.02956372009273034,-0.0010046572825589406,0.0017729368244989718,0.008313991404887533,0.018612687941788497,0.013473289686308787,0.0068237135498980805,0.00511235159969492,0.03638003781123733,-0.002983687812268876
2026-07-14,-0.006667222415132734,-0.005652796782579017,-0.003357265531832132,0.01780102135912287,0.002212671018690049,0.009046701241737454,-0.005854884942609773,0.0060830520242896036,-0.008006059326468917,-0.012776436192094787,0.005429805673017318,-0.01855259180150126,0.016181757543840547,-0.006938519938642029,0.007238086234248486,-0.020927078765207163,-0.00163719058666989,0.0025288500850735307,-0.0008483914993867581,0.013576595345271336,0.019622633515492982,0.005020211049616474,0.012349151014626969,-0.016654393473490514,0.0016325530818468437,-0.00899330963422218,-0.017054076946547037,-0.0033317706590374474,0.014744333774831864,0.006388721082077886
2026-07-15,-0.02132137351561736,0.014382589491457987,-0.01836013950964266,-0.016931395433839813,0.011671524820316748,-0.005334499264332937,0.012342919699808608,0.014938738263619689,0.00671855761075113,-0.014756021184951007,-0.0014405537933560586,-0.0033017917015055742,-0.004915399055880454,-0.020308729940798242,-0.024253503311958635,-0.020976992940480388,-0.0024263605615414408,0.002634958611802851,0.019916498977286423,0.003955897523209018,0.002310906638557819,-0.0014862322861199928,-0.008962492196972538,0.0007896945607990258,0.009880098080997213,-0.01696203353218695,-0.017211195085528264,0.0022028704895027396,0.03196627206806402,0.005127255026654121
2026-07-16,0.014857431212743188,-0.007970244877919974,0.008907503311519127,0.016275645344594025,0.005316367765048513,0.011130694384661632,-0.004974768671857532,0.00882815289904837,0.0014600849784192071,0.0016941178276577151,-0.006821663740889439,-0.028682539373195315,0.00582565277594238,-0.019130433185564955,-0.0013707542737073641,-0.010851122562864912,0.008374623698364392,0.012853785674014961,0.02474716474019578,-0.003648794726786919,0.012949942793659242,0.009138742907835118,-0.028836039464943508,0.01893072139665586,0.008397175859496508,0.03468130464391428,-0.010352778011325725,0.0028498529313123466,0.005281906297314398,-0.0014334443271695196
2026-07-17,0.008257312608647371,-0.007940678131877266,-0.004792921213353396,0.025112232943374835,-0.004096994164238699,-0.0056357836699741926,-0.0020841228739236772,-0.013306864975389132,0.01534209772364048,-0.0035988096423482663,-0.002961899837374049,-0.011686627236040081,0.0025665714568581244,0.022420698826676855,0.01855260914729895,-0.01536528624724487,-0.007236343358466457,-0.0022925584096276097,-0.014942136745104917,0.0038705166797945445,-0.02749183004362632,-0.02174678171332256,-0.021206286236215677,0.002279956468995925,-0.015644453794868562,0.004989132165230892,0.017760314041935787,-0.00995287166349157,0.0422448995022735,0.010748269169242652
2026-07-20,0.011633565379906008,0.018396045223292745,-0.006454193882998505,0.005674192980474224,0.0030309055386634753,-0.004888205359390829,-0.007544266459639681,-4.962877151493128e-05,0.008685246763644017,0.016583801170744428,-0.005095919979962837,-0.004898602910716865,0.008601785622075253,-0.003079073009226274,0.014872916222993249,-0.021366122500224294,0.013733580257030198,0.005827381709191615,0.0029042919252189048,0.0035824666117705295,-0.002904367679220865,-0.0011589133759408732,0.004175597671381093,0.00236179892656585,-0.011925050995154063,-0.0010750500809418861,0.012116600425672308,0.004345937373416042,-0.004777519792977691,-3.9395798985375485e-05
2026-07-21,-0.0018374066812445466,-0.005972754038086836,0.029737744348695472,0.015817721381410355,-0.003580064381810688,-0.0028575195460858183,-0.0008216474818562025,-0.004949254523693436,-0.004959496841165256,-0.008685064307755397,0.008539316252872853,0.0022010440083930494,0.009754106115999583,-0.012784190622339486,-0.001623331188281285,0.0009725704122367507,-0.0049952141593316846,0.0035476824893112546,-0.018505763444523482,-0.005097613720660532,0.012657538706992266,-0.005862857095905616,-0.0049643268299970345,-0.017329243800473737,0.004091437631253081,0.0011693346546310934,0.005297077630003644,-0.0020204713622498094,0.002155702127038417,-0.01566747984595851
2026-07-22,0.025763538523336127,0.008515684052305295,0.01743261356621839,0.002165184773402107,-0.002109067940145648,-0.006448958131283988,0.003423745447275861,-0.0017251158850617454,-0.01870322682273029,-0.020386560900796047,0.002150217251413178,0.01974487084479626,0.017004329834304555,0.009837516912293287,-0.0018349478526250573,0.018546558726540097,-0.005478008479118723,0.006070544753989937,-0.011324511895932754,-0.006642439975362069,-0.011774969413125613,0.005642866063676921,0.0042192828632980905,0.016345191240283885,0.002639633336558367,0.012714100876871193,-0.002097538328043158,-0.0005387697432579497,-0.021463010073230038,0.022594351745294228
2026-07-23,-0.007390879519947657,-0.0030543386201510314,0.0024022056424091165,0.0036499829734650824,-0.0017067700200945612,0.00857358246271911,0.0014565427629043004,0.0007617385116209796,0.00995896848218103,-0.023725364442142793,-0.007345859824134271,0.03989015724104239,-0.003097355304374716,-0.021145089543475493,-0.04138015415137852,-0.010541143512657447,-0.004195464099492452,0.00614770283613475,-0.020606024812469204,0.0010814783361217106,-0.02171333383184626,-0.0031990229886754706,0.0053294388769409284,0.0043132793319411444,-0.0015914066198525756,0.03549829514950176,-0.005660252237028818,-0.002892759050875493,0.015484899620342718,-0.001378960328613621
2026-07-24,0.015523679139522573,0.0006624365271397092,-0.005589206649986744,-0.04197632599833456,-0.00518287894376368,-0.01560165069368491,0.013662190160368182,0.0005195376838720289,0.02430238877654345,0.01594493155335308,-0.006567875120695454,0.015759495254029643,-0.0005178926813229623,0.00377157582645693,-0.0051950783489418395,0.019587023058670106,0.02111511395679,0.010618523154274362,-0.0027225754076701802,0.0011360228803922734,-0.006554598083722496,-0.0023871511455501038,-0.0020361917733383583,0.013021459636520794,0.0049661180152034134,-0.002476731746082761,-0.009810607707266272,0.0033246539246707396,0.010809116915762695,0.013159128035352907
2026-07-27,0.016193484552962545,0.010883499150551978,0.005025981312551275,0.010875163875315508,0.01486940755638666,-0.005729336099897453,0.0007662845091289672,0.009879345188256616,-0.009473152720980038,0.004689051377532172,-0.002760400306252464,-0.013296522400938038,-0.0037585396143108296,0.01727248291566985,-0.007205398126032159,-0.0036516746719623683,0.0031290514903379307,0.020597599822235413,-0.015075649566836713,0.0053946270281948205,0.010061029771655017,-0.00884658977318109,0.02330974733298663,-0.02441950233082968,-0.00046753789121201095,-0.003991307409798139,-0.006674466112124522,0.0035625210235221694,0.0487351536344216,-0.0017581960424974952
2026-07-28,0.005951083766185583,0.000414747945705507,0.01812450955275624,0.023389845900444683,-0.0015336239697097964,0.019674868698969616,-0.002420005430258332,0.008045403321250033,-0.0070433405580020425,-0.012508993218571574,-0.002143410018833558,0.022134333578587295,0.0020710266471077876,0.00606838267270593,-0.0022863060468715224,0.006584888492042973,0.005003106089907616,0.01212727781944678,0.030966470205515018,0.006801174859060399,0.01627459154032951,0.002361518028068277,0.014439718869479812,-0.02711392519448974,0.0015711712205335182,0.010368427389191082,0.0045583763181178405,0.00897524503276581,-0.028526147890195586,0.0071292403144511685
2026-07-29,0.00798422889836714,-0.009318208884019574,-0.006802209666781134,-0.02028420130693087,0.0034649947741212106,0.022024599701116365,-0.00012311754720317758,0.002731976313693929,-0.0028132633967424825,0.008847914255260214,0.002723475486629434,0.02094097586093513,-0.0235053439502223,0.014543280711599715,-0.014689812829947968,0.012077238436260407,0.0175378640747903,0.013606522887531503,-0.008699890133169963,0.005738864456743986,0.009691211454335491,0.015897031011065543,0.004701926489206754,0.008731668068004739,0.0037722927648975446,0.01427733402129805,0.007418913047582576,0.006896613498670989,-0.016751041672581235,0.013155884498037507
2026-07-30,0.005103515046821272,-0.02522472860911762,-0.014345581730069834,0.029539394446562728,-0.00673917317254169,-2.4057002296240526e-05,0.015348814124575005,0.00556893936006464,0.009260371838213377,0.005621366443571807,0.008129061458580944,-0.00023475559111141298,0.004925302268843801,0.012267613942913203,0.006674574051785509,-0.043325920415124286,0.008529718045246826,0.01694738242947902,-0.005826996520234551,-0.0023356742138245234,0.0011988745551367863,-0.005759486967680583,-0.004430396127531044,0.0029813857206566485,0.010177723686112694,-0.003417215917898675,0.008211223969147419,-0.0006399927240240411,-0.008819593539697301,-0.001021199580205745
2026-07-31,0.01127108769399654,-0.005287876987567497,0.003958680765157929,0.022387453827439563,0.0004913960357064706,-0.0028522764251580623,0.004582847429041248,-0.004347962447037168,0.0039456556690675715,-0.006293219447235043,-0.003873915208919332,-0.02855177750717286,-0.0022314926594807494,-0.007835153033152853,0.016483679879835567,-0.016050466821173726,-0.003701472496219105,0.008712136987860886,-0.025666872356959303,0.011607165973566147,0.005850844555149948,-0.00258498750706182,0.012205488237620576,0.0002513544986604277,0.030118253623716784,-0.006963644364858301,0.016840047206508668,-0.0009193620723213503,0.025126614453808482,-0.009633612409784442
2026-08-03,-0.009747436108875518,-0.010473999403700973,0.010701194801218783,-0.016522433889417543,-0.0023318263109260995,-0.009233553100702396,-0.0018075972242022065,-0.0013533065548073653,0.01720724153802866,-0.0035336860167434203,-0.016441656018417183,-0.021613290704259325,0.00565944214482661,0.0007667550574437243,0.011408432046403627,-0.0032232439720074613,0.00512627674471311,-0.013310480889858312,-0.014512272342634414,0.008089195815216055,0.027408318911142038,0.005573356668822527,-0.002415775861902114,-0.004441724562919358,-0.00036054271841079455,-0.027836482369092197,0.014686791008095001,-0.006611010922746852,-0.016930514754549653,-0.006477429088107667
2026-08-04,0.006995207751605337,0.01442314034323533,0.011428047330896751,0.01257768569645612,-0.0003679356981132198,-0.0052189563314852805,-0.004804636377523042,0.001045935622923766,-0.011967792610438788,0.014918308711636685,0.0028743064245650984,-0.0013109835353458665,0.008007329770486793,0.034143389660087564,0.020049079433704486,-0.010153399808662034,-0.0072945417522166656,0.015646192180163165,-0.0030057646324785914,-0.005001082915944921,-0.011036324979564416,-0.0027715043412029905,0.006821793410915822,-0.022603835372458025,-0.012188110423990928,-0.01342685410261446,-0.007819516191422626,0.0018130493799302094,0.01669943270951424,0.0004961149218931649
2026-08-05,0.026203262881479672,0.006180473357056293,0.019930129221163773,-0.013096473780541351,-0.00939474185869238,-0.01417142228455337,-0.006608566611098765,0.0029959773088497066,0.005383767971772313,0.007481364567739401,-0.007989041144727094,0.013253805485332615,-0.015118341764711163,-0.006897887750352494,0.006661653913071497,-8.474221674170668e-05,-0.0056808451746174216,0.01668788823752476,-0.008968917647039776,-0.001777287132130434,0.007960082907956467,0.020998900892753136,-0.009809808318024582,-0.0008482182385317616,-0.015094403181193594,0.001459925846690746,0.022667286207942672,0.00631518290283184,-0.030524499687332618,0.002367751999884371
2026-08-06,-0.004327732631002168,-0.0008240068633269537,-0.012766606482114251,-0.007516115177963578,0.00040432900982212416,0.005232649594942185,0.017017467589357516,0.005271265648575385,-0.005756884167334775,0.014158838080291947,-0.02110054095015801,0.012837368153953976,0.0025913186135786415,0.013838635582354541,-0.023106818263602835,-0.012627246410235604,0.01924265017715543,0.014847832628618551,-0.006525237921874649,-0.007635950518234402,-0.009397819750854963,0.012505102527963219,-0.010998702443154706,-0.002545325285221778,0.0003189709228448301,-0.035235503453881045,0.0036339668283096316,0.015342625867191817,-0.006694883088312453,0.015393113142887938
2026-08-07,-0.011857638014595384,0.029340173220923083,-0.0029597247078093636,-0.0025469576666896643,0.00017006273645514547,-0.0012079368764854603,0.013045378669180208,-0.005865173160226389,0.012659101243849724,-0.01994244710162152,0.0016585958256725153,0.004481403390590444,-0.005909702402656758,0.01944514784078244,-0.005303911502114733,0.02648235009188382,-0.005733479003998343,-0.0002762925738845068,-0.0176208271155468,-0.0027763519742346476,-0.005738478504764943,-0.009739446704188914,0.004924757144693981,-0.012594220046614257,-0.007992932707402423,-0.0064765119853877895,0.023382302742866123,-0.007137943775675781,-0.04272202224111721,0.005762680941064691
2026-08-10,0.014587349209717049,-0.004465423850935291,-0.0052862775278210705,0.015335278026756383,-0.001336681878195467,0.01473517659482515,-0.0007444761080078743,-0.003146588512987436,-0.021552862674911966,-0.004455560945231696,0.0005055788899206437,-0.029758839704660422,0.0019582983098906936,-0.010566939511760798,0.022805214368342597,0.022260592373547494,0.0141409375590964,-0.018608819657480957,0.010455863548143762,0.0025653838887162994,-0.01584861926156156,-0.009130081355563702,0.00013734227034190027,-0.006841165866064869,0.012328537067034961,0.001310429261217383,-0.005291635449165444,0.006083254918627379,-0.008858444287854428,0.0012972364278451831
2026-08-11,0.023819982129277717,-0.02569063536201177,-0.004923692018638737,0.02655295573911487,-0.004149367408140758,-0.024617593085694556,-0.011537672159773193,0.001073589056685309,-0.01281030745486178,-0.02642737335501899,0.015356993878101521,0.0019190894391782898,-0.0013533515572581312,-0.005567679291249017,0.022125103414539327,-0.0020408583941685654,0.008852082025294195,0.006052429622985578,0.02602368718957293,-0.001577144153225185,-0.011721622711207358,0.024643418050088073,0.0003053663181631361,-0.0021026906594991956,-0.012479969299822313,-0.01846972874457975,0.002179574446700805,-0.0031158758244427265,-0.023187083865322533,0.0014300803017575081
2026-08-12,-0.0023243403901465065,-0.007783858416328671,0.010479666145174482,-0.01643444006331385,-0.0039055678573741703,-0.003260857214956059,0.00030727825094900574,-0.0018305167773770004,0.005220897907390443,0.0020932430614095665,-0.016790679658810648,0.0033683216128392868,0.008085579366326145,-0.019879466178868932,0.02734022733465813,0.04928942024992611,-0.0065785059863028295,0.022160872355508676,-0.0029419399550715264,-0.004054561637004794,0.034253530579731795,0.009010340525537508,-0.0006003472026903101,0.012973134434214106,0.0011134157836689695,0.018588695344946116,-0.01089410156818249,-0.0016194973671194157,0.0027427144434444273,0.0015341632193563992
2026-08-13,0.012994710593366765,-0.0010128791497373557,0.010891823078494456,-0.023156604810862125,0.003018355053569177,0.015228013865840495,-0.006430014283041241,0.010137766387611213,-0.01086758658142839,-0.014651943746401885,0.005409058518549781,0.026224355467967086,0.004027647251527933,-0.012809110963392434,0.017456418316991185,-0.020987868507028162,-0.009464212533191518,-0.00019360481797925377,0.016668918610702743,-0.0049575440962732475,0.03193178452623657,0.009424805861062424,-0.019810462433012543,-0.014285751623889453,0.001630928339396931,-0.002252977103409104,-0.014941276758875466,0.0014710423961263874,0.013783921964689805,-0.011991570201976609
2026-08-14,0.0015608138470837307,0.009951229326984334,0.008081634102405921,-0.01464264812749394,0.007198554028201576,0.020256328174625526,0.004477240536645777,0.0022908839236743805,-0.015076536574588073,-0.003469842814186719,0.0004332345378543767,0.021700686136871372,-0.009389501876950535,0.003319375191692675,-0.002428161625412484,0.007361278573403851,0.005859995197071921,-0.006061184342459169,-0.003769562539827742,0.00030745125140652085,-0.018936429982042036,0.008328693951985988,0.0037560185579157412,-0.013735816229680897,-0.0029719960298419945,-0.020500792318714822,0.015321775229922174,0.002316448485164324,-0.010438162903836257,-0.0007555050873586655
2026-08-17,-0.040015279262639036,-0.0031315259943086593,0.024204822625156996,0.03706141906686389,0.010403948228684845,0.01499183774253754,-0.008250285130455559,-0.0004984793315365721,0.002168374287563335,-0.016471513167243046,0.005699422271898014,0.009145063406381215,-0.003934719952594978,-0.012604822783402359,-0.005609900734350304,-0.0017983348812836697,-0.0168527274452015,0.0007793869478678328,0.007616693366488736,-0.0004778159539478022,-0.006984905754963133,0.023395460533972567,-0.010882720948468427,-0.0010975885765874827,0.004304244962651138,-0.03118864761096074,0.014741430824822599,0.0022163748116390547,-0.0005412391221535362,-0.013565246777055728
2026-08-18,-0.02525694944641399,0.005508077985942661,0.00020584223815944824,-0.020959867901802598,-0.005517497201114496,0.008577170114095534,-0.0038569146465579074,0.005775930649146277,-0.00393991449809461,0.01710304707250554,0.0049732393360233385,0.011908016422731205,0.006135622121380857,-0.0020784827145667872,0.030899928873123983,0.0036693288066842467,0.0003359915231453403,-0.001996429028433,0.0035386270309962775,-0.0003586571397965477,0.03071135780047185,0.001536961555063332,0.011447207716590357,-0.011880748717759126,-0.005604139136150543,-0.018838484386339283,0.019653268379729028,0.012504897994770614,0.04415010188000856,0.00012896014884034024
2026-08-19,-0.009906986212417257,0.015719629910621258,-0.01621017109083933,-0.011094804426343474,-0.006693742775543021,0.018660678829377053,-0.002885175146463026,0.0033596130184787576,-0.0009683797191304411,-0.005157958510637162,-0.009809937164357296,-0.0028009186356479088,-0.005680426773341241,0.03611255340475239,-0.008619616164862842,-0.021166240318191698,-0.016934365234817506,0.005623826191854198,-0.02280397246103283,0.005767190285406398,0.03100627982344406,-0.0024733723598803214,0.0007759876985262704,-0.013215244627826972,-0.0018489712657489,0.02229142105432902,0.0045279791893153565,0.002050479885242984,-0.008484053674666314,0.0025804281190593414
2026-08-20,0.018539235054604752,0.009960768496792838,0.020844286299200432,0.008109473062061223,-0.0011214601093938459,-0.005797089839207348,-0.0015294808935506499,-0.00011545472268703616,-0.014570822763870672,-0.01572197729177116,0.014379988725641502,-0.024105623991180436,-0.004117591655972919,0.02231041263542788,0.0020027814116483356,0.0424178937637536,-0.009785579782947251,0.004147919333422845,0.005037775440469128,0.004609782391950201,-0.009641778177795768,0.01411880138494559,-0.002272011405686225,0.0042713507366709536,-0.01571392739430888,0.008486562806641729,-0.015652979658931643,0.004002717012789425,0.008659887433120739,-0.008465665995473493
2026-08-21,-0.04174988009054581,0.0034996471108472704,0.05621332253838163,0.04930303567339056,0.0006668954257702531,0.0033478772553925396,-0.010354744390643433,0.0019667434956061047,0.01601678694987796,0.014197157661077986,0.0014389552315225984,-0.0008468975372035725,0.007248660621079539,0.03379612975272317,0.030740255403288286,0.0026162497778794425,-0.018019385912063535,0.005437661602542665,-0.0007692319361606303,-0.006820841540896683,-0.010023782215725419,-0.01812965291003399,0.0004296267529604325,0.014627154249872154,0.009468670239382915,0.02297419815471735,-0.027684646766906296,0.012778233900665237,-0.035693792508234345,-0.006782488449968094
2026-08-24,0.006620554976916049,0.012327888375232465,0.010467644410639743,0.014401883033281493,-0.009958344734153579,-0.008049938487725172,-0.007825371056144559,-0.010455219726648535,0.02099877908038983,0.013123681523530939,-0.003379700700485544,-0.007164995333138413,0.014432114461677026,0.0014000598491969996,-0.0038207925925923814,-0.005930867604406864,-0.010090895424180402,-0.002552037754352754,-0.02600276049669381,-0.006706076958751583,0.004697919542008933,-0.013743091730791912,0.0019292547443712227,0.010466956396108618,0.0176838424336887,0.019223165368157158,-0.018052556342925574,-0.003292322957341831,0.026197563754491338,-0.004720828107419139
2026-08-25,-0.02953377478787511,0.007986685957124928,0.014252654388160702,-0.023677022161829653,0.00979862001688514,0.0032099484644505516,-0.007253486475337745,0.0027557647737916913,-0.009085854363595325,0.03010525993939739,0.021105260061485387,-0.018085982264735234,0.013056603807587663,-0.008054246711339919,-0.018668028442093254,0.0005308123767784334,0.011658132587326397,0.01307727253712554,0.0034704181201503648,0.00554137492480411,-0.007932504786200889,0.005528735384337846,0.003162135881011441,0.01627313500949157,-0.0039128688767487985,-0.016221562795500688,-0.017440953930261793,0.0007477099459800574,-0.015898862496744104,-0.0013477659700427136
2026-08-26,-0.012628399519350353,-0.0033183343256159015,0.0021735226904584515,0.02758168081632406,0.00894798711373257,0.008953872970660193,0.0019304691998551782,0.008075995995393548,-0.0006298068043040228,0.03616939078802828,0.00560145633197906,0.010737975970294578,0.004473434775187579,0.009349939234172044,0.02161332285427786,0.013220372252920498,-0.0012118278890251855,-0.006136435642856375,-0.009641817682470966,-0.000969001838193595,-0.01608631729079102,0.011320162272063117,0.00753948708888319,-0.004021950197005686,-0.003686595664468273,-0.010370883445661505,-0.006322662007736235,0.012157600841083305,0.00462429615612292,0.009651275170790674
2026-08-27,0.01123978775178247,0.009439043796537705,-0.016875479698109652,0.023556985338713643,0.010829909891577394,-0.017107582063344062,0.0025883800280050995,-0.006135252326006091,-0.0005768260389353852,0.005095058339342318,0.006880830676759153,0.013314660951407653,-0.0009517964842646887,-0.020308921129341795,-0.019761399681169523,-0.023545334731370438,0.008787212508091002,0.003164757932516915,-0.014488076371613867,0.012747099263001216,-0.01540468822682639,-0.0068491029144721605,-0.017224866405172734,0.013444307695566371,-0.0013432898101861657,-0.006245366768175331,0.0121923413781857,0.0034264951149871603,0.008137375542900838,0.007740942155578301
2026-08-28,0.015811195575925696,-0.011560581657487967,0.02166621606025476,-0.005876558993167413,-0.0033281815102329526,0.0016984395924366513,0.020692002717854985,-0.004570707364423887,0.022483688318366557,0.008964439833507809,0.010277461105277608,0.0050611544723395685,-0.003597168247842508,0.02835607598063339,-0.0003388378229376432,0.013453187356758267,-0.0046269984299934785,-0.0036647920725176863,0.01865223986232567,0.0019376303180520527,-0.01904838142270493,0.0023711066753593357,-0.0035625900873862415,0.003543786478345634,1.8807412749621832e-05,0.028610926962975736,-0.0024379193091841334,-0.0043742629767584695,0.0010599992397950508,-0.007582525147404984
2026-08-31,-0.009246465197566778,-0.005454652132004356,0.039682354597501135,-0.010815255507077626,-0.0029317303645268744,-0.0025791143551814333,-0.011614761281918295,0.001251574171455827,0.014443739037015124,-0.0029416221013183197,-0.011925031963461064,-0.00933924472783687,-0.0026281925742637213,0.017273972441340213,-0.009502005896079746,0.019511872689616405,-0.0007929718540259367,0.006705582332422466,-0.0006950226013100469,-0.002045201298437993,-0.002562972537324404,0.013175021415066102,-0.00787051649190218,0.009850165417539358,0.010381601288955267,0.0065039069822658835,-0.00010294835752133746,-0.0035688709202892355,0.038777940448528,-0.005730968514804591
2026-09-01,-0.0064082657440333035,-0.007277368635359771,0.007787206198990981,0.0021841271448346244,0.0021063814291968352,-0.012221742067487273,-0.0019395514626778798,0.00045943000134829326,-0.00837380447707603,-0.0001749530653873954,0.0023828159263989956,-0.006695560080153373,0.0021895622355905253,-0.0236175935693278,0.004507217330349533,0.000972699081028372,0.0015794521183545296,0.0028605854934946606,0.009407127677145688,0.0016500138094048822,0.002083034445546472,-0.00940085613894992,0.013007382381260202,-0.0020813342931873535,0.005262062698632164,0.018523471342505093,-0.012145438729158187,0.012525758249964491,0.011076852943651128,-0.007804370612836342
2026-09-02,0.008916960669130836,0.00405498934591586,-0.014247707542030086,-0.01245584671586153,0.006568724032897322,-0.0006788006275791902,0.0016993668234666082,0.01010840594443052,-0.006466403826654976,0.01827716221514919,0.0032226735804108397,0.0006113524425110928,-0.0007729708980087624,0.00977843531932665,0.019235162823802776,0.004145650814494584,-0.002677016428985768,-0.00199182625159533,-0.007820368942470846,-0.0029269933552961147,-0.006764488301131855,-0.003021867130997724,-0.01515179014101753,0.01567959437577815,-0.007111571735384681,0.006286724939804644,-0.004554320153017821,0.002882484420910769,-0.010282715239730011,-0.0012366309919552565
2026-09-03,0.023702076096400626,-0.016595430009395784,-0.014973955941099626,0.005236939392810225,0.0035408457839825047,0.0051013116239473355,0.009673580802089798,0.008608704881318374,0.0019714680372497906,0.01567973113144716,0.014309366097730702,-0.026407331829849223,-0.015257263158583334,0.010886696082264447,0.022354845368558696,-0.0030922544828443366,0.00015669860443257022,-0.0038726261811306006,-0.010932731311461885,-0.0024633355636921594,0.006681748179391933,0.014318356186805659,0.035724217756283094,-0.008203100619683101,0.02196164716486715,-0.01203167484706158,-0.008572935828306538,0.00676018668392997,-0.0022581670755530414,-0.00934579069343
2026-09-04,0.0026543429033953903,-0.018578498093632434,-0.01767396725640713,-0.009855812953640353,0.0002538366599198483,0.008230878227515115,-0.001245235022905078,-0.006769266453007461,-0.0041862819074104385,-0.010958302546526077,0.012916806491287236,-0.02172978325159769,0.011216358613208133,-0.008221349745179074,-0.01158637984182076,-0.0017797102639447449,-0.014128013255807703,-0.0073432514112169445,0.010423888405537207,0.00865057765569932,-0.005711060621978903,-0.018465879838532873,-0.013458766712739378,-0.004719900294604007,0.005657029389793955,0.0036542143939994887,0.012948538798240872,0.004543129260567547,-0.02730837735219449,0.009273538766729539
2026-09-07,0.0010919348009013063,0.008553694186941518,-0.0006569064443147088,-0.01573350100964832,0.0024231368501388406,0.021641193272873727,0.001011260164900163,0.01017824731959438,0.017957749745966645,-0.014946649216476926,0.002610552393837784,-0.005131235238922005,0.003489383224665188,0.013545382605514078,0.0017467586920001388,-0.011777374607869429,0.02012540660095996,-0.007188900319261005,0.012718110517561332,0.005531800764094763,-0.011470550967867421,0.009352897396822879,-0.007491829675302708,0.007000802735703804,-0.007211965641964357,-0.003954403137178764,0.020995232611944692,-0.0029116880104410603,0.0008472658460250138,-0.007675558459989906
2026-09-08,0.00909438637350557,-0.006460248974127336,-0.021398961137416572,-0.00010354260912659452,0.0021275982360626777,0.0020404502806656843,-0.002411745694554601,0.011177402434629835,0.031241498704371873,-0.007726793340691374,-0.001260533870972247,0.003345922443150462,-0.004646437359157374,0.006051638912389912,-0.0003263714442314214,-0.014362414348238595,-0.014783547972239242,-0.0018521881367264958,0.02204778637132132,0.0014020216564780696,-0.0036290980335724754,0.023751974624362848,-0.0012041994097359288,-0.0018983449434910593,-0.015267226560083835,-0.005692588765115469,0.0033791842308990017,-0.005072819669149742,0.019618110092732843,-0.0022348492597483727
2026-09-09,0.010373255455882413,-0.01492158087856954,0.0018020405425667185,0.0028302017172499028,0.0050766166183970896,0.020225106243786595,0.008891072435354364,0.004410979244118707,0.012181601171308953,0.00830374592659111,-0.011730770553884606,0.004945790671818218,0.007949660400836889,-0.022192260717231238,0.0008825759362565133,-0.00809284718464176,-0.00901291362150114,-0.0034348040919754963,-0.025345704878729558,0.008066715805850055,0.0025739650808667136,-0.00796198843871021,0.007201294638078171,-0.006391303641881452,-0.00156911124672654,-0.009548137968948378,0.007543597700768956,-0.0021495724174526165,-0.05136823502028587,-0.005870341392649969
2026-09-10,0.015259624879138789,-0.010694007237373127,0.0033970231635298553,-0.0138540892549186,0.008432451148365105,0.00539591361987779,-0.009113061685558588,-0.0026340962488867747,-0.0033576228256217977,-0.0271712437476731,0.006394568896597619,-0.008875743912916012,0.0001706314391434205,0.02617644010020026,-0.005728495349000218,-0.002895778431765139,0.0023295892799481965,0.013308283109699559,0.005386704135839748,-0.0030701367738201757,0.0035054779025409655,0.006936701165960457,-0.003388329121381317,0.005471363648043681,0.010942232910628347,-0.027252867915368073,0.0007903713283581304,0.0050758948885425426,0.007595322662851789,0.0033501532772048925
2026-09-11,0.0030925923921001353,0.01127740584814263,-0.02692635159265555,-0.009182480615876343,-0.0005151040443678312,-0.0012092588463487042,0.010389264852906699,0.002902565173264593,0.010421421919824425,0.007943998938878316,-0.004602870201683262,0.039326839953473636,-0.007910650537104935,0.02619916448466042,-0.005548166199503934,-0.03230487685251893,-0.008887724327149793,0.012886668041967253,-0.00043398380528936187,-0.00048370732415370377,0.005483562830556066,0.0030588090629914966,0.008376721742006765,-0.015094925820051341,-0.006423942904336344,-0.010182231861987523,0.02568361671256425,0.0018159836394742168,0.0013678005895647605,0.015624157792821336
2026-09-14,0.0015395276435132832,-0.0006251554356211386,0.02855001358221032,-0.023279222801299126,-0.0017089317409436644,0.002101066831459164,0.0017720999081765054,0.0011831219488573907,0.013360619787343264,0.0012230523557275053,-0.003910159263826318,0.005343965513885385,0.005202364633934975,-0.00916712806954123,0.02593636363753382,0.008366890604639687,0.002586351645286422,0.0042201212648431685,0.020988728929389966,-0.0003028074050969165,-0.016558920298689772,-0.00846854031470845,0.018884188086329523,0.010268760153014922,0.018142033425497806,-0.0013534789973591588,0.0005603094278923137,-0.0042069672275085734,0.0108713649042953,0.010523335395207889
2026-09-15,-0.0149891415955965,0.00012263587727301406,0.020598532289074267,-0.003895793521330293,0.011299051661822546,0.01130161386280304,0.005907056552285628,0.008277175487701571,-0.010752730763021634,0.005742501509896636,-0.00531942713632938,-0.03963006165192362,0.0010913362739473076,0.02239326547106857,0.0317366841754374,0.008992602914302594,0.0033666948147732523,0.008568590988757396,-0.0044126477839836475,-0.00476689123937124,-0.012310737834528518,-0.0007026830838536835,-0.006864994485413889,-0.001177448288228633,0.010056409697671187,0.015738873333182912,0.022043383062679833,0.002703448359726579,-0.004579736745240592,0.0044669474487948335
2026-09-16,-0.030459328633249405,0.007799936154041065,-0.0027544608376800506,0.013553552787022305,0.006152694435663353,-0.006830976790630494,0.0047426211712493505,0.002837408371895167,0.008749419748092846,0.00795842157482296,0.011328799334070938,0.00937525642631365,-0.007699296893407981,0.006203852656747388,-0.016723373398690233,-0.011396784017756456,-0.008117126775488814,-0.001089825869787897,-0.009753853962506387,-0.00208777728249121,-0.022204463561634857,-0.0031981828113727406,0.017360825986674433,-0.0006564842591693099,0.010744751149076581,-0.023924187521767948,0.025969229574484443,0.008941869351947629,0.003437078003187821,0.0005298484871465448
2026-09-17,0.009133170606964836,0.03195532678506341,-0.006606845713701515,0.02894456879667362,-0.003455974219702118,0.0031058601202338387,-0.0012572088794757796,0.006267200144959961,0.015491720723983082,-0.024244055305013057,-0.006335687158092851,-0.0038360805945808485,0.00816756089866888,0.005726984034965854,0.014094030579215655,0.0039315305355664965,0.01333063843136939,-0.0174840314916066,-0.003173408469554495,0.004125798831944749,0.007483135098811822,-0.0002564740979167368,-0.0016199045961584613,-0.008549280297095452,0.007826937960094149,0.0023398187788206126,-0.015143414169172864,0.0038061332154042393,-0.01206555449043245,0.0006671903935131507
2026-09-18,-0.003700014770252169,0.01222075174804682,-0.01689917477507774,0.03937148726684048,0.005664186062567689,0.0024250582366520668,-0.004022642618924932,-0.0036837503113053005,0.013322989189041179,-0.007576145299018289,0.011162534348317044,-0.007404746464887979,0.0010747595621372064,0.017714483996580155,0.0028698473453299123,0.02565384793547021,0.006004403814914294,0.0013298923057161183,-0.00542307101380235,0.00021592937114323085,-0.016335802340455396,-0.009193936002701464,0.0011787841556014644,-0.0044170943244239425,0.00782182747171567,-0.0035233329967723215,0.0205841009405896,-0.01799352131012044,-0.011443185485476737,0.008609067535506831
2026-09-21,0.014818866236764539,0.01089483345185327,0.0030900653436294334,0.013859574033836974,-0.004186145078932779,-0.007436488726308199,-0.002398540338957922,0.0018076839478586848,0.007190986969356716,0.03005936478005844,0.001112989087042049,0.04501843484504664,0.005641818009754829,0.007179895573623529,0.04799786402712991,-0.04953389424789678,0.009076470283855942,-0.009184618211921958,-0.024381673406368654,-0.001241189880566318,0.016097790760999597,-0.01230270555239843,5.785690152837475e-05,-0.0008779434169012834,-0.008876133132037167,0.01770297022070788,0.01913968617952455,0.0003064667123902076,0.008877294934861002,-0.01584441400048875
2026-09-22,0.002442626461680364,0.008657749633252054,0.012703886223094818,0.010999904062955146,0.003458061018476455,0.01050326609045582,-0.0004551227355769072,0.0017317269855012807,0.0038643552786092883,0.01721363508306517,0.009110161933526317,0.017807806678842297,-0.017104379887953658,-0.00924056856447597,0.007191727302874318,0.004498985055083615,0.0034397889414763405,0.007323961664097212,-0.00516230704938947,0.008514697339087274,0.0029543832462284314,-0.013728714378492213,0.022792868641690278,0.011006931403056974,0.0017752125504366667,0.024356306028334274,0.02134091028671259,0.005681818324963839,-0.012989341437885105,-0.001183010064304768
2026-09-23,0.0010041181626030404,-5.086234018958358e-05,-0.0010826199523391589,0.010932012739098829,0.004731199501680106,0.01653145525142019,-0.00565527809789268,-0.0009144692062794668,-0.011723525109919142,0.00037897447551560326,-0.0005803286299228549,0.02747251267383266,0.001223317725445927,-0.04234399221842722,0.008834056979810878,-0.0011533635325415847,0.006551247011892691,-0.01599129007957878,-0.01387995415040022,0.00740248386998954,0.009594398201654863,-0.0017328974452869295,-0.017303551700647124,-0.001758987909522003,0.0033323197852876962,0.01044590858133776,-0.02320451680051916,-0.00436523624532803,0.00577286519995357,-0.0025934201945765345
2026-09-24,-0.01993254656452015,0.017594649015840735,-0.008228633683566855,-0.0005730090084071771,0.0036599270759272162,-0.014696909645874778,-0.0056282228307852344,5.6226914987966836e-05,0.00773298642505682,-0.008723046072138141,0.0029095696953931327,-0.0009705300786300164,-0.0003026506661140127,0.009090516250370495,-0.011640781217392315,0.002058461275070478,0.00016879216277532194,0.005742429109929059,0.02754772080412682,-0.0052468640547049805,-0.01858321334337898,0.0058456914271409754,-0.01682115017500041,-0.009023679011939678,0.0052599788969860395,0.010116007341002264,0.00011872534469303808,-0.012696903812031257,-0.008015297366278595,0.010624767401088864
2026-09-25,0.008221726365946536,0.0028383346499640805,0.03298778466660446,-0.0034277651423124667,0.012104490909174093,0.0001743624344874295,-0.009509248332294717,-0.014313027373358267,0.005506313606342683,-0.002086786786189898,-0.003802658148627569,0.005543290403104528,0.00405622152956453,-0.023908265851912525,0.002080998548787738,-0.003193708726191735,-0.006647915726409215,0.0044156657490415085,0.027870342913808965,9.790443534463122e-05,0.013191562320933992,-0.007818562118166339,-0.0008604429670088232,-0.009012229675052108,0.006900930610581613,-0.01170271441846038,0.006779073196919283,0.0003254324989325763,-0.06291521246270437,0.00034135065932416886
2026-09-28,0.00412377739986014,-0.021128919047901262,-0.015242694326430328,0.018215030399639565,-0.012833855181308862,0.0133083802900833,-0.006593932419778348,0.004732813695774052,-0.0012379598433811534,0.009016354589072462,-0.013102506932276436,-0.01664736838193348,0.015090257075049296,0.011506300165946781,0.02255319388254806,-0.004492448854008346,0.006987920265934866,-0.009067792953151743,-0.015699379514700573,0.0048822290388423895,-0.00715110931467311,0.00233892362218846,-0.0053004000837432175,0.015781284192218026,0.016227453846584083,-0.01047180365146494,0.015288700848657966,-0.009700160835086402,-0.026685656436850058,-0.003015007168963746
2026-09-29,-0.0042845619166641535,0.009258031723035964,0.004907837407871929,-0.01536181546648907,0.007967457918917509,-0.004921681559832414,-0.006818391414433522,0.0133425859123395,-0.0012924170618914266,-0.0041415355145340005,0.0008757257103584326,0.017971328140287568,0.0030519225190661636,0.01665769747274326,-0.0224273525908415,0.003384891846297311,0.005063476470233974,0.008508152314206763,-0.0005225808009297062,0.010543713649405317,0.006207800796982577,0.00044351619449067847,-0.010783257952369452,-0.01763328676186482,0.011056444147958144,0.009825557123885886,0.002531164669137498,-0.004565791000295971,-0.02262611135800907,-0.005062030033238241
2026-09-30,-0.009545280459008265,0.0014154903357386228,0.019343671218919667,-0.009011175803996685,-0.006417542211166083,0.009705855191052049,0.0024886544473965433,0.006162732498388168,0.010277686260562025,-0.004427626885825542,0.014734215300325593,-0.0019027207439086258,0.0034600541645637417,-0.03170261912776695,-0.011751804960493217,-0.0047320134960785465,0.008552608387516258,-0.007551640177568597,-0.003511458033964132,0.005255052253044568,-0.01572852482959508,0.004995780407596184,0.019959723628902415,0.0012778324946896014,-0.02187041573771331,-0.008442510516710744,0.00021519245974777057,-0.002355009782917583,0.032124142307736525,-0.0008946303427330715
2026-10-01,-0.012645565022015637,0.012097718677072766,-0.00912666919326044,-0.03506044275079867,0.008345174425073765,-0.014655067207409722,-0.0074609029021357465,0.0008256042752095016,0.002753444775751124,-0.009435181412159488,0.005059439017168321,0.0069419643787722585,-0.006481344354053231,0.0015607594561830584,0.0071190868937944796,-0.0005323364697692456,0.015155664089621546,-0.0010459313516044677,0.009809800781713562,0.010742104590639734,-0.009664705011563246,0.011160030380309882,0.011330006091403,0.0062206134551587855,0.011076918095257904,0.017687467563099135,-0.011259823990206086,-0.00611437957240113,0.015732108382951138,0.01031041932023502
2026-10-02,-0.016476397413671462,-0.017111428508002402,-0.008553505232319347,-0.005263050000816727,-0.0012245544717892631,0.02369836322225516,-0.0073309649750070704,-0.006176832424967804,-0.015165932754390044,0.007690639949188727,-0.00925489161669979,-0.005882956357373237,0.004682373316192923,-0.0026730961293234268,0.019925989159881308,-0.00430587988677178,0.024496661540945652,-0.020681586904441884,-0.0035355514237550567,0.006474160802700357,-0.010469519437280361,0.00011537917557946642,0.016111603853443235,0.00475053056218,-0.0026245506325829338,-0.004372485357505784,-0.003089508567310384,-0.005494388363760372,-0.007425079604182261,-0.005595719622871531
2026-10-05,0.004173785667715313,-0.013207463055556756,-0.028803641139283576,0.009487395110648666,0.0023965258857843175,0.007235430205552618,-0.008912756293806945,0.0010109247095850815,-0.003421479205662936,0.0015520505992219213,-0.005658752517405108,-0.01634317111044392,-0.0014253145564371295,0.007300324855421758,-0.019358775538867,0.00017839902623384418,0.0010556582849428064,-0.01748002020733963,0.011833206392852569,-0.0038195081784631046,-0.0009328368525853836,-0.0014833494123588364,0.012420058984377702,0.001656809100853529,-0.0013052666351773823,0.004162026292056753,0.0250018252558728,-0.00011931172610590846,0.023045206848216093,-0.00028413097306168034
2026-10-06,-0.015404925636336997,0.003741224628166062,0.032498004305781425,0.005042462774183631,0.00293016124876444,-0.00263764834612501,0.015981062945916724,0.013869238436484688,-0.018305113490831526,-0.012168591305831256,-0.011323787853609213,0.0038282016794379814,-0.009067770320908441,0.016115268456053267,0.00873154130684961,-0.029694375209476598,-0.003567811076737537,0.014758938331733251,-0.025500233501176695,0.014438270584323787,0.012755135564634479,0.004821492247289116,0.01073292287590033,0.005429297891306861,0.008682437966135659,0.013586513734577421,0.0030633264037474017,-0.00039553146461646094,0.0325098721893351,-0.00047885758074117657
2026-10-07,0.005065705377276242,-0.011520020557585497,0.024631020638950396,-0.013627791386466304,0.0005958554269671623,-0.004873899885688093,-0.0018219265044080446,-0.006447998545412115,0.03698716636157795,-0.008816713665166565,0.011948079106038234,-0.014564118418993743,0.002952816601798247,-0.0005786300406716016,-0.007643220389576988,0.010318594732651176,-0.0020475735602859535,-0.0032215495279724893,0.017109643604027003,-0.004497248699160128,0.01858648114012218,0.006602952504935589,-0.004786258312037495,-0.01007972041583638,0.0012562477275146477,-0.0007718078754428426,-0.013753966707717669,0.0025793080932907664,0.008686716737204003,0.007096817711091941
2026-10-08,0.010075802933145805,-0.009832695394396462,-0.01377086074828704,0.01996648430568082,0.0020675725632657294,-0.00939502257714564,-0.0026978603542302526,-0.0016338632732315617,-0.022907386339690028,0.002384985889475777,1.6387252451455225e-05,-0.005668436364923535,-0.013559175600037277,-0.0056222104939378514,0.050675120926527706,0.039402454403291154,-0.022812025480675624,0.017266381820939092,0.02783567945479537,0.0028615812777330607,-0.025039266376751246,0.0014531710608811643,0.006227009483759094,0.015373187833124913,0.013222439636616068,0.014500802900092591,-0.009048703868036023,0.007847399944076683,0.002569975923185641,-0.0028429814456304436
2026-10-09,0.0011230909629817987,0.017940346692539633,0.020145549963286324,0.032812667910731896,0.014682982363166008,0.00768698381904942,0.010052269712437445,0.004712075252518266,-0.005552522579775676,-0.007966966726492664,-0.011183330903822841,0.006819560809703917,-0.009853830718802525,0.015617707979039386,-0.0055671191498023465,0.0033128017820875932,0.017002199482816893,0.005609255310303762,-0.016761083091833107,0.003325638926668706,-0.010897023361051916,0.007772147363006576,-0.002090449259623206,-0.0020693266134627075,-0.005164640604512938,0.0014726866517238424,0.015442491642170264,0.0007325390306229806,0.007122373441857954,-0.006649446780238044
2026-10-12,0.029378418853720056,0.014275244337351056,0.006945288905004787,-0.016747781668986272,-0.002383259176081509,-0.015046804634847089,-0.005804365723722227,0.010203067300302404,0.017265138148561565,0.010375748112033456,-0.0071603393792903924,0.019939969883227437,-0.0010192791632332998,0.010152678665076076,-0.009977974089187103,-0.009307413340558401,-0.030547676401375568,-0.0022478410992321507,0.01875314860297106,-0.003805872752048356,0.0002738254711629473,-0.010381945543349924,0.005844453760467161,0.009210470855965491,0.0042530712820392225,0.0068690547129155455,-0.00471578989550292,0.00602568763634892,0.01568946801251192,-0.013515156236167836
2026-10-13,0.013642205183075795,0.0009310735786558499,-0.019488356074442548,-0.023179427764717153,0.00458764176175408,0.0027310741460453425,-0.01574891591541394,0.0023936613103137105,0.008640366975864566,-0.016180550767284196,0.0006442702117284149,-0.0029800103099597575,0.0009246140941063796,0.0036435310816156363,-0.0060574438935503405,-0.013165716566765129,-0.00839478816392969,-0.016438248929744992,-0.00870493402914907,-0.0027660127683525326,-0.005560372074183251,-0.00942669505691851,0.006879449409236571,-0.010846213685470008,-0.0077194139102533255,0.01326192167257334,-0.01492627873135699,0.003964593825960261,0.045497732254616174,-0.008959273362890818
2026-10-14,0.016282708466788698,0.003468495128409632,-0.04012688973961587,-0.03679443400534721,-0.00043280084697816523,0.01249019695128073,-0.0012929676010547952,0.0031493287975443707,-0.03226107160521252,0.02894865979914396,0.01578762989954874,-0.012167130233509127,0.004142774049233022,-0.02755464990780776,-0.0254627068168376,-0.022613860702430544,0.0006918859131954669,0.01018912666431726,0.014533221921648076,-0.011871036825467973,-0.00741226212682522,0.03748458456987458,0.0032790263689708166,-0.0008033169664839468,0.007489540449974852,-0.009559290586028335,0.005309562485902086,0.0016954668740378764,-0.0031189456846101304,0.0005709204153869774
2026-10-15,-0.0028676133009352123,-0.004169312034035921,-0.018419665598130575,-0.01866810450486578,0.0024298037248893234,-0.0005393854007792465,0.013877745200036262,-0.00017416236403422491,0.011586292006692034,0.007420393401605718,0.013964039621994218,0.03510769346516063,0.0037567704821164227,0.0047437242348371544,0.01406670377636332,0.009961233451466489,-0.007144721955934186,0.003366402538841573,0.015376432287850017,-0.005013543383078356,-0.016151363811301778,0.007239502919034635,0.019695290741959193,-0.0010814670103073132,0.0027264552423453825,-0.02831922777922813,0.009392966100677969,0.007697024133164199,0.00674151162964276,0.009528132386693366
2026-10-16,-0.01365866314072628,0.003077620473236564,0.005286422761861198,-0.012541222831861543,-0.0006283869291848765,0.00781420960831003,-0.0005381106734579921,-0.006853949225131828,0.02507750105498774,-0.013544680514440133,0.017336883004366976,0.01926545715939265,0.002879809754745777,-0.014783466730589057,-0.0019971611219298246,0.014727604287850582,0.015167058796253574,0.006165973349133491,0.009522534439577068,0.0004948781386047152,-0.020492968175433446,0.005004409077951744,-0.0002494822849016254,0.008712711040068877,-0.002389582370093457,-0.016994808022938956,-0.005339839235834032,0.01777181466009714,0.011117160950503857,0.0063829887601980495
2026-10-19,0.005743933488440822,0.01081973170603634,0.012764148342033321,-0.012480574327596305,-0.0039431146207510315,0.0042438375908882,-0.007370104798536503,-0.0024790786797751485,-0.0054245202873705045,0.000471890794780494,-0.005243587346435041,-0.015865861759889577,-0.007872005222059664,0.0074457170814064,-0.016821216335314082,0.04009126173684008,0.004059735499037487,-0.007159121341682506,-0.025444246648877678,0.007859002609911236,-0.01521300789926927,0.008730650024359354,-0.0120960323568573,-0.008179611159972566,-0.003949473017771821,0.00836026606456608,0.016302373408583648,0.00024120492622037304,-0.008038007532651159,0.002632797308421697
2026-10-20,0.002647159690423617,0.0046733711223436725,-0.009727533897258223,-0.028918338476415006,0.0052644780647850276,0.002144395086589368,-0.00022854816984807513,0.00945011942137497,-0.013942411058584847,-0.002080699086565385,-0.009669632566272734,-0.0012650016497536276,-0.005921145074248124,0.011985619799338876,0.013529883869184411,-0.01832314018760317,0.004537442280828197,-0.006620267036970495,-0.01275968034379038,-0.001216797030775485,-0.00509676285577465,-0.005917884841083132,0.016734280429601123,-0.008391761440197598,-0.0026883794983919573,0.006394148888856588,-0.0046521074720694555,0.005912981760535452,-0.007542190197814436,0.0011495916389989702
2026-10-21,-0.009450646202141644,-0.004320806074135097,0.014736659225278448,-0.03345235078473563,-0.0014023538447500705,0.017268365127561802,0.002706378489341521,0.0034018700375821886,0.01594205593493614,0.0021121875469540807,-0.0070705878804385724,0.023710057645133453,0.0015393777842496181,-0.02095640752681449,0.016799016908566555,-0.020586159448636066,-0.0020454476538027677,0.01566317634033032,-0.011273741904505141,0.0032532816985946234,-0.012874088492676683,-0.02317010116754048,0.014363014055478462,0.015759065967283048,7.028046410395561e-06,0.0017030423238049153,-0.010908624839746639,0.0061910153975131,-0.011516923338970142,-0.002798300202628168
2026-10-22,-0.0018630480246984993,-0.02762157564115364,-0.006326459365406101,0.0018530546582742335,0.0023226726964407085,0.0012300017514359496,0.004431618626723477,-0.0008376175247400974,0.01090089023028673,0.0210428808972003,0.0043099293333976885,-0.004191768092468462,0.006703695665486231,-0.016746372758326245,-0.01987163172696127,-0.006316270606857355,0.02127826498140295,0.00728499009410899,-0.008497012704846485,0.0011443377245972108,0.009794527364670458,-0.022687467591847255,-0.02453141639244072,0.012515452937645,0.001087317228269269,0.025342017266852812,0.017497702002117865,-0.004521284124962777,-0.005743849853543592,0.013340361809675683
2026-10-23,0.005974708543763585,0.02785271140494583,-0.004113620944052099,0.02048116679932943,0.004208884834918436,-0.005195343191045199,-0.010655251268138599,-0.015159844522723342,-0.012383941842816437,0.007801387506958468,0.007145002779934018,-0.010484625809530801,0.006874032506675176,0.023246158294897512,0.008417661217785088,-0.005411340638700413,-0.008910199626189996,-0.004675226178568637,-0.015371266897988511,0.0014976357121940786,0.012694314902725212,-0.0007714121797612883,-0.0021308461110841614,-0.0038155637042780466,0.010841315357532633,0.015043189783897404,0.006969292256738813,-0.0070403744598780404,0.0504214983830944,0.014201568445740165
2026-10-26,0.017234208297979947,0.010439519040774003,0.0013380537691092265,-0.01170696375355651,0.0002663520233354699,-0.005256557325032274,-0.0034521156351954296,0.006184529005185624,-0.0011078989262182093,-0.003142259127619007,0.004139059094602882,0.009069248462896029,-0.00919312791566762,0.005568223774620185,0.010173661427247627,-0.027082204703019808,-0.004437178800936081,-0.010408929623957563,-0.013154680774002503,-0.002928944660151922,-0.033275876760419765,-0.0020097377509346037,-0.0036012258922030194,-0.023672092722742843,0.002075064107594171,-0.006774795880324147,0.007197287075652703,-0.0017705522562478926,-0.012532657522627777,-0.002074431824022116
2026-10-27,-0.002572323684371214,-0.00496823172967642,0.011417187784330762,-0.00499863057666583,0.00010614203309433634,-0.014166539682332724,-0.004420094951836928,0.01024519217559794,0.026954267726640113,0.02617989250119912,-0.006654985274118119,-0.008514097811767374,0.007986984590556467,0.035507780654844945,-0.01274595070459228,-0.020713877867698294,-0.0008762159868621611,-0.0011359774236774367,-0.02430458351750031,-0.0020750730512261173,-0.0063889562879653194,-0.013136518085783533,-0.0032130396146502482,-0.0037934951339624323,-0.006205185125387702,0.0061105470405051765,-0.002915233533312689,-0.010546387012927205,-0.04124778774420945,-0.006799812033760455
2026-10-28,-0.008633067374947623,0.004582382666026508,0.014429755299520952,0.02784569664723069,-0.005122618539520674,0.011014704615990523,-0.0159102763555814,-0.006883695366007303,-0.004320794110921677,0.04211501766874792,-0.0011154128913257733,-0.00042120324381755836,0.001444812451833588,0.016538265295788612,0.004970848051041976,-0.007497664609134702,0.000820108737175751,-0.003982986425075774,-0.003524124953630303,0.0042900286087692585,-0.0010581071376259965,9.222556287391548e-05,0.006086972040398653,-0.022229165578042553,-0.0029385520446564284,-0.006454216425512138,0.004579062333674777,0.006169024595568562,0.0352689356558189,0.011125661261724762
2026-10-29,-0.0447214151134524,0.014476955632834132,-0.00956522878299082,-0.0038842786934616402,-0.0014661146046179852,0.008799307730356754,-0.005958701054825655,-0.007332924664159912,0.004476797780393227,0.004588398588090126,0.009381238291809924,-0.015216138700422821,0.008603970541106065,-0.011845605551147553,0.01718546850692171,-0.02742525742698554,-0.0047701422140042915,0.017169929158834085,-0.011259240703200168,0.0035353695099065163,-0.008708357575279768,0.01119979943479743,0.015276847049635611,-0.009717183264931428,-4.7054015127168114e-05,-0.0028494434589177997,0.013520778501517228,0.010702736125283607,-0.009914498749489908,0.004907261492011594
2026-10-30,0.008454408616758613,-0.00862780872401725,-0.032101883025335454,-0.003239528071075859,-0.0047932800368308826,-0.004918330519057101,-0.0032826849055906937,-0.00014739838573729624,-0.020008920801889096,-0.004162609816605212,0.019224474617719256,0.018361235811011234,-0.01016167133503787,-0.019958737929900994,0.010609486460906314,-0.001816404626230561,-0.0020323798534596094,0.008577462360431554,0.012580018313747221,0.002601784046490696,-0.000816827745830806,-0.003726750030087267,-0.012181191602973485,-0.0002544224420316654,-0.002897158395202104,0.007848607040593869,0.00534946716691076,0.003511338373777706,0.0006091582836111886,-0.0003629888134216719
2026-11-02,0.002734622651631158,0.000771153142710812,0.027102578068862737,0.0024998254278449927,0.004421844836606015,0.023676256582728206,0.00567630595248958,-0.0018414680396304783,0.00831000301023277,-0.005498610263908854,0.007954344414354164,0.007091984236528237,0.0065594623340488045,0.0016118608951700697,0.0009714853931164225,-0.012116758669725614,-0.013930375612041468,0.004062075210716332,-0.01577095841794096,0.0030712832583543737,-0.019340902470815546,-0.01630675497859868,0.0029075844449311106,0.017994949871725785,0.008108879999841001,0.011569715170174799,0.021585431198904326,-0.0019037920938284048,-0.008996157253280623,0.009392600731202627
2026-11-03,0.0043077360211767335,-0.003327442683389248,-0.0021490798190294536,0.003883684973813528,-0.0005478602392835485,-0.015489456553183678,-0.008924682936036876,-0.004423431520673038,0.004506852971132291,0.004775253898344101,-0.007492583028610222,0.015469487442457241,-4.626109400174272e-05,0.00804881477368391,-0.0008288986998243875,0.02169909053602792,0.008726391700190073,0.006096394025312035,-0.030608084632073762,0.013320111569575577,-0.000976751812292509,0.0194438060138733,-0.005104361282090797,-0.012399378138088557,0.0014681441209176693,-0.015180406062008767,0.007458562128505042,0.006554754890404579,0.0033039894416138083,0.00494647399538084
2026-11-04,-0.01746156193889381,0.025713864253473773,-0.0017345370997533527,0.017191926012175784,0.00936495652599656,0.0011321315496142237,0.0001188343493869759,0.01129444335369767,0.002310157332130469,0.010976572682097618,-0.0005295329105330371,-0.01251793291796921,0.01040262510747647,-0.022870661007941995,0.008643122483646293,0.004334232978397967,0.009468249149655827,-5.247634344029972e-05,0.02214032782613451,-0.006679511019239692,0.010738721365693094,-0.01782474726458394,-0.01601674546946308,0.02064760358897555,0.002231874296477754,0.04097229058654439,0.00723365732349901,-0.0019577150321896664,-0.010705723918253751,0.0033832275296394876
2026-11-05,0.00299941343386001,0.021747254077871814,-0.001419788925358878,7.612568683534882e-05,0.0027154156107609406,0.0037203756983150704,0.0002841733790850398,0.009485282146592944,0.007460241317767791,0.001710465488593993,-0.004325464813362712,0.01993243744822082,-0.0025591829692261925,0.015359018761181176,-0.01087484988021159,0.020127034036005576,-0.006853546617268114,0.0064293024869350734,0.016806088569715216,-0.00018396219677541126,-0.005932572815234849,0.014168588866421583,0.02634860489167168,-0.03660452363466071,-0.0014345041032506334,0.029718222575858544,0.00991338915497697,-0.0012195381004763695,0.006348151445038752,0.005988923379629529
2026-11-06,0.005617242195675276,0.005519786435802754,-0.015055630821067423,-0.028465635608156736,0.0009257226669863172,-0.0005397935576705315,-0.004224526324465905,-0.0011330433942479123,-0.020984872809807542,-0.006307696121237938,-0.011166901662252426,0.003194701160729174,0.015840379779168856,0.034377075105007426,0.012411578416443358,-0.0025768473885889875,0.01381573576194084,0.008595812205429931,0.017489049556297598,-0.0025004734200921863,0.020762068907190123,-0.008453840767264298,-0.008373712809138345,-0.010283534323147436,-0.01473456488506808,0.001292970273438998,0.013782008092240172,-0.006577055403993559,-0.002737235412009653,0.005914418064184357
2026-11-09,-0.00302949533238539,-0.021290924937309663,-0.01736911420552001,0.003845595473819241,0.007433256313188474,0.0034067331742708706,0.007445699157994312,0.007914132443585187,-0.0012931817162168402,-0.0019328639909979017,0.0024538733876586782,0.012865464413525096,0.009226511822868932,0.01251431426573002,-0.01583471541337078,0.003425518520545401,-0.003207774044359235,-0.0010166874308888962,0.008935058132907958,0.002763177342527623,-0.01358332957577979,0.005310007787590054,0.019470904082392604,-0.008767458542404682,-0.0027934719745000836,-0.005322998061417672,-0.020670052962084906,0.005294044230951478,0.004575342749600031,-0.0018459947705735669
2026-11-10,0.007757969940378917,-0.01891557838304403,-0.02401038303966152,-0.010355497449061613,0.004125015618234862,-0.014087513500725346,-0.00569164333102079,0.0014687882250938866,-0.01042319025173366,-0.0183692514521393,-0.002832361161323793,-0.008916420880105802,0.015014214968443573,-0.028409370520552257,0.024961340180512437,0.004215174035156366,-0.013276138015971273,-0.01189351582527265,0.004664981859664907,-0.005172644404448867,-0.004483026788208888,-0.002841292145011387,-0.007602770179355844,-0.005389062629221786,-0.004254356214574484,-0.007090951649461608,-0.009367239810500916,0.001029185386296927,-0.017156383724072244,0.0037745382225584656
2026-11-11,0.011204445763864701,0.00588145079661806,-0.010648030691049803,-0.03947475955843782,0.006550123493851645,0.0042240998682245845,-0.0033607849600304496,0.0013967688969018788,-0.031211793053561365,0.004202998035561567,-0.006097797522424009,0.020842666473791516,-0.01494550341804457,0.014631227926032109,-0.022077134529434495,-0.006199083493057644,0.007264045942753761,-0.004198169123033169,0.004768981542950357,0.0010450978291904889,-0.01091997440038539,0.009635854749080686,0.00588779143045981,0.009498437625001577,-0.000968779112345608,0.00441253636516481,0.0007286024718113904,0.00446726129164432,-0.02356832697628297,0.012613818353937267
2026-11-12,0.007879203520738676,-0.010694682535916988,0.025071994529130226,0.04511592907853301,0.000917401852368549,0.01313156909062152,0.004105842892151879,0.008101184970384923,0.03674417718485912,0.029733911259260726,-0.0011780047249210224,0.011278421370594982,-0.000698898389658531,-0.014714020225572,-0.014786608630591558,-0.012593237802445367,0.0070524507066340725,0.006947101618068885,0.02386149489023337,0.0017247585828084055,-0.03226875158465192,0.0053858381216227436,-0.002383327448656214,0.005687686112874291,-0.0003322834716286138,-0.0054463848478663035,0.00312555549758331,0.0006991584962496855,0.018793270414536378,0.010483336273644506
2026-11-13,-0.016812647022657723,0.0006175536041697072,0.008447401706281221,-0.020010421854054217,-0.005902288019453472,0.012853653132617548,-0.0011967617258920038,-0.002194339927134581,-0.009271291722972252,0.035666501628395686,0.000476427148763392,-0.007063022426458843,-0.010084863898989771,-0.005599206316878491,-0.006131821615421029,0.009297498933667603,0.022614022169362258,-0.010145874114524611,-0.004118916092561986,0.006053695823444061,-0.011501763121277597,0.017486101051761738,0.010721169530602648,0.0027879191875954668,0.0052368765981103405,-0.01239589200956015,-0.0007159776503050663,-0.01246084860444796,0.005100228597930023,0.0036382244320734003
2026-11-16,0.0038413410909798884,-0.00886584350584918,-0.00036750084955317064,-0.00780922248899929,-0.002748999812088204,-0.003969772731295174,0.00715579598219751,-0.004760752791830636,0.021509112283032206,0.020293865554083634,-0.009052399167547187,0.0012866128818496136,-0.010694420897397583,0.03998014944317352,0.03691326837584796,0.01995826088690067,0.024851502925590685,0.0007846225966172682,-0.00021676095131351047,0.002516838129536847,0.01111210285488129,0.011240073253256044,0.018758850055492937,0.036288180406496284,0.016912090580999628,0.010897225103914776,0.008168587163136065,-0.008434493758146977,0.0087701371043305,-0.003568619933785766
2026-11-17,0.005437537049320262,0.0004690621596181721,-0.011074186733087465,0.020568297240664446,0.011361688819511384,0.0012086200686312054,0.0020476367042090438,0.007329188184338475,-0.0063686136087657275,-0.0028645301358516395,0.002440024019801257,-0.0013727867447137498,0.003616363811636436,0.017965441655319214,-0.013143708650846686,-0.03216403470684104,-0.00377538613143491,0.002431243862767829,0.02389260222203582,0.013639641791784118,-0.025202082781010438,-0.005181591302248156,0.0014464789630961317,0.01126134742203111,-0.015607408041849236,-0.02632504180912909,-0.017460873020801126,0.0017210802752514187,0.004967364383893891,-0.009676716581501044
2026-11-18,0.00542420140215083,0.01685463864227943,-0.0007756626295893909,-0.004857962330774512,0.00014059234475349847,-0.017531697215834252,-0.003587491899299633,0.001107015764212349,-0.013156014376671465,-0.013020238976896081,-0.006641484546589083,0.02929670361248693,-0.005957619793720892,-0.0018117719118314612,-0.004021607352908907,-0.0268940901218645,0.0068342372000977925,0.010733211216755967,-0.008531918823761808,-0.0037830143281488704,0.0032239975442531765,0.002001068858555888,-0.00040746008901282327,-0.00796303401022913,0.010961264983064156,0.005219322527707959,-0.0037354176795739713,0.008587556336365543,0.009205860895387108,0.006994755181185974
2026-11-19,-0.009645180386528285,-0.009408254601717903,0.008111001064247558,0.030124042036083765,0.0009808927147438862,-0.003096675614178812,0.013645634559958264,0.007872550047626214,0.02021233308919701,0.0003681345931194624,0.0032122732149673094,0.02594531886796192,-0.00851059514464747,-0.00837363888472964,-0.00978017529864661,0.016747126302087523,-0.0005324641860018353,0.009215086399612105,-0.03078891943632156,0.0054684795220278914,-0.017995981883065837,-0.0015463473430549213,-0.003337983942989453,0.005411598409617913,-0.005255686923728131,0.029898547816031407,-0.0020944062320882306,-0.006536975751843421,-0.0173351375293338,0.002376563316935254
2026-11-20,-0.014437496397505134,-0.004864456787947002,0.013877864749790136,-0.005838901582691847,0.00048814609162128875,0.007458588969603053,0.001944712802746329,0.002039721082391699,-0.003184953600964935,-0.029225707789079736,0.004824768490170994,-0.012610563004120667,-0.00417281164832406,-0.018806375648849127,-0.027425376855845673,0.01203987790677985,0.012605041306350762,0.011235536590880058,0.02001648410238599,-0.0034734099882351988,0.005497012382171151,0.029982445275807068,0.02076476808784311,5.1464090335962e-05,-0.0006550001864202848,0.033902163976081034,-0.016460926872039594,-0.00036082493323519316,-0.02591197937549994,0.00576245119419827
2026-11-23,-0.0039049158966508735,0.0021918199249302273,-0.00017304498822512393,0.00416467055475378,0.009396987239617127,-0.012893179077492545,0.0029101367827255586,-0.0033349797380609614,-0.007773821563551109,0.007916383423539397,0.0041027360884979824,-0.01963396597705669,-0.0013321948853169951,-0.01581721919206225,-0.0147722659695938,0.023188890831946418,-0.010912154185745426,0.003326676727442024,0.006690185276661209,0.010729209061076661,-0.009057270446264254,0.01040840459780279,-0.016622528688777005,0.0036618859989008268,-0.011569425417372048,-0.0245531430004593,-0.024429308389996685,0.007138012842643482,0.013588455332610883,-0.010333264335461445
2026-11-24,0.01295835574844606,0.01197651805340283,0.03252854287505391,0.024552769522409923,-0.00630516076504295,-0.005613980570489563,0.0028135164470237672,-0.008632095782308058,0.0030473626763116712,-0.021975693404561958,0.0029456051641358894,0.005265268994941508,0.008205771050697308,-0.011128109574902068,0.005195552130595749,-0.03898358726443718,-0.011037692288663914,0.0012043151028537924,-0.006166193906178341,-0.003115113057253982,-0.008291025113746686,0.012949447819132986,0.007199600800347428,-0.005830768653291685,-0.012380698427868597,0.02126778158058351,0.0035740708540996646,0.003961295783183827,-0.03339405389909744,-0.00801072080287657
2026-11-25,-0.018890892262365955,-0.010673706211883127,0.004784972686828537,0.0032073590435772736,0.011441801463615953,-0.009847566989481193,0.004867062097377417,0.002621490802269477,-0.0052851788891880025,-0.005129858857692127,-0.007779379547731224,0.02478126152426574,-0.005206241895363339,-0.004220675142117436,0.0069667086437184,0.0038424805443717513,-0.005106979974738524,0.005895550861445775,-0.00847048464621436,0.009870386160434785,-0.011825257618465645,-0.030373808287684545,0.005924415980333109,0.00349446024931388,-0.019769403374367278,0.009354042396837459,0.0013585570504608402,-0.003918433909933072,-0.009621923158799284,-0.0012264412057273466
2026-11-26,0.011212431220030572,-0.03261670154543539,0.016127530833621062,0.006658322168193509,0.005117123117812428,0.012608507992438067,0.0072332733470730215,-0.0010776914959348405,0.003995753295707782,-0.0028050229930367543,-0.0062300206691081605,0.03197625165881446,0.008861143302228092,-0.0192571520248086,-0.0017403254562182724,-0.006390577140314213,-0.004524080045359757,-0.0027491488569465483,-0.024271119853597978,0.016497884568435595,-0.013867406210469668,0.01338184122918662,0.004599107007397185,0.005148730543364621,-0.012134101956116305,-0.024697558869549496,0.0013593025012903492,-0.003102307896077905,0.0486901071047825,0.0031578645201393307
2026-11-27,0.007514835492509864,0.014964615268916015,0.02062785511202314,0.013217115665254298,0.0014868790543645094,0.010896031864233047,-0.00029889118941550663,-0.007566170092166202,0.01267162840560343,0.01928980414531356,0.008750098115404947,-0.0033574608347823887,-0.008466745308156387,-0.007466482239736227,-0.014153668225313942,-0.027327254263897816,0.02288691250551289,0.004381248716554653,0.013936839343608787,-0.0055460904471239525,0.01444881194907488,-0.02795680409851864,-0.028533889838963655,0.0016057209102757763,-0.013034449327922637,-0.0024774943474437094,-0.018736753619248314,0.009371510017623486,-0.010928021327535453,-0.0019752171247561234
2026-11-30,-0.0013059050244581538,-0.015327361741328982,0.03847821421809039,0.0032277217603629005,-0.005854038207768308,0.0141896600487188,-0.005157438978095619,0.0107533417229293,-0.014609065154634115,-0.014359775033812583,-0.004654808294679569,0.0031251880272351595,0.0041092570951513085,0.029503835319860228,-0.02164918394794535,-0.002647430110401916,0.005601635895441159,-0.005585301102717821,-0.01198411465346838,-0.0047636895136835555,-0.006107330478944073,0.009620935415704635,0.012277090856881001,0.01658982662615993,-0.0012780567935543052,-0.01794086876991674,-0.013448550828894512,0.013848698784267643,0.017159903239018615,-0.0007172371048748127
2026-12-01,-0.013223695987413575,0.01802987963559155,-0.009561346434791451,0.00848243182850994,-0.005037052606631787,0.007229167531415115,0.00972463975350979,0.0004459481662790754,-0.026238167019045577,-0.005146258972847928,-0.011468514513340966,0.010697003765308244,-5.260789215910666e-05,0.008574801433113066,-0.008029043069276764,-0.029883616000224045,-0.016964996518751385,0.008957693528165,-0.0007479237808591943,-0.0028851262093793073,0.005391238397207898,0.0005381880172046216,0.003607506876476263,-0.02921459743292032,0.011464062451702839,-0.021201174025307634,-0.004047353824326083,0.0014026645640266011,0.037825415692846365,-0.011921391968992223
2026-12-02,-0.002345237478353357,-0.0015338069138945976,0.016334929362868067,-0.008698841252460232,-0.0024966222956580575,-0.011609639573188613,-0.01263982777082795,-0.014185665046279938,-0.0005573140157836276,0.00741122757322521,-0.0055982073881556405,-0.026439575334213372,0.014270798284711894,0.01120954142075492,0.009675185914654438,0.005588358207682331,-0.015500012110413408,0.0036551224956395956,0.01988892725961877,0.0010002881704453959,0.015091982443250052,0.0027918571119947,0.0086303543523083,0.011347581988006228,0.0009793453580568823,-0.010346976925518003,-0.022402118524526005,0.002140693053581888,-0.020331577720591798,-0.002403628129993285
2026-12-03,-0.0015812154163039605,0.0020409933834732996,-0.009775080093010091,0.009043415750772166,0.0056274760818453284,-0.009303391894815105,-0.00048443110195428574,-0.010865416385749893,-0.014785314716219133,0.0036621198472275296,0.005387762009344099,-0.022275197987808193,-0.005195123001262014,0.017254080706586183,0.033772144788833725,-0.005115865475577297,0.013660180437198521,0.004338080446965709,-0.01704978473530583,-0.0011639739894930834,-0.0005034077326455666,-0.0065251762960093496,-0.005543279767677656,-0.004870075517637962,-0.008255234428115599,0.00029910633379737206,0.010519291149108545,-0.010468718418135015,-0.023663939681429214,-0.005527786840941129
2026-12-04,0.012181140643340527,0.0021531439199722335,-0.016496484887229546,-0.020653308894676314,0.0004058486074662859,-0.005639709869151743,0.007638768361961423,-0.0018123393935082222,-0.007702016406825218,0.004711519905800987,0.005008191738756107,-0.012627138163321172,-0.00623597737917958,0.0041531544147632715,-0.007060450328611467,0.031767789762874754,0.005095941992462771,-0.011428564715459832,-0.015427332891054135,0.0018173995556083344,0.0016987403042745264,0.0073384873087340985,0.018595847365766582,-0.006980976952219553,0.005050080197226636,0.006219852522538316,-0.007318129576305066,-0.01028213144133594,-0.005942941292697568,0.004654374723711108
2026-12-07,-0.01880548710373675,0.011426806923229504,-0.005585040721028722,0.01205036954932992,-0.008500543671203342,0.00841828850408688,0.0001057291804333893,0.012889054186923543,-0.012450521079476307,-0.0074173483056493295,-0.004276655179934141,0.0024398328249557455,0.006887233057285336,0.02256828723082327,0.03172203270908547,-0.01065758542076023,-0.003941890911925761,0.005697269400957827,-0.0010083529020886717,0.0010711284920073005,0.0002284722110934556,0.007684346871021486,-0.005511627019448739,-0.009232545974098283,-0.013075524622931267,-0.018059959418849192,0.010080974087027128,0.007459081866698858,0.0026440841215797928,0.0031929871770919327
2026-12-08,-0.008942576642718358,0.006011970180702653,0.010987720355252195,-0.004047626307593366,0.004696587926386719,0.004278267140905623,0.004078686207251714,0.006862554727446568,0.017165872630830803,-0.015047857209749549,0.01109967397250422,0.003413215592110719,-0.006265510334613755,-0.0331806586013037,0.014404450699632143,0.007476654561137996,0.02147981552678946,0.00012254627871044477,0.005783173948911369,0.0017059342817764556,-0.014715669084845784,-0.011351396690944093,0.011104644311294987,-0.006883816355912953,-0.006652715428617562,-0.00046416866036136373,0.0008206281056162279,0.004345368072786737,0.025423592441680576,-0.005606309542661614
2026-12-09,-0.022249696284804887,-0.007433016410043014,-0.018959576672779255,-0.007881787992308764,0.004030714634551291,0.0008249616330551213,0.004154606434900954,0.0037946913794222326,-0.008070575197075103,0.00015120637284105065,-0.000780288756663805,-0.005390611765467734,0.001640550697955323,0.008071822913010118,-0.00588729946848876,-0.020667196777283126,0.019738195317815954,0.00818497990826006,-0.003161228362936086,0.0072168569706148045,-0.017059980528140395,-0.010095406785019079,0.011392792748347924,0.0004299137371077677,0.00684545801411951,0.008347377159487746,0.020946401066338716,-0.0032293814249353403,0.01837378619915042,0.004736086699554942
2026-12-10,0.022922317174060236,0.00037802009490572885,-0.013493265199326143,0.01901348786825441,-0.012282105400600707,0.019038519003700793,0.006511359667555672,-0.0037446017602036363,0.004085285822184259,0.018794884113083832,-0.005792295683005988,-0.008603676025309759,0.0061363025075282795,-0.008434645353089132,-0.00552773100292292,-0.00909548516001113,-0.01811221133979335,-0.009209114080209635,0.00819172953997116,0.0076243834809479605,0.0009023532632692621,0.016908389424167503,-0.00017918122594329233,0.012536889283578878,-0.0029717229950142476,0.006334100973711454,-0.020710569173528315,0.004695583915269141,-0.02717183111467769,0.0020646120279044222
2026-12-11,-0.0054295051115318405,0.015081706133565298,-0.004216376313371906,-0.004690694719811206,-0.003357555308960536,-0.0051586458165099325,0.004887066549361663,0.0030172010321312115,0.020633193835984276,0.005746295119094302,-0.004989533224623477,-5.306892721601564e-06,-0.001969487962844574,0.012922174548587906,-0.0005886803008522401,0.0028001097871148684,0.012576186337830864,0.0036622900757823373,0.0008622474014610138,0.008753826302752454,0.0004141030933320078,0.016255211248612733,0.010552836084995576,-0.011225070968668316,-0.0003171350018443819,-0.012989276593681542,0.012959443030707618,-0.0017207876630673802,0.011055119193585927,-0.005472912542581199
2026-12-14,-0.015323714145944245,0.0012959250760131713,0.010136734370812306,-0.04417089344196057,-0.013063759798089825,0.006612025348936124,0.007455842909848132,-0.006548121440871135,-0.0061200545461997935,-0.013708668638472532,0.007742705893555302,0.0016936953504731456,0.004659660280086797,0.031244436910710993,0.009766400764812833,-0.0076206816320328885,0.0025288753567573874,-0.00044595437210270816,0.008821120972463126,-0.004430473169264704,-0.016793523212078387,-0.012631583105540911,0.003301131281467695,-0.028060306525270362,0.007910864114975658,-0.010538720777872879,-0.013906842532588337,-0.0021250635030772846,0.0019515831387491023,-0.008392355350895775
2026-12-15,0.027553674969016395,0.010532750260080936,0.015142592411005795,0.016234898854410984,-0.00471336778112319,0.012698602048080598,-0.0076278543850056835,0.008948597578209538,0.0023490996148594068,0.002214989992663119,-0.004590300620065824,0.0016653969984066208,0.00713512900415969,0.009617699208827046,-0.0018291409366720801,-0.038593494165437225,0.010478114683329709,0.012771469485828302,0.016227058335249733,0.0012843800529640514,-0.02798520321495268,-0.013571527717738063,-0.0229865642305489,0.027134450686043587,-0.0005254555009862605,-0.04316328218873722,0.0024062641473596713,-0.006816788373811944,-0.02129386047341253,-0.00038551069538506066
2026-12-16,-0.0008041579258921683,-0.00022107450852748567,-0.013884891836389857,-0.014996301273876522,0.0005754183206110319,-0.009364829462550572,0.003198204794549131,0.0020397538093257506,-0.01654111308092332,-0.005211024108325746,0.011451595720397112,-0.02055236103625835,0.003019345117020178,0.0180549284334397,-0.008911996635165176,-0.023209916809848408,-0.0028201906171120283,0.004950269001218421,-0.003129218756504848,0.005486926540139603,0.03375085340501216,0.013041830117811237,-0.023504600931482433,0.0167917855700781,0.0014505400277331493,0.021896401985163738,0.017860618532445915,-0.0013930609972298003,0.020867901265489985,-0.006214721436345383
2026-12-17,-0.01740103851906516,-0.008119701837832283,0.012342203296715093,0.00723021798519885,0.0023379755337906705,-0.00832194908596895,-0.0037033997762323523,0.004883476233808359,0.009484973252177786,-0.0068341610891079485,0.006328456937610083,0.0011572093774236958,0.007607009142312604,-0.009400039276051042,0.054620318243588706,-0.01788824547256551,0.008420874178431959,-0.010813594029079776,-0.015557330622641086,0.0035980504512753697,-0.012144826895252314,0.002185578262468457,-0.006157146438729888,0.000648772771616013,-0.00753951812542486,0.005302282542239745,-0.005223741793447978,0.006873555717034963,-0.0036852460026247646,0.0055427342947214076
2026-12-18,0.004535679887358812,0.0037618104895649207,-0.006439880771457296,-0.025479536459268037,0.006882726858359112,-0.004378518205763626,0.0026100009330771723,-0.0016376430509067452,0.018696534621000183,-0.00034516426760611285,-0.007784495883075504,-0.011535725777545247,-0.001453303750248991,0.00840060212954663,-0.0010388523239061032,0.03212797549870405,0.01955818092869399,0.01118760038436184,-0.01820634621927464,-0.0005641143055271636,0.00798230977589287,-0.00259534987530885,-0.015439019462357373,0.006532039876502527,0.005970525402450022,-0.027178844277499503,-0.004927713725807692,0.011842117132363716,0.02581162763923106,0.01712447039645304
