,Asset_01,Asset_02,Asset_03,Asset_04,Asset_05,Asset_06,Asset_07,Asset_08,Asset_09,Asset_10,Asset_11,Asset_12,Asset_13,Asset_14,Asset_15,Asset_16,Asset_17,Asset_18,Asset_19,Asset_20,Asset_21,Asset_22,Asset_23,Asset_24,Asset_25,Asset_26,Asset_27,Asset_28,Asset_29,Asset_30,Asset_31,Asset_32,Asset_33,Asset_34,Asset_35,Asset_36,Asset_37,Asset_38,Asset_39,Asset_40,Asset_41,Asset_42,Asset_43,Asset_44,Asset_45,Asset_46,Asset_47,Asset_48,Asset_49,Asset_50
2026-01-02,-0.042322713619595165,-0.02393406087040184,0.008945634901533994,0.004846089367980255,0.013189095211210144,-0.001106781528394829,-0.0050486869955388425,0.004003502739547082,0.011276066887562664,-0.0007580825986132078,0.004100313619638474,0.013046405355086055,-0.0019615840431767007,0.0034957766704861726,-0.002215455805069988,0.007507846989926126,-0.01486271999452915,-0.0061065500690878904,-0.0018198054121298934,0.007359110676844249,0.022746585190618784,0.011518435282890316,-0.010468257701713113,-0.017232131666071404,0.016427576890288398,0.002676345669796687,0.014232104688919334,-0.025719261680124172,0.03899069539799904,-0.022330967767593024,0.01767947462419417,0.01053284779561725,-0.020491230902869972,0.01118549081048048,0.0140480554420217,0.0016916298457323453,-0.0018240090498741202,0.004033338470304182,-0.002046098159182108,-0.009844954071319356,0.010880516268020779,0.0021068315839973817,-0.020897590291928836,-0.006788834964487345,0.014254434161111718,-0.016770279436493563,-0.01397710362581761,0.006505195284280951,0.021018968599709087,-0.0004999058229591125
2026-01-05,-0.00244771670121835,0.01951968472948784,0.004414378195056301,0.019258426318469857,0.01098537022019519,-0.015564472187485912,0.00177650402439955,-0.002619618418547076,0.01010328564104035,0.021282199506611033,-0.016720695895588444,0.018230398527925296,0.024154238513476534,-0.0066097699331707505,0.004312560612696137,0.008236793932181463,-0.0169113363601594,0.023306711276292136,0.0052237085504522884,-0.00452565249479131,0.028987761621936503,-0.049739928819400814,0.013055779197554074,0.025359237970081105,0.009710303599083536,0.006034110894161282,-0.025230429075872918,-0.013009091601172584,-0.001728081932237835,-0.005249783814930353,0.009905340625169012,-0.01089520908686803,-0.00041791296744309037,-0.004795269882180819,0.01360954549656923,0.0005371530180160455,0.006918067206861833,0.04453603295793629,0.009735534417961711,-0.00697232858687491,-0.00920935589760663,0.0030582338157867373,-0.02983757058300396,-0.016721034302584314,-0.0022341859936167996,0.023605923354843572,-0.019952212130434965,-0.0033004023513452108,0.0033702366533980843,-0.007988789672765284
2026-01-06,-0.03551665006849114,0.018092036891446783,-0.025823496769476484,0.004853989286949245,-0.003363436647535356,-0.015505253010961617,0.0018211335745872415,-0.007957022254784674,0.010674151686467237,-0.01571150028202739,-0.0014093440920147637,-1.921065306464964e-05,0.0008167699691514763,0.0025508330746726315,-0.008738042771337495,0.02764648978880313,-0.0015655691600154897,0.010646804294160095,-0.00842939516351704,-0.0017058568112059413,0.0030210671717161297,-0.005880206067012894,-0.0037241885480939763,0.01004847156135491,-0.0035213406883065623,0.011409687937153024,-0.013970937425779373,0.03684432500258228,0.0332638162075134,-0.01597116812231647,-0.00770953436746169,0.016828889547311654,-0.01503285590093073,-0.004967050162469566,-0.012158682160816392,-0.0016857633945389638,-0.00475377471627314,0.006069019177471491,0.027682815585797993,-0.003874272566937398,0.009326930943633682,-0.0044313055857893024,-0.00443343165192811,0.0032668954977914666,0.011736385765939827,-0.011550635186371228,0.0021589759387883323,0.02996725611844364,0.01341060518363979,0.013041384864505234
2026-01-07,0.012637071145484846,-0.014457837908892768,0.003463035297760708,-0.006221401388195047,0.032655340387504506,-0.01995998966418644,-0.008224433461131886,-0.007216074399763683,0.0007775440413302359,-0.00939958675014163,0.009105189262639923,0.008499715861785218,0.004212814852299074,-0.0029281589505134598,-0.006252473541724646,0.04979225896784922,-0.00590786891889572,0.010409894793702357,-0.010602385119520163,0.004944871184404009,0.012416239325838907,0.02520882676477232,0.01361239458836594,-0.008725178090459473,0.0068457841523283935,0.01353003193806468,-0.0011905870496413673,-0.002424768735372451,0.042172514942363515,-0.008965081976109124,0.000900843615413649,-0.01408739563193806,0.027466933181800268,0.005764702578052727,-0.003114061726780748,0.007885660025335195,-0.008989637081802004,0.00011332191783752776,0.006421011217490724,0.0028364704839130006,-0.015110994795774713,-0.012803395726563083,-0.0449058168253077,0.00395605153577927,0.013580807130366912,-0.029012857822526605,0.0029377603023956755,0.0017823091819741954,-0.0076741951080416815,0.00751397691462774
2026-01-08,-0.0006638665618143857,0.022341376061763674,-0.005446057808088378,0.018323670703373374,0.01082579030819053,0.004917293744270523,-0.0014825233538610094,0.02703508531393295,-0.0015343570123232952,0.00832758363432018,-0.0011300737523760596,-0.0005061255024010336,-0.006466175647210526,0.010040276279169369,0.006744838875387904,-0.01140656501472137,0.00806206566688994,0.029374323505324762,0.0009265830958704591,-0.015514473765032122,0.0015263966208789448,0.018103695125432084,0.004508834671313355,-0.01809290197779223,0.003351101451441574,0.011184182831087242,0.02017114073564108,0.00828181656306759,-0.0013411991830948322,0.008846054013758042,0.00628771288247898,0.013204955361049597,0.00812522150759265,-0.006429818451636149,-0.0027426043150459156,0.002447854276290684,0.003916670761749508,0.007224582388047018,0.020598545636458798,0.0007340256233476783,-0.015419381951394251,0.00811486659046956,-0.0016174244061719634,-0.005371606490768288,0.018179584723426068,-0.004256082073057943,0.015207784181597628,-0.00870168140947658,0.015735247461743818,-0.009807255887964605
2026-01-09,0.014086990382477627,0.003171234185285865,-0.00696276017822739,-0.012993502990588213,0.012748422351092303,0.003846897457619569,0.0020666739119556965,-0.012021978611765682,0.0038511315174563077,-0.036911694009934326,-0.0005165447647903498,0.0023146996432779066,-0.02049421826076603,0.0005676460259647076,-0.002881473553259295,7.955477591115034e-05,-0.001531113092940295,0.00764200698521722,-0.00850094912126631,0.033987074580839716,-0.034712067147817605,0.00464299925773326,-0.003459783458329424,0.03505065364551774,0.0009478127122857227,0.0032557170955818115,-0.023202202054204535,-0.0017803651603147674,-0.003273279728731704,-0.004862514510010518,0.00166691053305712,-0.009462572919479828,-0.004902826638100266,0.015412704332068428,0.004359863460377422,-0.004915130192861272,0.016626404014192575,-0.008299042793693756,-0.002510044866026573,6.385198392044877e-05,0.0059353432040814,0.0016007816589549417,-0.01239691921531172,-0.004638610721471648,-0.028176702975114654,-0.004197866242568349,-0.005483968434581543,0.023098714511359253,-0.00042638613747481013,0.007420916360001861
2026-01-12,0.009313327836345087,-0.017318577902225463,0.005147653591816903,0.02982927596961349,0.04109508278310803,-0.010903703122433273,0.007056264788144917,-0.0016021458753778806,-0.01391238296260855,-0.013819401509774676,0.010134628546052182,0.0064294794161123825,0.006608032527177565,0.02272357851254636,-0.005932673134012578,0.02015405329419062,-0.0071383662413943005,-0.02238233959727065,-0.005265868917788241,-0.013214736239638314,-0.01309539447119068,0.01887789056861222,-0.004236389451676814,0.0013633777255424029,0.031627499750421784,-0.0013198347374024921,0.004688603293255378,-0.001424846504561872,0.015993536676869535,0.003655200248688484,-0.0015245323929768961,-0.009915569968837246,0.019949794706533686,-0.01080352346948854,0.004094227059675104,0.005364041845751011,0.03292044069563249,-0.004246496473638284,0.0003201601808244803,0.010227277857500772,0.006535649340753125,-0.00789550843016662,0.020785432690784145,0.010418285815684047,-0.013980161125468404,-0.007502590996196101,0.0078931408542664,0.014338752543932465,0.012649486555365685,0.00410763281044324
2026-01-13,0.014900525154721622,0.013938215368828999,0.02563780672273963,-0.0010219196790357543,0.01332110968667588,0.003131081813571024,0.0023526317993731727,-0.011305965908012139,-0.0033204641374239285,0.0013722898409747053,-0.01445530598922773,0.02210136299065435,-0.006528983599048632,0.006431372496169763,0.005890151931450038,-0.006070388096270696,0.00724880158677621,0.015179792618744692,-0.003036780606617717,-0.01677224015694223,-0.0046931189132684015,-0.0005842581738155772,0.004386803741398104,-0.018739156580758087,-0.002617034313371125,0.009143162767932811,0.0010046609940435047,0.009967397733795291,-0.007660104181331784,0.01189662398681035,0.011444266971837314,0.009456500295765835,0.01200182314791265,-0.0020052525684950417,-0.0017776849042497878,0.008693557072599,0.0050847116492021005,-0.005070907170417693,0.002747153946294656,-0.0008435415646684818,-0.0034634843194373266,0.005474720493536811,-0.006674043524390938,0.00022403882316379686,0.000210295535113314,0.007643270707522465,-0.013238176065566765,0.005877834879829846,0.000538143625335552,-0.046138462584538686
2026-01-14,-0.007713004505410015,-0.0029726447890964236,0.010115585849138853,-0.011893840043485815,0.0029089316852741742,0.0026126603131291226,0.004693439578900449,-0.008083225130961047,-0.018197059106455304,0.0008647342315943884,-0.008552617240336624,-0.020653576310247224,-0.00610425659823266,0.00721863943957457,0.0023934357562893638,-0.00605421999625122,0.018205276435955486,0.007805404270136096,-0.0019703129904712346,-0.016237629696439826,-0.00554611663263771,-0.021949753076486056,-0.014283630965023164,0.01704995800740039,-0.023345860863017043,0.005223409020611136,0.03270944009987131,0.01126638059013807,0.009837322319428576,-0.007477200298355635,0.00220863514826819,0.010712243791734188,0.02438691390262604,-0.0001935222942670567,-0.0022908980007787516,-0.0009912442495226825,-0.014495940810052566,0.01370953843175493,-0.005548189822040861,-0.007381981314851904,0.004748333862397924,0.0018422228292074294,0.001188227820413168,0.01589990231466265,-0.0010668884455771188,-0.03514783646225439,-0.0070495122044472724,0.007928721492721502,-0.005590562003619737,0.006848751357345861
2026-01-15,-0.028509918953711355,0.007081411031206297,0.005439697519562747,-0.002834439351378837,-0.004557376156857584,-0.004081235218241552,0.0038421524574272503,0.01640857915512961,0.0006183338793985804,-0.007740920441907995,-0.0014977994429462571,0.007406131393326465,-0.010480963333030502,0.006516740194307813,0.019969196992613236,-0.015396397381796656,0.0035664428805601833,5.398912318543836e-06,-0.0041018571096159695,-0.008341664287271011,-0.013166722913284246,0.029459978075631277,-0.003223666075770959,0.02106004705614173,0.015027709132365397,-0.0038045089624870743,0.015967705199088078,0.013001294602002389,0.004153796097991602,0.01863536018179146,-0.0018392675828545757,0.001758926466458366,-0.012644783302987905,-0.0046894812760077675,-0.00551446642536324,0.012813417305447272,-0.008606158593672641,0.01266037442694623,-0.008637482545285846,-0.0020104255195954046,-0.007889013299427816,-0.0010768010662514094,-0.00557380633873672,-0.00852155023499801,0.0030632738933622505,-0.02598736594908191,0.004725467134047978,0.013088026602806835,0.004844893006789919,-0.022794929024732236
2026-01-16,-0.00652017720490794,-0.016531699017360735,0.0018049433899514078,-0.013820959252159537,0.034149778859806634,-0.0006496652787164603,6.676670599392587e-05,0.02622325673509862,0.014545221608302183,0.003680943827129468,0.025629844461191098,0.020234487119928923,0.012629417162550727,-0.008843027045046248,0.01630137082521599,-0.0006963976563977292,0.017433694040468906,-0.012463527461234025,-0.004452933725445196,-0.021863682717145783,0.023555416965059583,-0.011926404385653622,0.006967561159415769,-0.02436507179414238,0.0009626520986951714,0.020139417207385435,0.005378050990818117,0.017937108969780624,-0.005624121940315141,0.0020855159175356963,0.017523451839365656,0.012708816766232367,-0.007949576363865285,-0.004163147024643377,-0.0017915233699383748,0.022822287334942182,-0.0292607937896201,0.017290503341910846,0.014942122469288721,0.009970894061152702,0.0038085289199840666,0.00015139368568850564,-0.04856218175224569,0.014011480651710873,0.00043524763545366163,0.010639586376689714,0.010962503622194308,0.024062426949617466,0.008558161906032646,-0.014116559262421169
2026-01-19,0.022966240095205537,-0.04458254380260651,0.006454338244647806,0.00690450791738928,0.0025904937280449847,0.03767126445447122,-0.0015053133665460239,0.00441675874603864,0.007052852711181279,-0.0074720205848684,-0.0014239354362114431,0.016077086049187228,0.024468440516767886,-0.011631908277136449,-0.01181726439199271,0.007952181813445591,0.01568587306152014,0.013290263508127786,0.005042941359438391,-0.02346128067646025,-0.008076088734390474,0.004050353247220695,0.04409700989067922,0.02885316347816458,0.016067049674273637,-0.006799244262316151,0.0323079907371433,-0.014696522487183339,0.014517273876774262,-0.012830678176766863,0.01020273228413826,0.011776884284134148,-0.0033202071621108997,-0.00189070549235415,-0.0029055458905612452,-0.006876567378058862,-0.0015237165343857662,0.009819584027748185,0.004682233541057457,-0.014495896214606563,-0.005868809706386036,0.011430715864152674,-0.027756778444758656,-0.007138995406237414,0.003479518111946689,-0.02562649061430644,0.0049054219446784675,0.00392633656620589,0.010400180303478779,-0.027971851265406356
2026-01-20,-0.006124503996956965,0.004363885751974994,0.0011016600043420866,0.02422999725294739,0.03170443712563498,0.007832146831874942,-0.0012595514595281632,0.01708798703369152,0.01742861404263696,0.0012909201801758474,-0.004653576873089982,-0.004252076189007692,0.009425821404815515,0.01521199854751809,-0.019315864485989986,0.00634045013708362,-0.012829675985013167,-0.010719237050445862,-0.011754559070076387,-0.0030811789469608053,-0.016784888774803997,-0.010557072909327392,0.007210244607638527,0.009830593110739194,-0.0032007015113664217,0.015642977958390203,0.014118507163391802,0.0025308689898655423,0.006755267263365949,0.010637797668000326,0.015893476661359207,0.006789065768447067,-0.028791426485557325,0.002638274595533341,-0.00609274136083604,0.002129058986822141,0.013862401504664001,-0.005255872856949506,0.004799911101807108,-0.008659877698030671,-0.016465567407459192,0.01037431301739522,-0.006281674885263322,-0.028712505342552652,0.009026625960884216,-0.007944250378839723,0.007200532560897255,0.0002136043179155056,0.009929514447710952,-0.012494431201106604
2026-01-21,0.008409564518992774,0.011835146870021518,-0.01884980502259448,-0.007438427058705233,0.02957785709586802,0.0018535107868125067,0.005829874503447741,0.020260629910274774,0.01437504864710104,0.021368107326816377,0.010639837236068317,-0.0006803506900268097,0.02336211628918039,0.008217052656931845,0.007409637741908615,0.014143429038970368,0.009004403527062443,0.01572281626833849,-0.0027997868159227446,-0.007128125676786556,0.008699964388866332,-0.027113191667516134,0.0007710147975326098,-0.01491352157349235,-0.006843702595573875,0.012991069637487307,-0.013055213843633062,0.024935770244070232,-0.008843554274931664,0.008235406646600829,-0.01333149677020462,-0.01943157462991152,-0.03930372950012351,0.004631004573325992,-0.01447557330458682,0.005363523235291323,0.0010740705586180788,0.021964498757614637,-0.009919976420891707,-0.005220974870539075,-0.00027585411286956685,0.007862410900045802,-0.00110285432101076,-0.004525548047326189,-0.007578774750924944,-0.0017048173227272034,0.018566167492737984,-0.018323832750478886,-0.0019225796590700561,-0.023518879078477606
2026-01-22,0.01329940609801139,0.021768279883973563,-0.0016821795907513426,0.025714316291042483,-0.036515541779153504,0.02732227696509515,-0.001958944115154293,-0.01598587048862954,-0.000488632938879574,-0.011888067798955126,-0.0027198572486437644,-0.0016367995740992347,-0.0082991527320877,-0.01815195811607806,0.007373842499049266,0.009531155264096425,0.013422623193934946,0.0021960418441209217,-0.006478971659893196,-0.012154173098991472,0.0011170921638985476,-0.012839688520835835,0.018403539414140413,-0.021590874442594,0.016587066464680555,0.0022504939449619066,0.0055791975788865855,0.014788687648136012,0.007629969364843614,0.01661253806055729,0.007301922520993598,-0.017926935618470474,0.020046592159966403,-0.010300790119667447,-0.008119393942926934,-0.0012539328648679682,-0.007934099042670839,-0.011490142463979836,-0.0009119628089859777,0.011958196222485507,-0.005747291754224726,0.008581172165444517,-0.03019206204505942,0.0027200050578366497,-0.0018999305642061204,0.008060153298484085,-0.006774500877034573,0.04584686473952648,0.0055146165855990414,0.032509425090138544
2026-01-23,0.007998807864542101,-0.005201355243613759,0.010643178632100181,-0.03782689503294523,-0.00166296395884713,-0.02475716172250242,0.003755685505241191,-0.02816670664311216,-0.002733673599133124,0.000584768972334615,-0.031870301086438846,-0.006601825430015751,0.003966988877148081,-0.013908298159203136,-0.013039828499384454,-0.02269650290510694,0.01312032510153438,0.014701473647152907,-0.005233546065611994,0.010258457577365876,-0.029353119375868042,-0.0056504779117482196,0.019827567393495782,0.02332811497197418,-0.001565741547638999,0.0014879892948005402,-0.0028691459176845013,-0.010559788234269951,0.007568814226468268,0.004020103398871155,0.00326538385934394,0.002435665493708994,0.00846591841926636,-0.0012565836880135128,0.008134061133825865,-0.0033370859738602876,-0.012025863550913396,0.007468261669022258,-0.019368526752665205,7.134150570764497e-05,-0.009679452660763754,-0.0007785075384025841,-0.012367125478446428,0.0023404586464841337,0.05520188973389395,-0.028641112685395154,0.022544338281912824,0.024392694972837026,-0.010036804055215787,0.01945900744533846
2026-01-26,0.006331269102911152,0.01480614154157811,0.0060406994399893055,-0.012425149124718038,-0.03299510335966127,0.008501143000482436,0.0014230661550931334,-0.010051856174418838,-0.005670782405285846,0.004908758881055686,-0.0006836301520060095,-0.003647774473459209,0.001670045503035844,0.015383015803994482,0.020328268583619025,-0.021335258367764176,-0.014928068509400094,0.013209042954966721,-0.0024569851553793987,0.009728187496846452,-0.0070247017782349985,-0.020679101454610493,0.0013101174988194852,0.03964352656726988,-0.02063620980686931,0.0002693079777038587,0.0024570331198774387,-0.006327072129371891,-0.02739141120191957,-0.0017477212109479057,-0.0025967292700148636,0.001154610929662958,0.005135433733861605,0.002638151675193212,-0.004728948435159475,-0.0019446737426024319,-0.00893764826231036,-0.0033116458460610287,0.025039714636640786,0.01092393715293527,-0.0038635534750556255,0.004058437785996016,0.02024860073263346,-0.012950023367180319,0.0056112082603030355,0.017680719158103875,0.017234422331258603,0.006452882357933287,0.006225251227137241,0.013207576508173169
2026-01-27,-0.002904038506493123,0.03771137096998345,0.004429365132908147,-0.0023686699412376333,0.011278790325624843,0.005843834196463282,0.008538689551210066,0.00646260036747881,0.015531917965316389,0.0017812319791916664,0.0019857367829618777,0.00866541863180914,0.0058173374917223075,0.004020485288488196,0.01573230559459282,0.03458243080893042,0.012916898963041268,0.002318736546149891,-0.004110882486962009,-0.014486543775376726,0.029678042917080427,-0.006992271151070484,0.0012085865135247342,0.0023592276347546015,0.014309147658907673,-0.004412047913042838,0.0024336656529280187,0.003161940904842453,-0.005949129079116822,-0.0017916529209226484,0.006927574395962255,-0.0081880623033318,-0.017197667451336107,-0.005106420186522964,0.0046628385896225755,-0.009486499415067295,-0.011070577536281823,-0.0145481217046739,0.007797188088975782,-0.004035129025109052,-0.021377196133790632,-0.0033741345685772695,0.0243424408443067,0.015071934245744378,-0.024797053217327614,-0.018716519653896757,0.013771987660967877,0.016833526879395322,-0.0013885068795300715,0.018763703756562222
2026-01-28,-0.019907533184949422,0.02096739518183921,0.00318882460304426,-0.010215243425038989,0.03250558525824099,0.0027891108859272595,0.009034222198216924,-0.012601964801309817,0.015773410562749612,0.008790363421533831,0.015104841477794784,-0.007481640041557713,-0.011523889206079718,-0.0012063742882412187,0.0042698950620434495,0.005864317519568285,-0.0011002215242086333,0.017633205869603374,-0.008110830232391009,0.010446040088201602,-0.0029529878267723353,-0.0074326119170115,0.009629219827790081,0.0057679842387496905,-0.00777806070735354,-0.00629163554954848,0.01309119583286944,0.026584525638122303,0.008601229300317925,0.011106507190698833,-0.007371468696090289,0.0010551800017932766,0.012890004466592941,-0.007767130065211458,-0.002795439754739504,0.0013823302280346894,-0.012643407752242264,-0.01818637317605809,0.00395894524885021,0.002910445704061626,0.02226073918115512,0.002284365764316121,-0.010838214674160573,-0.013018774767653563,0.010332600755297294,0.006278410617179375,0.009121540468070455,0.019124943532619065,-0.0014754709133120159,-0.02499253916080335
2026-01-29,-0.013127769686001267,-0.03920388358708915,0.013091655370417676,-0.010995535636173948,-0.0066241492968964755,0.01778562031211206,-0.0068010739662338615,-0.02035057306266541,0.002533313462310227,-0.019013152491021645,-0.002721086485275026,0.007733585817913724,0.004104204294334446,-0.008390611828850592,0.015807376476662416,0.004803760511946864,0.004528618678263374,-0.012320745189280724,-2.719000292050744e-05,0.017140253631605207,-0.0012053937237047618,0.022744992202045067,0.0017531182394125988,-0.01054373262028907,0.004170051216548343,0.0032303857525481927,0.04559944437348595,0.00022226044972395442,-0.00392557047026687,-0.01038671936041391,-0.0004319659973206491,-0.0008131655801729698,-0.005932307759254796,-0.0007700478796445198,0.002080711446627914,0.002165083991152228,-0.01401408916908109,0.003318634159246603,-0.01019490307127191,-0.003581987776922091,0.008797443199275445,-0.009472497254167322,0.006509255271702319,-0.001994272328245006,0.012490703659056468,-0.011144294239290975,0.003914992824193275,-0.011491375432260642,0.00590071450986529,9.080554791696116e-05
2026-01-30,-0.004554639832190954,0.00997565524975541,-0.003711668591876216,0.02201776009321854,6.487520349285347e-05,-0.00016778854888532813,0.0008649738257910933,0.0234026564321812,-0.0012673788874288938,-0.014206019366098221,0.016046412126065723,0.012590529340567702,0.001481891258033441,0.017338609475215927,0.028546752586617208,0.010627864282488186,-0.01684152123259608,-0.010611931152554321,0.002483695223299609,-0.012124429917660828,-0.014232034676358918,0.010261193582881356,0.012380797572140834,-0.031116712146266656,-0.020921467513739467,0.0006934299642487041,0.04354781106240013,0.018525815429064396,0.007655975279599492,-0.00038937455049514735,-0.001126428463110396,-0.0010056285783541785,-0.007972341692475626,0.005100656330120579,-0.0013542456534653136,0.0029848601947783937,0.007307757234063628,0.016683180843374945,0.003314932421993877,-0.0014707283567532148,0.007784074768503402,0.0006480660422372164,-0.00765618347887409,-0.010657761801641352,-0.004939557759138347,0.0088223708105728,0.00983965570771983,0.030922334371614735,-0.01663604411895503,0.0011291194048101971
2026-02-02,-0.018217568614887658,-0.0011299038280174756,0.0076408992290573075,-0.016965757921430846,-0.011260392853427836,-0.008580565489705205,0.002444119798571176,0.022444589040140794,0.00959978952303464,-0.022780945565410105,-0.002904567189612295,0.004438714132645405,-0.0004755405785369371,-0.011234675065772581,0.0017753938140117054,-0.037484226644092566,-0.004567411057053383,-0.005106247690983445,-0.005482674953964262,0.019091386066111937,-0.0005599067650812195,-0.0003694750428768767,0.0021195720276656616,0.01214638300648807,-0.0011230632191463474,-0.004485044335246102,0.00365986712480737,0.01215246989215224,0.008546219272254296,-0.019259206318029243,0.025808346096508616,0.004102424990671816,-0.004373110046366091,-0.0036465003316874522,-0.011945677311010483,-0.0008099702277186704,0.02104759328887562,-0.001432496993416299,0.0065500046892623676,-0.001062308567543191,-0.0031094694134874423,0.006300499766286771,0.004548967617686639,0.020836492844069854,-0.0038653338014527083,0.025416058239860595,-0.007873729475089908,0.02293320617224537,0.015193414089070378,0.008265676555147428
2026-02-03,-0.0067632063957079325,0.021923234180409867,0.0015153620920274058,0.017153978531413427,0.024864542628790565,0.019862657114362747,-0.004649155630946256,0.005700724170409455,0.01839449926433212,0.004800574012723713,0.010585664792721161,-0.010272955897951186,0.0035799703607173328,0.005445786476834913,0.002446871958094343,0.01389211581264016,-0.014428529488089703,0.005155050610059941,-0.0032183045194194015,0.025117221525023936,-0.01462079586099474,-0.012330395085186519,-0.011895466731908555,-0.009689306080780447,0.015051915365419388,-0.005052813767086328,0.016564291159628874,0.010566029826730272,0.011836216604357741,0.003270351923816639,-0.0025560728414995015,-0.006619987415289907,0.0028410614595153483,0.020385300337764978,-0.003568756052170108,-0.00048065818289722007,0.0068871416150202425,-0.015008257415218607,0.007132109124457386,0.001735164878384765,0.02075801327468163,0.012694370142678935,-0.02792119290920947,-0.0007719183619762093,-0.0011165653172513501,0.02154485608544232,0.007515882098395821,0.028484890755628545,0.0004684259007003977,-0.012175186423259543
2026-02-04,-0.006527964182253099,-0.005251415585157959,-0.007999451936044677,0.028289605419397512,-0.030650785335482378,0.0049842708038208006,0.010163335668331275,0.02100723492813006,0.02896215529573598,0.01115605390657759,0.005312941943509175,-0.01145884748190229,-0.009103316339158174,-0.006985057208099277,-0.002314141071338205,0.012804275365994267,0.008322012106869003,0.0020296945949878076,-0.0006776587397049338,0.0030634520967589562,0.014374254528769503,-0.008748707580807924,-0.0007742766205184326,-0.013135423188021744,0.015042190766650254,0.0033783872479722366,0.022375488065838,-0.004031851139037923,-0.014366862251516732,-0.008496934532937872,-0.003748089795957532,0.009632596317025621,0.01974128275585918,-0.003187724048834273,-0.003632174981465286,0.007715198239373722,-0.034664938024332015,-0.007513733175447346,-0.008278178526573976,-0.002617481697295365,0.004828249576678267,-0.000759664484303868,0.021110295046956606,0.005095568208122403,0.01170201896197276,-0.017295606162981425,-0.013336125516527408,-0.008035027382608084,0.024162967179162775,0.02085176940015665
2026-02-05,0.005705860099138205,-0.012294577938475437,0.00035273036480010234,0.013772857927187854,-0.015142996236958695,-0.004384063074834965,-0.0008562463194634606,-0.026481411088870477,-0.007217165733560793,-0.001487126698928365,0.011440766463960639,0.0087452232420413,-0.003402374787485729,-0.00564079056928668,0.01142130282245235,0.02261690276308026,0.000559283800924737,0.0017482284465508702,-0.006703218809112399,0.00822566872497199,-0.01366504748075803,0.030220974080998886,-0.016503408327003144,0.021650450323311476,-0.0031562202143220475,-0.0058376610413228835,0.0033338927420032416,-0.004035269410624487,-0.009741869882053167,0.01699438938776887,-0.0010755576337055928,-0.007640236102254838,-0.01242424216836513,-0.018379298504162866,0.009446532097554972,0.01442167809575956,-0.007446423029032756,0.016749474831978972,-0.0016967468875048741,-0.0071549233658937395,-0.004142551830412233,0.013689625058317612,-0.0018090438218650862,0.010080017839738442,0.001568421321473057,0.04142755234732509,-0.0006936156671230043,0.023785469175910068,0.011535187911106082,-0.010665767296965112
2026-02-06,0.008246444450473955,0.00486120396627765,-0.003830986193791963,-0.014594019754347376,0.025582505900055397,-0.0070785367565598944,-0.000651548542621283,-0.012237918467862263,0.019147675345350113,-0.009803467949475508,-0.003932608968028495,-0.004217842441903041,-0.011569506504586213,-0.005765022706440082,-0.0008666144971674061,0.026189739263803302,0.007016938467422129,-0.027450571832079218,-0.008952691583486438,0.005650322566367771,0.015101809323154525,0.008379925915447561,-0.015457915519367038,-0.00573560332029599,-0.006903861459129579,7.973662282245719e-05,-0.005737169004760179,0.014923886492292926,0.024294631234160535,-0.0058014272350191964,0.0014005772217555723,0.007907341493593956,-0.021089221740480113,-0.000713117157040366,-0.007049225699833017,-0.006434180020092994,-0.016836862678677345,-0.0193207598843238,-0.007132308363708262,0.0007349183675247062,-0.023554194323202493,-0.014371252814818658,-0.0067171810759426576,-0.011791544187972902,-0.006964624193397606,0.00903921448286904,-0.013730233199880315,-0.009907308230719725,0.016300970804585813,-0.030977964466421204
2026-02-09,0.03464110649387231,-0.00382562072834991,-0.0021830916463495553,-0.033864204000553344,0.013087301409517194,-0.007772256017167356,0.010958361340627887,0.01521271383838374,-0.0016680257978127777,0.004840288538447313,0.0022734540483231314,-0.005353862145716981,0.0023180187161944144,0.02628539001252772,0.013144348708479914,-0.017310640458511273,0.009142331519515379,-0.014421811739506518,-0.002105121767367324,-0.00903855265397846,-0.001319077814695091,0.002791859059184665,0.06947682919091736,-0.01750064394116735,0.014721449706289969,0.007430349855310547,-0.020123318584750027,0.006920200326562709,-0.017813650072113107,-0.010789169764642614,-0.013103036231638443,-0.004666520152618925,0.013324280179721093,0.0027709747285711295,-0.013322232773885112,0.0054550348834569995,0.02389287494300807,-0.0042997483123931035,-0.0035400381008121595,0.010549794148810188,0.020432594616945465,0.007991116831774336,-0.019711415358114714,-0.008822869837726177,0.010836933401582094,0.012949078832907857,0.019146241989077994,-0.01044002923328946,-0.006004826964849164,0.01893554024878452
2026-02-10,0.04134392286752231,0.005301134682382802,0.0042946598894670895,0.0034780978608004443,-0.016445966114554067,-0.014382062776901683,-0.0011542150529494366,0.02218640540688188,0.012634794216106693,0.0007610990351403224,-0.0015161316163500027,-0.022931089890097067,0.004594938743910815,0.0015705287217342434,0.02514684297737335,-0.03268990890243284,0.004743719759670251,0.010014537141459945,0.00532924217130204,0.0017068043169907732,-0.013549760772260555,-0.004328909470527442,-0.029990669047119667,-0.004210351201771156,-0.009584708320323876,-0.0004414958256193646,-0.016465634964674347,0.011577807484635771,-0.03017435986760697,0.0010779519049806119,-0.011216010617550065,0.012579194001744343,-0.005020244477023317,-0.0014129810346188432,-0.002985601708509922,0.0014154427963934957,-0.026182147794245547,-0.005576062351670741,0.018001894896175097,-0.0020240692978094055,-0.008519026945889574,0.002310924469810516,0.004543491102443564,0.003592375800223868,-0.007000614866165433,-0.018460529972646578,0.002205965875003102,0.017683425867741187,-0.015327422633819032,0.0031797354929465893
2026-02-11,0.009562833260498671,0.010214185361576922,0.0035256603416291554,0.01469964437824034,-0.007689034954634022,0.013841869696344267,-0.00767351623052781,-0.031044566886850755,-0.012475403390951878,0.04305627005446766,-0.0026388496349019075,-0.003545151353515852,-0.0041275281223133176,-0.0071064020002031825,0.004583532292780079,-0.002705012233294224,0.0005340820351213971,-0.0006887271136950535,0.005891253584313638,0.032511067877063704,0.002903687999612492,-0.021412431902700257,0.0049072356214261426,0.01576401592659704,0.02712398219138179,0.002423051168944035,-0.022712628883156616,0.017729339543200107,-0.017145735854238953,0.003901517794675069,-0.0033247779583229775,-0.029790550605963473,-0.003870053661960693,0.007306426278707034,0.0032732745301695676,0.010207492034725707,-0.004679517962641211,0.013562619640148377,-0.0059476003217135975,-0.005590244727094351,0.003591501405413533,-0.001604399928433753,0.01515909826933659,0.009787613408525742,-0.03794557802995491,-0.0008376826686044003,0.027554455336390893,0.01532040299401638,-0.004979511496847833,0.017121746273164984
2026-02-12,-0.004015803498249815,0.013234038312212704,-0.010320206885414351,-0.0036940798340003855,-0.002893326573332744,0.004045802880946914,0.0033564261745822055,-0.01724533656372418,0.002984837232153925,0.009010737471484287,-0.002290044754255538,0.003243292256144281,-0.01740444817128073,0.01869057181734246,0.01994693531408198,-0.026736471151271757,0.0012110019499744773,0.00713408533311366,0.004032179591109797,0.009177973193378097,0.03672051786121022,-0.01376628570739169,-0.014714987608005381,0.02046447756592462,-0.0031541160084008757,0.00256559663525624,0.008776338777912729,-0.011782186915304638,-0.0016845174359568782,0.0021013935234284187,0.015304336690186604,-0.006577923674637387,0.0029815227676339706,-0.0026549124307352345,-0.0030525902433452545,0.0006958246262214196,0.008110117383029136,0.021112296637978423,-0.0005623094511292281,0.009590281843435466,0.009929094115037618,0.008968686160704564,-0.009312954574688947,-0.011812042102555709,-0.004393290332187605,0.0032044086333089528,0.005452816287220941,-0.038652748803415515,-0.047299526795274716,-0.0008982510076566141
2026-02-13,0.0034577935904798185,-0.0021555447506118597,0.022111344381192888,-0.0034689277166706223,-0.011712930753969841,0.009483319870322582,-0.005640111942063819,0.01101870158869489,0.005602353519936765,-0.0018832175089502634,0.01091619616024353,0.009137266647913478,0.0047118748065311244,0.003893203540832557,0.0010375370642639048,0.019612787781889907,-0.009777515881204013,0.0061165204626967284,-0.008345769312399276,-0.008935608843842258,0.016429930950916827,-0.031168734537754483,0.014390780193387132,0.03071832155834464,-0.0016477440878353011,0.012373361280179962,0.002041105130407006,0.014449687682636547,-0.017145283092613428,0.009534909057286267,0.00549753439776679,-0.02755842814056164,0.012510505535637817,0.01994904901000072,0.011122498289670268,-0.010842724657465497,-0.0067862727659988575,0.008597205720298762,0.014332628130166336,0.009106159308786443,-0.03585716884442769,-0.013473672151396054,0.022502720367632012,0.01452173048372063,0.058348035356857064,-0.012549123536095164,0.026962014296546988,0.032378551984141524,-0.015569322687528642,-0.008270164925790913
2026-02-16,-0.03713089737275366,-0.008995291108394032,-0.0013054872136247786,0.02977740063717449,0.008735719703034439,-0.01264842961578061,0.00867162954314371,0.019229566791211905,-0.0101082785132941,-0.02654373436921187,0.009895396908187193,-0.009520504565453503,-0.0015834426628807963,0.007224345977177249,-0.02690684158934953,0.03453590297133102,-0.005879034963904628,-0.005834155347437697,0.0037419320886824536,-0.008729615137956004,-0.0041479621148059476,-0.037621814651107255,-0.026524436802787932,0.011582995248633043,-0.015098973897559653,0.004603552962059165,0.005894246866186004,-0.002183568412778447,-0.024298904749977757,-0.0075202773325963035,0.004582608987719228,0.011736526059649366,-0.0023538155995047605,-0.0014236271997504213,-0.006030726634971506,-0.002288374155306916,0.021998975099558615,0.024890810110279382,-0.00432912581081113,-0.005657335630710469,0.023507835108477204,0.0032265752410978177,-0.007756294089317883,0.01064920975892325,0.0044674229725589765,0.019478500862412096,0.019027179844135045,-0.025075716376445345,-0.00788722515150686,-0.009255800540170056
2026-02-17,-0.03166561107050092,0.02885541572599659,0.008735727656127068,0.03252478280254367,-0.01293744456573398,-0.029767263373840613,0.007446701845555959,-0.017598885393274255,-0.015840662367176073,-0.02147480081836861,0.005849234412716564,0.009738906011045767,0.02208668916531531,0.019243420782860454,-0.0016603202607810008,0.007283085181971405,-0.0034698879495289603,-0.0034544069827215917,-0.004021318300832966,-0.020556879628247704,0.01065349792782433,-0.013456969220591364,0.03148773841553898,0.018405742333407638,0.006946209654965951,0.0014077707651549698,-0.011898494336974985,-0.004578659777037197,-0.003596478491388777,0.02067383203121209,0.001462487948962643,-0.0020536300954638875,0.004724510411352023,0.003923604658379487,0.002205071698800687,-0.01516398968349053,-0.02292164967164989,-0.023905275396874592,0.006948569938243665,0.0008573236076845347,0.016733120336790197,-0.010125123547077064,0.013487691275245073,-0.005075518559686576,0.046906858800173756,0.002232865759573821,-0.033646988754423846,0.01770843133038058,-0.020199626370474788,-0.00524671021575851
2026-02-18,-0.006660623678966582,0.0033062838516946247,0.00013894546220405424,-0.013967272767070993,-0.009309336241043464,-0.012873048187501679,0.0053199161282835306,-0.007757508947992431,-0.0003239285588433338,0.002715916148311903,-0.0072887386218912775,0.007690790814609105,0.026634360421621706,-0.002920485706469522,0.04456444595381237,-0.0016237597453667707,0.004138444163259036,0.00833859472205889,0.005110409372994562,-0.0015514918656760468,0.01402271388136822,0.00015674271612353685,-0.007374727289332639,0.009107059071504997,0.004091446770267071,-0.006163983359005254,-0.05690008430415472,-0.01892257140387099,0.002219315908663644,-0.008177425023534246,0.012589944753552462,-0.013307869533331629,-0.0061859722871225875,0.003860070590243625,-0.002377693785507229,0.009865055888507168,-0.00345594026424223,0.014751371486690035,0.018933911939170933,0.0005208228876099064,-0.01744650299681194,0.01332970148637802,0.03721153376013464,-9.053834033445618e-05,0.005246920489728302,-0.005251727667272776,0.006530290086058432,0.020220758862834254,0.007667224201569622,0.047520789465095525
2026-02-19,0.019780962215169007,0.021604838529452275,-0.00040080391780983327,-0.007433017324553148,0.007311790255918105,-7.410371994709397e-05,0.006857140097616954,-0.012100031945807777,0.006336849434793068,-0.02010809015527537,0.004060117427865162,0.024095009111091636,-0.02096601641435103,-0.001529308717859057,0.012037120674553758,0.011834683078570496,0.004711562000849989,0.002398142516206292,0.0024942919777533046,-0.011563225876864203,0.009980076734198207,-0.012075404760017117,-0.002063996996711226,-0.014814403414885713,-0.003156699425593601,0.004896415468445436,-0.007789501326187831,0.013125224149916237,-0.004447841259893726,0.0036590010404118356,-0.0012438152926114165,-0.006755413897946871,-0.009286508012617212,-0.006224029635780837,-0.0031195356674603714,0.010944258839093335,-0.003045994048820444,0.017662957619577258,-0.007409238703620535,0.000958731059555129,-0.03078620287258038,-0.0005333066834187772,0.011280258673484145,-0.00830305414412591,-0.016954731631145248,0.0017663248876158555,-0.003373058335174872,-0.0064775134221922714,0.008557192905423117,0.01419521464635043
2026-02-20,-0.009584905109124131,0.03778317773220219,-0.008740789242244862,-0.04389950832271128,-0.0010937717302148542,0.007600826673857641,0.00967497193241873,0.0005399164050221561,0.012301227359218014,0.027765230034303867,-0.007202979204473214,-0.015762823074772503,-0.013829460387144832,-0.008087140780787871,-0.01018195523813703,0.00834176713578505,-0.007765918592021803,0.018120194798012523,0.013353603093429811,0.004565915558194522,0.016386406584473878,0.015126335420735604,0.01343849011925169,0.010025194050433228,0.014271227857406865,0.0004606392159423045,0.013179060163665879,0.0014872336279487808,-0.003947300535953158,-0.01144569328160383,0.0049071553557631375,-0.020679612399989722,0.005938136902029045,-0.008244575494714801,0.0008552909621413196,0.0060022207739665046,0.014001158281308212,0.008290941807652219,0.008439549335016672,-0.0018044790680796785,-0.00247104503718798,0.00010325922492615547,-0.031164965975526204,-0.006081210775386037,0.017841580480194352,-0.016917010155427903,0.003494520092329978,-0.015438807259881782,-0.02690673182812897,0.013127747486186392
2026-02-23,-0.002064087183042851,0.005795969372172527,-0.012328274980451304,0.020179291311141823,-0.008069890443995642,0.01006016816774613,-0.0036276395447218945,0.0017096618203962244,0.018657236351651063,0.004355411742226645,-0.011017045582800145,0.008345334336713472,0.013790013237649168,-0.006238787316971139,0.009313913580378808,0.011591130634837965,-0.0034945361874650915,-0.0028022778782338387,0.007811276204376272,0.010711067993403267,-0.013069537613510374,0.012201151815794953,-0.0074399743930756435,0.0011411054567822543,0.01224804695210202,-2.195100511659387e-05,0.00910687344966954,-0.01806356724955105,-0.04297887016495294,0.00625109418047054,-0.014418895737216775,0.0001937641312881322,-0.008226806001327525,-0.008065880582025065,0.0033376348913771725,-0.0017194764351484704,-0.007936555588883287,-0.005128426807601616,0.0011383199791017429,-0.0018973872063980934,-0.013384791246354055,-0.004047997623016442,-0.0030532917595389453,0.0031970126274183386,0.0011329428887620896,-0.009465073006083236,-0.012241467538335993,-0.008655279298833918,0.004747881635205564,0.028330875307977843
2026-02-24,0.013260084905534875,0.006621476868254428,-0.006437035951069037,-0.009677156369715001,0.026983325295725447,-0.008903504539168883,-0.005340699740454258,0.020478493841650458,-0.0068806478514270575,-0.03312925890987317,-0.015293357547178865,-0.002698461073829317,-0.002171136396601381,-0.004374613523197457,0.002441744766412901,-0.03356251684725098,0.0008682009709723992,0.0030311099335829095,-0.0015841090994880291,0.01430473844340141,-0.0007407137207978698,0.0004211339767830058,0.0006496269337097349,-0.0012292643859389552,0.0026130672252582254,0.00016777972085457726,-0.012148709465731988,-0.003911627901279302,-0.00021979253623538586,0.0011540308910282793,-0.013706882544356924,-0.007049537545823492,0.010804555351546563,-0.006648271779650661,-0.004525271321296542,-0.011380024929009247,-0.0005998349326259422,0.003439237468061629,0.011001152087910304,-0.0031751037866932785,-0.02355268137638289,-0.008305988321886115,0.028961839722252414,-0.005663785392076237,0.012815713527088546,-0.017919001125796585,-0.023580151866780197,-0.0014833390892107223,0.023431861022518374,-0.03003586436204364
2026-02-25,-0.005652372224711044,0.017681687981686567,-0.0003220636473216798,0.01872533703761392,-0.027927519073550178,0.0067837114281275035,-0.004453253648012079,-0.01738908481240664,-0.009385706550675277,-0.009387286291760888,-0.015468863225841734,0.018665145506340464,0.0024522207615624847,0.013532440147692393,-0.011208395906013413,-0.0006061163965024319,-0.005617064478395384,0.02472764737052824,0.003748192702248465,-0.000255191022468515,-0.003771441851014523,-0.013645970055592649,0.022767965413210023,-0.014541787592649347,-0.006841666158699855,0.005958013071962309,0.014837419435101307,0.0016411136247318492,0.00932277480115351,0.027480543481565034,0.0012843412710366042,0.010659483576040296,-0.012129999842021566,-0.0024765230362168156,-0.009511525927704878,-0.00684999657131502,0.006770573015316028,0.021027855918523297,-0.02392395659596469,-0.009691044821144246,-0.0007452612275599124,-0.0004493761146358022,-0.021339191543412572,0.00016173562637855632,-0.03106382346217218,0.004007804371874535,-0.004595969143056267,-0.003485445114592589,0.01548809909531168,-0.016830771747531115
2026-02-26,-0.023607442283566704,-0.010272121343722684,0.004742745100305257,-0.000996388486747879,-0.011114277461925726,0.005406161285905986,-0.004148582548983537,-0.00369905478679311,0.017400431909524894,-0.0064576066400144905,0.011698093595702286,0.004723635172239282,0.00014540831226805828,0.008072162815247808,0.004926941244616234,0.023247148358705783,-0.012838216911435274,-0.004018862174163584,-0.012214064247324963,-0.027561965281517997,0.04031649957856276,-0.016965297852296835,0.008225914669160783,-0.02034808992733439,0.004450131909129018,-0.002461362537740208,-0.0014520415018884902,-0.01982072739548002,-0.011710358584684388,0.01313486585158774,-0.002186394736024555,0.0016354006042518243,-0.003684040985566628,-0.006414528669172692,-0.002004095479629431,0.0029384236653786644,0.007172907025827291,0.002081306831718477,-0.0038546171408171404,0.00026286507229311695,0.004522640804548672,0.004085141833178874,-0.0025964655690247085,0.003538975856142157,-0.05216569132943316,-0.032233046671285126,-0.028267622328031705,-0.0009777911973417597,-0.01159775584685474,0.009893888698224274
2026-02-27,-0.00030772047461491425,0.0023716648036278265,0.004976100740516243,-0.011297102366876532,0.0014621040635089955,-0.007196708111554928,-0.009509651519955753,0.006878492582980789,-0.004764062374560507,-0.00745000819208208,0.0003623803677759163,-0.011195707836231472,-0.005515187259187759,0.006925887136099984,0.0015346222958925182,0.005357258946706134,-0.011544051913556785,-0.026569912420808528,0.003138731520427873,0.0666059501917009,-0.003828724888780388,0.0029423002309469926,-0.034414231510789706,-0.029385429730048873,-0.0011903775147684703,0.0017931866854514755,-0.018092357860675423,-0.005416806453565903,-0.0021131796762123845,0.005738447362951815,0.011330427801725884,0.012199620038986447,-0.026108569736592924,-0.006613851356294109,0.008883144106537566,0.005634027463050417,-0.017410752860977374,-0.038623786031579455,-0.0023786939467985713,0.0019788541779761637,0.00975576957421187,-0.004202273924612032,-0.006103608260040194,0.01948012199855209,-0.0030106311927475815,-0.015705627090843888,-0.004352370909578851,-0.008005377667208768,-0.005869799443546264,-0.007422388439286665
2026-03-02,0.01226011999333032,0.012768067933701444,-0.005363343064100579,-0.017874418831126393,-0.04741323112297591,-0.001452017339505729,0.0016413708043609976,0.03806531646188005,0.01282928888778434,0.02247844084694206,0.002834080785641513,0.004838741930676793,-0.0034870464867636786,-0.0030428091139066415,-0.005613699914086556,0.023142776487508288,-0.008707821316036868,0.009093262184400652,0.0011948989707373237,0.01570863319643312,-0.014916741715135018,-0.006220916716231706,0.005751422164141706,-0.0014927522148455719,-0.004941714155414556,-0.0012286423862072349,0.006694576051251788,0.02411849476765493,0.024896219173306866,-0.007071835820071537,-0.010623163263411173,0.011303749690948717,-0.012633883194266171,0.007230542039858401,0.011597154564991996,0.0067407054755359574,0.01744161165129343,0.023157435596383946,0.008685994402831687,0.007744769210829006,-0.0006001829753883303,0.01005985761414907,0.04116895922590702,0.00033101355563469603,0.019007269821761152,-0.0032455761898071422,0.0035867154842974536,-0.012815756685633395,0.008236188885346163,0.0027608787521333777
2026-03-03,0.014720586420643444,-0.0012441869007202566,0.008004188920573752,-0.02264206999212104,0.0006133513685617764,0.0011050274531776427,0.009944598893018908,0.0026244145491924886,-0.008507670758558405,-0.013564105234020851,0.0008234928678338971,-0.015675329813783945,-0.0033753598529603357,0.00778380899061859,-0.02037390788024096,0.0006399827773091449,0.008529964049794447,-0.003760831756206451,0.0033950674189675567,0.01079152192634436,0.027831435079131106,0.019285618686939232,0.019389089117566316,-0.017427081682395262,0.008723673774646556,-0.006127266837916756,0.016035852614383783,0.022822475538585296,0.0030086559556714576,0.0161143087336717,0.016125371579120307,-0.00866196406781039,0.008892453048872762,-0.0006861443829724312,0.001559356289827507,-0.003162085027574535,-0.009476984310919812,0.018627368124695343,0.031245953132429394,-0.0006498987494533148,0.002128078045961157,0.01748110023933558,0.0040670264796824895,-0.011271957263551902,0.016064784925656994,0.006652332055521404,0.01991031986231473,-0.0021044297709332804,-0.014325939436032442,0.003896593282883387
2026-03-04,-0.022366045237219967,0.006565314253264898,0.003242345297189919,-0.021881840526819296,0.011422495287729983,0.030540876827758634,0.0028819778459967527,-0.024134305548749735,0.0029118400948040524,0.028219475069235278,-0.006188962607321602,-0.012410475518374486,0.014616016180933222,0.007776625297686746,0.009884412725238656,0.023166030208665367,0.010218527834964908,-0.027706731548110874,-0.004845899202718051,0.030223536094498016,-0.029198787520090974,0.026763379296162126,-0.0047680457579769575,0.014047031900778606,-0.00509516064673976,0.012377939124278647,0.012908209285946715,-0.014996727544221655,-0.007557767460518838,-0.009332849969730161,-0.010562662984744509,0.00017831252750766247,-0.014794030327178187,-0.004298948129165314,-0.0014683906672067204,0.0025548892278048907,0.02668316982132457,0.007964705573198172,0.006804513840932724,0.004458824726497612,-0.010952482540261377,-0.001677341082060524,-0.018029221469061163,0.008720718988793008,-0.033809034872364196,0.0303976808200217,0.00998392812664295,-0.008008846064380903,0.009904934298518464,-0.0195964547936327
2026-03-05,0.004394537555002742,-0.004256952519449686,0.014289453143174091,-0.0022176896310212024,-0.025889668255004383,0.01748684632847186,0.005047599598393182,0.002822733293496915,0.015954226572546082,-0.015386330348377886,-0.012212623821972968,-0.01559816120378521,0.0019326574008382558,3.130216973512567e-05,-0.00038438735252410705,-0.0051886756609209606,0.001951204482970148,0.0063197126883798305,-0.005144989383293774,0.011593353439682819,0.024079889124029252,0.011112902912795208,0.01146892999925253,0.009676149687040558,0.012020062739941162,0.00797281286746987,0.003331584930101883,-0.014853869197786085,-0.022710458519560883,-0.002134199718447638,0.027277619101271577,0.01618156990743147,-0.005181271446641267,0.00659005800707102,-0.007222446438658325,0.004019740210226441,0.009784595810664376,-0.015028516486700894,0.0011643938376872942,0.0022302844959147805,0.011418969432413162,0.003144942984776078,0.023728658230443678,0.007150574278775412,-0.02878896279228149,0.0028282321833006385,-0.0035896368549198643,0.021806295845369528,0.026256109904723157,0.003947289762421091
2026-03-06,0.011711455872691623,0.015072620974339479,-0.014054499510826046,0.012877361187595193,-0.0072642028123548474,0.01747378400887234,-0.007998647494953603,-0.01926268173558021,-0.004633263546061417,0.014206263203797365,0.017587719368004295,0.0011687139380189837,-0.017970954282966467,0.006108802330989871,-0.012714217283215423,-0.002306483613787491,0.01482678573936047,0.012372433172990194,0.007392958672683081,-0.008399284586659617,0.0035502617432268124,0.0073338980888064675,0.004976012804444485,-0.0027892383107074314,-0.012399684410939082,0.0010794722502576182,0.013011314984014088,-0.007383110598824794,0.03093275038646115,0.007996378250942238,0.012406402809750139,0.00819852116930253,0.019251265315493704,0.00523184577311242,0.003048663251184358,-0.005027729916558421,0.013849602996883092,-0.004992967521225911,0.004985768398657386,-0.00022709407579390994,-0.007833557934800783,0.0010062814215185956,-0.017024974712669172,0.008616627345334305,0.009981838046140057,-0.018554197446331577,-0.011631267687641111,0.04547376458608143,0.02656938177768442,0.0033323089584049725
2026-03-09,-0.005990434242499343,0.030494966182852856,-0.008674427782994432,0.009689358532828818,0.021513536104658115,-0.0099253360655428,-0.004342913975236562,-0.012723917818352581,0.004433685207828608,0.005331772002186597,-0.009567679956340225,-7.744780588991862e-05,0.002677074774138477,0.0044791203005905,0.023583274644376706,-0.00834666560848818,0.010682768038658086,0.019492179091892936,0.007378414444150216,-0.014425580894844359,0.02436436809790843,-0.009390427370154608,0.004908823928926553,-0.021992455641659192,0.00794679624656558,-0.0037106203304598795,0.012220752001975033,-0.0012834131392066572,0.026348763950247323,-0.006863781773857602,-0.01534263036580008,0.00515068225062687,0.011799781481357519,0.00542907073687382,0.002796299506373945,0.0005151390424449342,-0.00457169660309098,0.02812820153615947,0.00023435924615733406,-0.007544164992083768,0.01360581765433655,-0.00219884112593971,0.017624762061713373,-0.007161492881215592,0.019572334662881996,-0.008662854872053538,-0.02825563294341893,0.0020945143990054316,-0.0066702127159220526,0.004106884253462839
2026-03-10,-0.00762025178605652,0.009654704344154608,0.010979440416710062,-0.00912218107220919,-0.03097098762312711,0.007137119644027745,-0.0038049944513264267,-0.015149076869454436,-0.0012794370134381339,0.019777910790125697,0.00881216819497932,0.0034354492691153204,0.0003803040322187812,0.005002949739388418,-0.008309704544909868,0.015115090861212765,-0.0037506248007040943,-0.005556005881373616,0.0004903343808522198,-0.02872989478855803,-0.012374027660361664,-0.0237471503453921,-0.02857000032457091,-0.01783591250275951,-0.0008204077228712858,0.004368779833946235,0.0022456900532816793,0.011485747323104256,0.004016631144344585,0.0034153830232706017,0.005504845318565987,0.004277156178673636,0.004301925984796506,-0.008992786325109248,0.014725987783835937,-0.007445995697283991,0.020535922265550566,-0.0043778893773188665,0.01541588328875565,0.0012591610516077267,0.01683783857431731,0.0018870260362233715,-0.007492280576580468,0.027346335536905908,0.014119387152930152,-0.0027129394312519484,0.01557065874513719,-0.005142653609293113,0.013218152611393696,-0.009189192164225202
2026-03-11,0.01944004352993045,-0.01003963753863546,-0.0008378173865928318,-0.038564854148249395,0.0014458860267061446,0.021710318867721012,-0.015588499794985444,-0.0309987126468243,0.0085920177593386,-0.016452099534754017,-0.0014884617549932866,-0.004859347912055445,0.0064783317739749435,0.006321761884728216,-0.006137327984168217,-0.027084564704865532,-0.009816029629187706,-0.028413562064684927,-0.0028450259462597938,0.00862775366166546,-0.02725854933839844,0.0035265039281913158,0.008290533418235713,0.016787201678002406,0.005976365621022772,-2.5724410230854033e-06,0.011594004528108437,-0.005946419184269858,0.0016843436305844506,-0.006720805675787145,0.002175851922344707,-0.011260560300770495,-0.025443888017959826,0.000426218585201088,0.0005033379939878291,0.002868235917455886,0.005826815359902815,-0.029659362416184942,0.005934182469002458,0.006264102389292647,0.0015807664890410411,0.005557118797507643,0.007939170601833245,0.002537225404189769,-0.049299334435598086,0.017655854089711154,-0.00893702726210932,-0.023271358840098788,0.014972408364091416,-0.0025367496792755295
2026-03-12,0.011052114028362814,0.023013733920878465,-0.014806704678332117,0.01944607855136815,-0.007218366416703703,-0.0018301698469892491,-0.003044627719979598,-0.017050241340743844,0.015235952266926533,-0.001148065318175906,0.0034205136531346714,0.01989330032954828,-2.4295767867665852e-05,0.01480098907241012,-0.0043399581565459755,-0.012451849749193777,0.005455546864416405,0.00022082494248931717,0.0019217226301651014,-0.004906428538059671,0.001778186561481876,0.004678464853881348,-0.009673083340181021,-0.012789126617294033,-0.002752327680155209,-0.004535473216887409,0.011630045042629433,-0.0032590835821634245,0.004953420028275701,0.0023339341820320936,-0.028647184954110227,-0.011361794482324217,-0.007067261298888683,-0.006671482934161421,-0.012155032722857673,0.009907612404632005,0.007921436183187636,-0.0431335588662356,-0.0010718765514790007,0.0019302898073119135,0.005031900348869911,-0.007377254571507064,0.01995693183507119,-0.03202675952655043,0.007619700638456628,0.020329870999775457,0.023341384490605854,-0.004806549841152585,0.014442521070609393,-0.03247667056257619
2026-03-13,0.009534943318318723,0.01685135076629396,-0.0016923281555948355,-0.018312871066319958,-0.007825120808434227,-0.023127337299984174,-0.0012345876719052074,0.047177669644699494,0.012816694596460954,0.012326883977826553,-0.01118306024997151,-0.0011156554232387705,-0.00288099898558114,-0.00857973589599026,0.024676555594638883,0.03407380803671156,-0.0040282846907579994,0.001962968123820019,0.006076933145727326,0.012589790968532633,-0.031010814820220167,-0.02240283162305501,-0.008427546889673954,0.041768184013289966,-0.009768044858767477,-0.0048326098378587146,0.02571738896284037,-0.008374513894412572,-0.0010043794888638935,0.005187961830389165,-0.012811758204228751,0.00673787206273313,-0.007628957535153913,0.0017478827000054764,0.005404158303274453,0.002558386308719074,0.006755803010856765,-0.012146068954690281,0.011376998910129332,-0.002800099753108576,-0.0031869781281861354,-0.004195173548623865,-0.011380089440065633,-0.006411881791336893,-0.030929758324732437,-0.02448356533375584,0.016264391997365735,0.03773492358924946,0.012843840826648467,-0.006505728251822163
2026-03-16,0.02480907218322903,0.00475641158691853,0.00857525421655847,0.012587518683026433,0.010289403901972083,-0.0029846575598847513,-0.006877540701503482,0.004341441659284406,-0.01166047961324923,0.008792560958171824,-0.008864815967062234,0.01609319866734893,-0.004655121906100956,-0.0008493709743181421,-0.021944078985581816,0.006891414840297649,-0.004989213198835385,-0.011891795515692305,-0.008465375326957791,0.0010527911253384037,0.013515834069660393,0.01594230012701492,0.018390897794658523,0.007113047920043414,0.016222140347864844,-0.002747446098406714,-0.010014626480185695,-0.01670220881476958,-0.012787370358283479,0.02089621184279533,0.002467072316671981,-0.007933816878690658,-0.00824339644035088,-0.0006929919366845949,-0.0038701898809794244,0.007940801154690869,-0.0028295349769800193,0.015112908781139245,-0.0008601295337296033,-0.005663912828503981,0.001925418779449517,-0.017272015583826406,-0.0015631148034628284,0.005747973857304967,-0.020264431630642288,-0.008625455319088648,-0.01801988800836485,-0.01120379052506948,0.016739601047633945,0.04199086793182216
2026-03-17,0.008999927699273602,0.027015819292178334,0.00932114376896176,-0.017075253250308786,0.021776981640450277,0.029004831130106323,-0.011865712481070934,-0.01227749464337502,-0.007702911735106732,0.0283141018182842,0.016060379142555092,-0.010017077616685577,0.009771839876466792,-0.0005517239823527031,-0.001850086858672606,0.02141350485154936,-0.017867282596268463,-0.007842458200422064,0.0031984666075339785,-0.004129839102405275,0.008352388347816264,-0.009983175360810947,-0.02800196239359909,0.022151136512589487,-0.0046181904039769295,0.0010751791075442885,0.007835405534890594,0.009104557114604894,0.02075783409092713,0.005251353771446476,0.0006746351563140518,-0.007957018038935226,0.025521455386172898,0.010451843180667497,0.0020817275409923397,-0.00011154864553164501,0.0027666371639865073,0.00844109023982087,0.019946933334731076,-0.0027110405142320992,-0.005759550774867783,0.0057399366454733425,0.018988563008537573,0.00010256304309730346,-0.007602507283023918,-0.025553337795615416,0.016090521994115203,0.00846681434672858,-0.0045233578729690915,-0.020698397204545804
2026-03-18,-0.02995237712546861,-0.007491195241824289,0.026550134577822515,-0.014266291687688226,0.017843710104860078,-0.0007420506317511455,0.007723103034946499,-0.01837475858981119,0.008497440068334194,-0.005933608519505196,0.007601777219318873,0.012641969797706043,0.006095817959893779,-0.012289972964775742,-0.0011340223773966818,0.010043210739316022,0.013445462678241649,0.010237590049830825,0.00042578591138608957,0.014866206715022923,0.02228873299398626,-0.012397366556841205,-0.023234074421434436,-0.008422763625716811,-0.007842184383218154,0.00024763471582844865,0.014281246462904962,0.004448349064968937,-0.024046219391732127,-0.023212381860984288,0.006047496709542077,0.0043118315205685764,-0.019073203263845095,0.0012172912224848176,-0.007639845743387497,0.00045621427686870497,0.014190879638541265,-0.008523332527555438,-0.03225762253180964,-0.0028518927144127737,-0.015353365446588607,-0.000541297832831189,-0.007817042399684837,0.013296951328478412,-0.018348415618747005,-0.008319650912834597,-0.013072115235524207,0.01111281896291505,0.007814245936230035,0.00830866530836527
2026-03-19,-0.03318905071811318,0.021948826710582958,0.012549081490030867,-0.0012649035966764144,0.005056216527967727,0.0009880337592564903,0.004161867872310987,0.010948522430501262,0.006480190881278158,-0.03665913838735857,0.005196168860744699,0.01310791852126747,-0.013568930988036798,0.00198813798766162,0.004947964177219433,-0.002459227507582429,0.01834556618509353,0.020501128775443744,-0.000872284819361524,-0.014719877787442548,-0.01033695206975005,0.026251115857162333,-0.001490416214550816,0.004102736726124823,0.00839575009190452,-0.0002292087186592795,0.01965336096583359,0.010902067485446532,-0.003940210364956953,-0.008329057260694883,0.007408508431012484,0.004757851186278916,0.00545471302877476,0.00904167887824281,-0.0020140615615975577,-0.003297007713423339,-0.014839433891516651,-0.012937148633309414,-0.020677440619961684,-0.0017172097330225844,-0.011535911089760154,0.004078145411376299,0.0017654270222371427,-0.011821927811132893,0.026847418379903898,-0.004038414677845159,0.023449335927534953,0.006757683640197465,-0.009593892161121942,0.017146783089945217
2026-03-20,-0.021491930406843163,0.014770241872293033,0.008237852338179641,-0.001046271700714585,-0.007215234252970659,-0.0029354251906272832,0.0020372459649782293,-0.014898884409814017,0.029482586470589656,-0.005770815835275611,-0.010946783453292919,-0.003938703687007994,0.001253442580779085,-0.012964553896030795,0.018194920765018274,-0.006705128571318553,0.009487065627963087,0.030919037221364132,0.0034533837924863864,0.012134288173810237,-0.01384580344948727,-0.0290001540418946,0.042979308794640625,0.004114880762463358,0.0052083817462331705,-0.006540333423258549,0.01239756708141937,0.004412860448756772,-0.0062827002519632025,0.008603308140220811,0.00598099384561479,0.0029001060656597133,-0.0248617669624287,0.01179519413225183,-0.0005549323641949044,0.005364914311329239,0.009500108581309563,0.04463245064681565,0.004827791654599789,-0.005711070326392398,0.009225565644740419,0.002285634002233916,0.029319446118367454,-0.006358156383495128,0.006589601318488736,0.002056106298396143,0.011930229742271425,0.0007481686066517224,0.013097428868653171,0.016258390072581896
2026-03-23,-0.0013017849811859383,-0.010228332305051047,-0.010582208414246064,-0.007009415324452872,0.028523656749625426,-0.0026930582666628844,0.006691269371080777,-0.010885309936467191,-0.00016344223533593105,-0.0073077632556309835,-0.0025226426487907627,-0.011408845540082035,0.014417948445046846,0.0003851409787967164,0.0041578906889396805,-0.004191123853998779,0.006936290070536755,-0.00715287654710095,-0.006778073088272829,-0.0022719552920328345,-0.009569910243977464,0.030183829479604185,-0.012467226160336908,-0.0006055993307944041,-0.005518097446538084,-0.003712763636964156,-0.04317654314617292,-0.009248731677757971,0.003450399815287275,7.569788624817164e-05,0.003891749801324673,-0.0001978604516652549,-0.0029216988570618385,-0.006185033954397401,-0.006802503567339913,-0.005518634108049314,0.008528068654016785,0.011205524090857955,-0.0011372214756488752,-0.0012559914358486468,0.004301371134059373,0.012100792897796309,-0.011294562784738837,-0.002413920429309546,0.03711309145232544,-0.003283276629980847,-0.002308941237855855,-0.024974599241380013,0.01664113115717414,-0.025239878432677942
2026-03-24,0.0018393869703061672,-0.03562603799178288,-0.005784522933817926,-0.02067010110972589,-0.003301851400748901,-0.019506685949861713,-0.006270482472808703,0.008549474696184944,0.02585462695133156,-0.008118817806049727,0.012133871659866902,0.022476130277581996,-0.011372580513922648,0.014784054860289553,0.0019001781898271286,0.011265041423402344,0.007557059269945432,-0.00025388406278403775,0.0016610964951475626,0.011841268380580416,-0.017034022485188927,-0.012610174377879368,0.014690153612381573,-0.0013816614261177307,0.03425865543139128,0.006989186421938465,0.018675125059793185,-0.0024700138821748263,0.02095663549839788,0.0008600045775724041,-0.0017020015595466953,-0.015136489947580212,0.012889128267489891,-0.00011433376542646645,0.002179035914824823,0.004459877696567194,0.00012121296854505914,-0.003932413460432493,-0.007017824622971625,-0.00048088118378930567,0.0005438660096053205,-0.002688027688271255,0.003170374437767798,-0.00757450884433708,0.0021783588963499856,-0.009643377754567695,-0.0010202805440623353,-0.007456339470316542,-0.025868301654093928,-0.02362043482005516
2026-03-25,0.012443339673847698,0.0051451849103079095,0.010062801957902767,-0.011140902873007064,0.01662591618924192,0.008201966116693882,-0.002632586499625389,-0.0003147986557541227,0.01862849356866425,0.003248113694861443,0.00998797802369733,0.0008676785927956843,-0.016163346328343264,0.01684935086424333,0.0037268239121719393,-0.0028533264651563472,0.0076942599618665675,-0.008009105826922602,-0.008999339785636828,0.021792627579660273,-0.013258909188369028,-0.02225455969308654,0.020022488564680696,-0.00010220426476648115,0.0031902529138305713,-0.004281350974353337,0.012258050036491275,0.02741451538746209,0.011676509811384461,0.013489896112438782,-0.004397072141423597,-0.012692706721865066,-0.0018179495704014892,0.003787718163123621,0.004818269183806345,0.007237376278556695,-0.0007227615978225854,0.0016956648441246447,-0.01571197890317555,0.0005956512040818929,0.005996410150927778,0.01297414827935417,-0.00029566679720594014,0.002272764190810017,0.0008141800412582167,-0.008791223215890431,-0.010514630116211787,0.0008748608853230699,-0.015441981927486914,0.023162029311262877
2026-03-26,-0.009107183197840651,-0.014459806815901088,-0.008185641485236483,0.029135484653145527,-0.007159628853150357,0.0023590485169409092,-0.0001819662776890718,-0.005875187401447657,0.009363796342851893,0.005727956422671099,0.01188070384773332,-0.013650083180809847,-0.00020427333628425526,0.0005558414107522669,-0.012719970137986092,0.0008915961060451671,-0.0077362645566694255,-0.01954992221797791,-0.0012288172192409519,0.01262446508745807,0.0041629711192223695,0.01215436540770809,-0.0051261647598309645,0.004291497978749614,-0.006370873129476706,0.002546287023307947,0.008169967109112886,0.012521988568109377,0.04119759779005183,-0.009757769743827471,-0.007449745476815761,-0.02048904259477302,-0.013852509303140859,-0.0036479762112975322,0.01271782923255449,-0.001630090157731412,0.0006650848765796802,-0.00288090702028021,-0.015042780438343173,0.0034062523743221274,0.016359971413800523,0.00026505070469684533,0.016694171750746056,-0.025692468105618205,-0.019536376302479286,0.012641532365611274,-0.017074426639876572,-0.021918810682715506,0.010222120823625058,0.011971127973155582
2026-03-27,-0.013257897922122064,0.004225818390298786,-0.005529230586476475,0.007671114745625207,0.028381785785179137,0.018318514405468056,0.0031081376592287935,-0.014437818027174476,0.02219539932907022,0.006850021727934363,0.014042077797348451,0.0026968583381212774,0.015128107558235016,0.007864706516670372,0.009461377758941403,-0.03653336088426995,-0.0004171775646996112,0.021851297545196546,-0.00266655935058302,-0.008177020451014982,0.0075578742913144925,0.026961038533221293,-0.02648452484356323,0.005096786013898402,-0.003841592621901757,-0.0013398491767790954,0.018105638605987462,-0.00280322488862228,-0.0346559372405546,0.0333514757818425,-0.021874764669187585,-0.004092455678157858,0.024834739639037595,0.0008948313422012522,-0.0017006679953365245,-0.0033852418898208114,0.008392229653557681,0.0017545514649850436,0.016774700770290307,0.002901918726444297,-0.0003719543681148796,-0.0014910990490755172,0.014052938670733317,0.005880726625269839,-0.005323400914562182,-0.002333538943641411,0.012784731967540264,-0.012431156943406796,-0.0002382227768216172,-0.013353238954385227
2026-03-30,-0.011899792904352946,-0.012114053619938114,-0.0009612076530379765,0.044911119810963074,0.010867961982500507,0.0025936686995464697,0.01651447653523963,0.0010408080384682883,-0.009896431744012002,-0.012924368596310742,0.0006135276278680379,-0.0037910314811130386,-0.012494255442146773,-0.011090719657120274,-0.0040410145831866195,0.013825391722720237,-0.017543510134448548,0.029801256596045267,-0.004497027109721774,0.000784580109090216,0.039449008097023786,-0.018876297501821737,0.034185472457871846,0.016100105496430928,-0.0006577622488345147,0.004041680660298974,0.0351394130175009,0.018014124705713508,-0.009732643998829782,0.002827761124526873,0.0027822865927848994,0.0068392958949377025,-0.004619351700668628,-0.0022160455401923906,0.003754836209495682,-0.004214504982704148,0.013863934504847686,-0.00880198875497773,-0.004345514871438749,-0.0013592880408910268,-0.00537757502852565,0.0039167887598148265,-0.016338382391373196,0.004232684398357112,-0.013413964654810151,-0.0061656065442221575,0.014392253841743363,0.005649701955141584,4.2026576486220435e-05,-0.008394005032006158
2026-03-31,0.04591710903523949,0.004597621849143918,0.004104397715442909,0.009057346744009154,-0.0049571079545762675,0.010733526273134952,0.005491191283286234,0.0008035000776924761,0.011167954128600055,-0.006010865427670153,-0.003353241944322294,0.0036099647246579103,0.0027069256531269126,0.013614720578740025,0.02851806264523682,0.014003371847646884,0.003555433715853873,0.001093462813450241,0.0002507099982231864,0.002324012416813348,-0.03140138111441537,-0.011658532011913803,-0.026420968149595492,-0.034390736351815554,0.02234655625043569,0.007831583273447462,-0.01631204189302282,0.007309781944609295,0.029110063463085867,-0.00876235244463719,-0.004303795196132443,0.021367119671217738,-0.016517921547288705,-0.008274514490394735,-0.0044573547990087725,0.012233405450699841,0.005075781345082131,0.000522964904034362,0.0012012128692864277,0.0012327185609584124,0.002676318905697972,-0.007398157446895093,0.010026548497417354,0.00987940356007,0.01711926476227066,-0.016417218614528717,-0.003301732719727224,-0.008903367414464514,0.003663154531921009,-0.00852167725964137
2026-04-01,-0.0038724352102272874,-0.00633408521698231,0.0013458865369651019,0.00578702543192966,-0.0062179327601992185,0.02070446826676542,-0.0003783970220929689,0.00874841174468366,0.006204275757851319,-0.015123357144913752,0.015752765981971173,-0.020407132572925257,0.004159436220964263,0.025912219677927117,-0.004746418818720843,-0.04439594147428849,0.013470218002202161,0.01162571498633258,-0.004178311047251637,-0.037802414014489916,-0.011577800769097757,0.020028453256078826,-0.02825608780998945,0.024964905141069194,-0.0012971255260068038,0.018163248213202365,-0.024617062708350956,0.005435713982136603,-0.0008243753711548729,0.02227962415249607,-0.008984345622553569,-0.0021042178251674537,-0.024631711971705217,-0.0020983732221553364,-0.0012012011018374125,-0.0025545413560168484,0.02717166709013874,0.004699770677642379,-0.026070388508798836,0.0027147816663646296,-0.003955536933591852,-0.0025103968704022206,0.01101671252465275,-0.004630141025794954,0.010135828328251772,-0.028241442303400643,0.017830974536980237,0.02866253919797379,-0.011754479139421292,-0.010341103827436027
2026-04-02,0.007799786231883266,0.005774978860753066,0.013144595456760388,-0.018001851147435133,-0.022073906161912737,0.010540196161823667,-0.0003495569685789679,0.00011857194432773888,-0.020860904322271057,-0.0013792837112702738,-0.006134238621931187,-0.013068845503385496,-0.003431706664981715,0.003104497163417541,-0.0023199654887042787,0.004322642326226367,0.0035208163125213243,-0.012494947548234547,-0.0005864453169603934,0.008641762596455216,0.0201091714049082,0.00665902524295281,-0.010826123619817607,0.0407473291038869,0.013798213014661664,-0.0064494350870824,0.004047082792457246,0.0018466490367186061,-0.043277048825687614,-0.0011180279151599137,-0.007654481386689227,-0.004419742707055585,0.034796221042942665,-0.009714891484501775,0.009098878684760336,-0.008221902237200318,-0.01042146935256083,-0.015050705663732011,0.014465950586210363,0.0010518109852761803,-0.002116936968139971,-0.0014174720404275254,-0.0032328687927106747,-0.002589722189029864,0.012551358173030325,-0.00784699378733178,0.007706209678554732,-0.00777332811576803,0.011503276431912957,-0.00853910851618045
2026-04-03,0.0010084692436667098,-0.022496361043908286,-0.0038878283281138515,-0.012110778857020166,-0.011067868717795415,0.013137723143965552,0.002921071277536047,0.0253915120597501,0.010609471156248551,-0.01039164838531137,-0.004781647269432643,-0.020488840421436394,0.00350885932264533,-0.0017807031898775527,-0.0036756251609866286,0.0113740541967986,-0.01205476167170616,0.006907157642915607,0.006870648010331326,0.0032325084084732225,-0.01864291309564392,0.008216144704508155,0.007180874713147212,0.0018817611592039096,0.0024006944152035192,0.01320118536297521,0.026877926282239173,0.0036700462760714814,-0.04225311599035653,0.02765221986505484,0.011067062241116643,-0.006465457455682833,-0.028595258796465295,-0.00563997172318087,0.005202715975522576,-0.004427863201160287,-0.004587233344736097,-0.02269769996148674,-0.003984076547103199,-0.0015633129365280052,-0.007910817009043836,0.018771251593150406,-0.003440252775233965,0.0044606641792810375,0.012870544198626543,0.0008362661650120895,0.029278449745949953,0.01924085573337453,-0.008627328616372165,0.027843791748078273
2026-04-06,0.0014216132831563755,-0.032267865672320206,-0.016267531642111588,0.004915129281978015,0.003970859267782512,0.004651054579826619,-0.0001805691369410889,-0.001509141691012128,0.008871809143201181,0.0007812947419842953,0.0023162236180078732,0.012106053441604647,0.006189780416196555,-0.0021022975682629674,-0.0033111099137519417,0.0261625827780112,0.01490783624718972,0.00961664742256274,0.013179351250325322,0.005034055993822006,0.009322587298088436,-0.013650156730478535,0.023551838782101875,-0.0036382861934092237,-0.006253822209075666,-0.010281597835032574,-0.00789517855808386,0.005061281454783018,0.01775494810061118,-0.014216611271100299,0.009073461735248589,0.008216562102709268,0.008303422970510121,0.00910405725850616,0.003697655586788029,0.0013197711024837133,0.014178744840139146,-0.009434613861235341,-0.0021330988045743515,-0.0036277880120584305,0.02372726651373047,-0.0028769421645576942,-0.008259034090068784,-0.019721529648155878,0.015451639983286247,-0.02609941697136209,0.012111307804542504,0.006624233712160477,-0.01554116839494879,0.014196702855844512
2026-04-07,-0.0011583228649085786,-0.025565287183315077,0.002097704052135052,-0.014854041847264798,0.021527566964816724,0.005354588924703085,-0.00985608236704516,-0.02082895011334307,0.005189267665331121,0.018195654916026482,0.015587133560234001,-0.007809034903541012,0.00583278845544144,-0.0015153563768643963,0.031084805778397673,-0.0015127340277863999,0.0023695910779812923,0.011317978003211548,-0.002513390014725614,0.021258038901229126,0.00523119425173757,-0.00976196213872138,-0.0021889584297950515,0.004929004563845707,-0.0081122371711001,-0.012140193567763302,-0.009374776500440385,0.01021284252693877,0.0072966051355687345,0.01530247944457952,-0.010338695350329719,0.014948988514981831,-0.011896480908436313,-0.007702337118956293,0.004995162909410933,-0.002018430444376884,-0.011080967102802819,-0.012888399256970162,0.0059523736713775754,0.004573605821718507,0.004466616659723366,-0.011223484440078146,0.010567388045816584,0.003850612063007075,-0.0006161774723619784,0.0031069972370569854,0.01083807314352292,0.017916872302552678,0.024168424298046,0.007578984695287172
2026-04-08,0.017759909373793015,-0.024965445651281892,-0.002009453153480556,0.010984020884723389,-0.006104679829976534,-0.007933051466916363,-0.0015815523232849404,-0.017611834917101277,0.004862607903997729,0.024552715970784567,-0.003725271208149805,-0.0013889220226861454,0.0184271820861317,0.012900354436472306,-0.005858428005541372,0.049151866799441724,0.005946033231191805,-0.027389188543951004,0.0033105344914647894,0.03172223348337866,0.0031134759223756525,-0.016408350317937415,-0.02242270621913578,-0.011190086717680847,-0.003859675329767276,-0.003117395157066216,0.016285791724316434,0.010033887355153315,-0.009203159532928384,0.0018709706771666834,-0.0030599447701540328,-0.0037993004925630514,0.01860630893110704,-0.001986168455466064,-0.0021151475888563365,-0.0015364432727764665,-0.010963485810952966,0.0023784742509880274,0.004951494200485351,-0.008531799670524531,-0.0011181664829641447,0.008265749101245001,0.001064912639990423,-0.00901676307526289,0.002664893937147861,0.008076038721922307,-0.0023066336372874474,-0.006308953642900184,-0.013572457330969345,0.007143891184901108
2026-04-09,0.0061482405256176875,-0.016817231488990614,-0.006931648537724766,0.01981477791339481,0.02059303454272743,0.006394580119665205,0.0004703346746499637,-0.006091821687565835,-0.024467031067976985,-0.029960364723473853,-0.008404323695461513,-0.004838377638486935,0.013203673300729912,0.01565403841013957,-0.0011972080469428992,-0.030925507962151655,-0.008986084522307203,0.005430822476613972,0.001237049710578697,-0.01999885441319782,0.009839474068723764,-0.006029887218292118,0.01694814447459536,0.03553705847669009,0.018743682383793425,0.002967605779694127,-0.001724457490428155,0.004772564211896091,-0.003598050829717536,-0.002117784703255743,-0.013406161741411737,-0.009497636324814152,0.001092864965263507,0.00011314684746244197,-0.0056808062839358575,0.005434237874347492,-0.01400771811406154,-0.012919985675729606,0.01030105804791881,-0.00017567087494674283,0.0022737642657277846,0.005490940464348615,0.014859817874688375,0.0025722758584794114,0.024715534744167433,0.015037059777098571,0.011553827395816896,-0.016680858716334956,0.0034023355720009807,0.02341777674422274
2026-04-10,0.0031666015060740627,0.0036913353429781637,0.004188251601857873,0.0059184787229180635,0.011112478797073111,0.01289020216030723,-0.0028516697644178635,0.014018862878500293,-0.002390676817897397,-0.011978786568483724,-0.006314454083356402,0.0013112450393883979,-0.029050470774860226,0.022799500978643694,-0.0028735134744546365,-0.019102061630564604,-0.006676323491957126,0.0036529536067666513,-0.008240343877792267,-0.015754407003447324,0.009759185885578336,-0.015039774916791315,0.017628398640862963,-0.028183564754375112,-0.011917517978629388,0.011458302395508158,0.007194940346710421,-0.0077697820789547345,0.000799561592160325,-0.005504708964910843,0.007056057608274546,-0.006886582990646595,-0.0013372336054342515,0.0013891703900079655,-0.0014120139595508174,-0.000677177102498594,0.001155221106837745,0.008823527019564459,-0.01569137493269135,-0.006820495414066596,-0.01328325056594093,0.005059223828669301,0.0023562855810779215,-0.00623055360172764,0.03909913097706985,0.01614351277091397,0.0006307774692064783,-0.010430572058004128,0.011983794612281162,0.005139134886005037
2026-04-13,0.017085719151341827,-0.015912162020843557,0.00011970033714470141,-0.02336110759932053,-0.0025375750547838027,0.003919762584121633,0.0016361460921552329,0.0062940319987132565,-0.009341764139235487,0.006128475999352068,0.0035790231084258384,-0.00959308362011635,-0.028211673082979893,0.010455963861106365,0.01324101594988214,0.0035001706072832484,0.010072663697091144,0.02252550260439934,-0.0031377174980383726,-0.013569422192869718,-0.005415380215444521,0.004030776667674818,0.030162484568163173,0.019302008672442916,0.01760973339303229,-0.007333632081840347,-0.006753838424308434,0.004173102121519667,-0.029385172291437778,-0.0014038930219646417,-0.0018448890954844144,0.0016855900659742407,-0.019698210819403372,0.00973024069316919,0.01665241374871118,0.008931579329587436,0.015553644771085118,0.023651223314125946,0.009950734952741236,0.004332042532681379,0.02305782439321824,0.01097098217170478,0.01329109515683835,0.005223481650135753,0.00942528422598965,-0.03523622710713703,0.011146671862247493,-0.002262013301013277,-0.02574496965695605,0.004141955125715802
2026-04-14,-0.021430559539520444,0.023284878360982253,-0.007787643518346599,0.02626981500782244,0.016487293054154195,-0.017611494947769812,0.005084529291568218,0.0027340173412286894,-0.009070492147463804,-0.028126759119011524,-0.004730735488216231,0.007264322946695545,-0.003870307463841982,-0.007130342529443556,0.013432560012012429,-0.0051140795523042515,0.003821616734727362,-0.01310533008259851,-0.00074616123265836,-0.01838218716471718,-0.0014086204159228233,-4.375595254713094e-05,-0.0011340578176490812,0.001290400151203741,-0.006863911367726572,-0.007081752532329899,0.012588411878905914,-0.013933665357289127,0.007410812411831058,-0.010140373568422567,-0.005529442142447771,0.014109208881260438,0.00041032574408084166,-0.015507018833345487,-0.005219753584751907,0.012053859046848636,0.0027140576969904018,0.01650992853096689,0.019501517660836187,0.0003301171279623816,-0.0056884444508013,-0.008872932314198945,0.0020603980220013085,0.014997458968594168,0.01922147406012198,-0.004850996523474982,-0.014333815197085431,0.01675779662856014,0.02698508530957522,0.016831799113577572
2026-04-15,-0.006406724408352771,-0.0024822508366152407,-0.0024938887883476646,-0.031091832504234307,-0.005672550567630497,0.014560196502691136,-0.005978653352359364,0.023974597284616816,-0.009988192446766853,0.009320319591812565,0.005538525730230948,0.006315018388682425,-0.017818167632283943,-0.0069672833884874,-0.028290828914691257,0.03468057237911948,-0.00644487153037987,-0.0012943220012598955,-0.006609172568629029,-0.020874890996652296,-0.001728333940559712,-0.010895882255826495,-0.044711651300317956,-0.018538211169084495,0.003996291333485447,0.0012566231080080037,-0.00132469378176292,0.006015777767593544,-0.0390169551918782,0.021178601242837436,-0.0047747001967608504,0.0027402219006378292,0.005345798815148184,-0.006355944992824658,-0.001384158285335113,0.005007725500890903,0.004280674613051927,0.027847187668482043,-0.018260419997965793,-0.0022820178668926383,-0.010715922305230663,0.0061972799939455925,0.005249544839267095,0.0017207608689393528,-0.02244691735484572,-0.018732761809313825,-0.013422339153679297,0.000427484441374526,-0.02392340744586452,-0.011781360488370418
2026-04-16,-0.018925760118056245,-0.0018890699892399887,-0.01353190107108082,0.0012505083455611743,0.040162037602127665,0.012852931225348252,0.011910554759049896,0.007080782979933753,0.017472030492769353,-0.014297710520450257,0.013208740812222342,-0.030724514423140503,-0.019284379621513636,-0.008985057883123648,0.022834051224876584,-0.028681646090421342,0.01566900996578613,-0.011341249064138581,-0.008259247748051646,0.003840041663191407,-0.01835469226807107,-0.005844498702386125,-0.014265251143914193,-0.013263271364738483,-0.008601584790200567,-0.004477316642324314,-0.017132837444298388,0.02285457035266325,-0.0008247497275692961,-0.006193104446102993,0.007450252041459882,0.010830890379820435,0.005965087582206152,0.0012286357400801418,0.0023592102220184596,-0.00044381722542785607,-0.006827144170255428,-0.002940262151364892,-0.006500963512555025,-0.004226715465262876,-0.0003285295210396777,-0.003956667220765597,0.008845439845064806,-0.007049860115798112,0.04774361610659672,0.00579197535944842,0.012308728355140186,-0.01777127945217949,-0.019439821671025426,0.012626781092547779
2026-04-17,0.0017034311659420709,0.045943271171679845,-0.005476186140319417,0.020471206542563625,0.04003093920307221,0.03052870689736964,-0.005818792735880485,-0.0007674228421244988,0.028260862086559868,-0.0006299337585117248,-0.00783839112513618,-0.005042984518994875,0.010376833232414784,-0.014298408263994644,0.012311328046603176,-0.04070092936346459,0.009535139224417621,-0.0006579191382066751,-0.0016312216190896844,0.000579136965196847,-0.008959406258125524,-0.025724592837730542,-0.0013729188930990954,0.009820225812527505,-0.0002955413158994835,0.01191691419533547,-0.023390237762608512,-0.007892901830610866,0.004115114956417143,-0.011089982155667144,0.0011620959292550914,0.0038096313895534806,0.003535781089007317,-0.003053787304132194,0.006444744713408168,-0.0046697435509761576,-0.0259144283886521,0.0079758460599757,-0.005402021854546635,-0.001285831422983108,0.02286930479207605,0.011045112290002379,0.004749987064539107,-0.018008827168661257,-0.04250082168032421,0.006108369732952257,-0.00598652587158055,0.022259863030331895,0.004925608009959115,0.008028756492007627
2026-04-20,-0.005987574230556514,-0.012590272251796208,-0.0024956083993983302,0.011288498836458771,-0.014611272543638143,0.03146252583671916,0.013377320387508274,-0.023830500656933706,-0.005326193719844441,-0.0026435715502236556,0.000605782374314856,-0.007081435735409536,0.004516759948008264,-0.0055292158502060484,0.012875347657270275,-0.00845997431234402,0.022776640231875644,-0.004578874575749459,0.004440307204509608,0.010161594754055425,0.008611074891964776,0.007975229981205256,0.003042362594853021,0.01573569432753885,0.014017127968302345,-0.014112628480670963,-0.004128152540810337,-0.016444628148178375,0.01902474893052375,-0.004713985265850984,-0.0038801115296659416,0.014262478185308458,0.009402252319910431,-0.006160567094535163,0.004688959166322615,0.005317853386757498,0.014373459897058183,0.01668196647317255,0.004538886412087884,-0.00625252256520159,0.003225687272241151,0.0026570666487590877,-0.040083534134001564,0.005358203657144456,0.018475406744257405,0.024216602248896102,0.004734983378174684,-0.03858031571530374,0.015564535278697278,-0.009207880715611405
2026-04-21,-0.0008763539334610826,-0.022559252614908876,0.000862805710986736,-0.007062935104891976,-0.01900911211611178,0.021675493588603656,0.005040315566263498,0.01015346008978657,0.009498793866623778,-0.004171060463375897,-0.017984520528873227,0.013041304493070838,-0.014239911930341131,-0.004867562011142579,-0.004011618406606798,0.024570549096517125,-0.0004045920052218044,-0.02685656822516136,0.007668659967067448,0.0005995385432187028,-0.019197925905039437,0.008004889599076082,0.007298726179149506,0.04583608234555525,0.007813915468470878,-0.004270284479024222,-0.013932044247287445,0.007331530504021799,-0.015974407490629616,-0.0025886943173030197,-0.004614241650556683,-0.005002858907788732,0.026479302031718666,0.00031157133753567656,0.010536638408377819,0.000318671935410908,0.0013000429590794838,-0.02340379402085868,0.01197375400749201,0.007553358134182453,0.0020172637986688446,0.004281022011910274,0.00821886669337979,0.007170709331183245,-0.005927839908529409,-0.002147810986026566,-0.0004530753939955279,0.009784166532626148,-0.007944661453941126,0.023420208386818464
2026-04-22,0.0255179569767654,0.012036875873037145,-0.011316796612926838,0.01347374125799905,-0.0003256506640838541,-0.03055950490559778,-0.01524337858972391,-0.02242015734445668,-0.012459763532452817,0.006642543995849293,0.005341608479587645,0.01995897041041461,-0.001907700727316164,-0.017295313162316805,0.023376620995418707,0.037602083669825426,-0.0028466122745147704,-0.002715471622502519,0.0026088538805715267,0.013137706590993892,-0.02057420128305487,0.02767255091906118,0.0005718022017084934,0.014421089437743673,0.004413938303343912,0.0014816817637339774,0.02862130166062582,-0.00043962248503759405,0.004332090133852384,0.006522588036869337,0.0037275761250383788,0.012558640367042795,-0.001650449227733164,0.007778189377727784,0.005820338480834408,0.010791047413684751,-0.021342918596149008,0.01909707257855442,-0.002673452675296728,-0.0012487803619036786,0.0011937226387461752,-0.000722130043221747,0.035660492829808765,0.027866158085595227,0.018240353207270577,0.013719452077183947,0.0013623614661457673,-0.0009744941526065309,0.0040700046616521934,0.0001430712540511081
2026-04-23,-0.028891691057135183,-0.009083854396543467,-0.006696145514962559,-0.013724007997275356,-0.012631509889784454,-0.02583616089768137,0.0063632883491966385,0.004372509228664834,0.010826305650330825,0.00976036967505678,0.010095802495863726,0.005294520088225507,0.024492572042668304,0.011310169214919341,-0.008864962269283128,0.006127001959743916,-0.0018792142606838258,0.012031567797417875,0.0071446913924686495,0.020088766249435785,0.014851971596338664,0.009183624627281839,0.0235040727003637,0.0007180593323370399,-0.0037533962212912275,0.006151305868258294,-0.004783798370890713,-0.002236037558815962,0.020487178302165177,-0.007714858196765317,0.0027194350609354156,0.015052856075367105,0.008114708669404225,-0.017685747161579557,0.0009906324294730595,0.007611251918157258,-0.009676562818159873,-0.01440521321174415,0.0025924503055527737,0.006498335248897202,0.0077987238550008,-0.0037132307847902446,-0.035478391699450995,0.001993639589403573,0.0024726094810232357,0.02394205232676261,-0.007579893011471328,0.006648564846600591,-0.005250201698625778,0.01315887081085143
2026-04-24,0.003570338262103512,-0.0021114285503840424,-0.0033633477447606586,0.026112557788149804,-0.025862970184023837,-0.004172069965488356,-0.005756371045418374,-0.020733681960697803,-0.004419324962314897,-0.01977169748776597,-0.025859249394715067,-0.0023994502002540052,-0.012649703723020989,-0.00318658085586887,0.003328991309614171,-0.008553705753791108,0.012978120479023358,-0.004440484900889552,0.005508350478941049,0.018024543999131115,-0.005839596503662503,0.03271417140170496,0.019712414990062044,0.00046728218337888094,0.011002923512106744,0.00563476501434379,0.040907337489930695,0.010528907847760616,-0.03887683457061197,-0.0018158099935093874,0.0013311482371847205,-0.017484312686381065,0.003255051663337616,0.003994593422595338,0.004851102763725246,0.0013803146814805878,0.003694034041114902,0.01861004424309476,-0.0061223637028181566,0.0011106219448420163,0.01267257084581308,-0.0007083761288820822,0.009775012918692427,0.008222868243857206,-0.0030289729772223772,0.040434322084037966,0.007402097759318993,-0.0045242549729714865,-0.004941910984610387,0.026673678401522682
2026-04-27,0.000419186697099283,0.005460958431988905,-0.013909141186518648,0.005319636842398001,-0.014271306598444444,1.227777473666869e-05,0.007058467058379314,-0.037883708362512314,0.0019502107361530907,0.011103081175332319,0.005935270390566627,-0.0032150122193823627,0.02449228101606793,0.019227492562104542,0.007692550630624462,-0.013028749083467961,0.0036949570808166854,0.018205200121163667,-0.005037078400852324,0.023301188852966837,-0.01830579083754258,0.018432471335226408,0.007325698779733214,0.0005513650303801132,-0.018154649029091252,0.009303436511622243,-0.0022384019063909077,0.005446597776887163,0.026769419674400385,-0.0018420436974019294,-0.009209590028463333,0.0024987882872014033,-2.0919279710485128e-05,0.001678386090432138,0.007290539392440953,0.00538012287107259,-0.018361478952718446,-0.0054164576379160945,-0.0028149934300655266,-0.0007238330004218918,-0.007593010292715974,-0.0051433883440517025,0.020210157346985058,0.005086570639211141,-0.013484740999980316,-0.004518047846023832,-0.018119061902886924,-0.01374906760505279,0.00692074267033127,-0.005000278757683274
2026-04-28,-0.012501416244633412,0.005364898571831533,0.005624487945139922,0.023018282922079747,-0.024099893010803508,0.0021232058790698893,-0.006010097366193845,0.0033699905880979486,-0.011957576762331779,0.01595701721400733,-0.005682229487543045,0.002712960346344273,-0.04607077385415692,0.01474427179403559,-0.02917151542615981,0.03433279642303999,0.01453245832161243,0.014518039411417938,-0.0033638082586470164,-0.023931283442669815,-0.017886288933526506,-0.009968056350691312,-0.028691308921918623,-0.010838220828385814,-0.011764197958955114,-0.006736879538969287,0.025175790070215642,-0.007112969026978999,-0.015289762851325772,-0.0030102798003539544,0.00904242386350207,0.011674946760499516,-0.010513860720658963,-0.0023458652075483144,-0.010817555590295846,0.00804686960123946,-0.00019044819739344465,-0.025092205377997612,-0.017296843780605697,0.002858954433275551,0.0020119368531257287,0.00012991966782949227,0.002848132537243808,-0.0023508818372771634,-0.03445404916229544,-0.01592899348701049,-0.021116573266209637,-0.02943697088065378,0.01689118884976626,0.019891783549470077
2026-04-29,0.003213825429043693,0.0012547679391039512,-0.0003185606188985668,0.01841381489540761,0.03277869895716479,-0.0007738360852919124,0.000621014686759791,-0.014886282150588404,-0.0003848483280874948,0.0063561497143389545,-0.004295313237133058,0.005442992083377618,0.0031057479737937044,0.004605351758268483,-0.011806819079858477,0.009308812356602969,0.012620857671648,0.03326113230459993,0.006604797460592726,0.009378769203252313,0.02433244544146196,0.01119719818331677,0.02256190747276965,-0.028555497418928377,0.016568259593263024,-0.0019560189477104695,-0.027205021401178975,-0.019796386943359168,0.027749707419303826,0.0005953925597643739,0.006209706898848477,0.005703948645308765,-0.004011171040298689,0.00011984861158609306,-0.0011639845737178023,0.00452798058511239,-0.009682124956991611,0.019564835045979168,-0.009640968519966653,0.003934691111404209,0.0051796512458386346,0.00762008675190895,-0.006959491929888317,-0.020337752093552264,0.013112614195483152,-0.0029802974888959444,0.01410829719014317,0.02894489458537919,-0.021642504718540012,0.02834710270403229
2026-04-30,0.014105585062206272,0.021525149093393647,-0.00035134016804660995,0.010594167265515875,-0.02948110328848985,0.005282292183071302,0.008378835347720992,-0.013695277908388537,-0.04419342815709271,0.030288016454140587,0.007490901513584891,-0.0048390006144174436,-0.02480791296075846,0.0017258504986696899,-0.014374585414447583,0.007334524300040224,0.009615280475645527,-0.006746219433110157,-0.001336367645459302,0.00992300845454297,-0.004797769771225369,0.005359507839922895,-0.02455921634080027,0.004478395016591641,-0.005322389786199033,0.008653946263569745,-0.02757756504556419,0.006119622767626565,0.00434054971384068,0.001753925946213819,-0.01605517717881033,-0.013104517749976119,-0.004015746261036401,-0.004417335906603537,-0.003853719840781311,-0.00575830413011813,0.019149840640241944,0.0013012308593340904,-0.0057145029834010375,-0.003201418599747319,-0.018044462193667177,0.000321933988452594,-0.013514311394765777,-0.008370152962883792,-0.03089734409189604,-0.027236858990877022,-0.0268613449210523,0.004335120527902747,0.02640186201859951,-0.003463717937847277
2026-05-01,-0.00972580328819328,-0.0007771719164235691,0.013572207084850296,-0.02730083411741946,-0.016083027040001197,0.014359899154219313,0.001555990236030258,-0.00745994283869067,-0.0032240783342007973,-0.007526840843908755,0.0011075042340409347,-0.006350967360783999,0.0059854678712865095,-0.006797737985806296,0.0068595771768116265,0.0027955682812901284,-0.00232631578317799,-0.006838672286444636,-0.012021045034644517,0.013353789048385023,-0.005339145232017173,-0.0016023153197746165,-0.01855402385250049,0.0067793569129819264,0.022781290997019088,0.005442259233949809,0.011651386522682827,-0.002672118305385718,0.023208862403383934,0.002524737376148334,-0.003580237990850721,-0.0020789652167119144,-0.00786088051537881,-9.092690770318157e-05,0.01895909110502836,0.0028529311995497686,-0.019664020196029086,-0.02687690272576626,0.002733339938333579,-0.006372325293955483,0.0006903478976292288,0.005893506299064155,0.011505557723540782,-0.002260043467652517,-0.004971008097735097,0.010770875554511283,-0.02405039126531061,-0.009521728727024725,0.0018897033077480696,0.005853339660412793
2026-05-04,-0.0075127242127875915,-0.01671543793259256,-0.002910160317434629,-0.016867365708558624,0.007697710501201049,-0.009084770618053684,0.0041374681392729595,0.00815418882005714,0.0018760815335301384,-0.002976279653562397,0.023654487241818734,-0.01385792665695551,0.01987059300047589,-0.0007492859994512324,-0.007132801256653498,0.035195688780738754,-0.007870133267348756,0.0001491413543694975,-0.003458062206145973,-0.020651395149366314,0.04538560282153026,-0.00045589285992797546,-0.0034516884000066472,-0.018094403684203342,-0.0009298711979038865,-0.0016451463720007498,-0.0037074339041009985,-0.030566630122798366,-0.01010497092322582,-0.017240334121120915,0.01506534694024908,-0.01783465306112142,-0.010980799368732641,0.0008148600797774908,0.004961409055839194,0.01498693779951532,0.0018837085989407143,0.007947948998840992,-0.003989295792641734,-0.0027106895305176737,-0.015123184339407403,0.008931200000058315,-0.012732626909329414,0.0029760746593971987,-0.008681091624712312,-0.03764028578577483,-0.0001365299674846998,0.0090755080450593,0.010029538939158478,0.004406796615309183
2026-05-05,-0.004239913434152087,0.01810641811074154,0.007006215183572584,0.002270946819264097,-0.0013571392118580938,0.0188015790218532,-0.007256149303608184,0.005515639164749064,-0.007331708136864568,0.00560737048432447,-0.023955400469319654,0.02955399821762228,-0.007385785697998415,0.008827160661606381,-0.010550771497745526,-0.02282486004633666,-0.009316346280142995,0.014063664599022418,0.0012108918119508871,0.02646741439173317,0.0032282698683085975,0.012983638765352357,-0.01293318859354775,0.004275299589367565,6.096788857545832e-06,-0.0007865002847987634,-0.021138209677125985,-0.003934625641179967,0.009023588330423937,-0.003468416201552471,-0.01200282743898251,0.015797431331582956,-0.0006797573180565841,0.0012775924955146234,0.006508998713281144,-0.0011518189150369063,-0.006323933488935896,-0.002584656411406594,-0.005499248846427274,0.00010901157102893855,-0.0027391979222805007,0.0074526676791253355,-0.011736069182282205,-0.0032319890526160133,-0.021207762064464952,-0.03498417736659287,-0.007925805804142039,-0.0129949786861977,0.011053808561827694,0.02323113462672799
2026-05-06,0.013822898002925132,0.009138100598845345,0.0009735348170938352,0.012257633258979883,-0.020188403808854116,0.005361844540793026,0.004925838868090615,0.05312556877334762,-0.024271023401567615,0.0006329507306896964,-0.006932913442974309,0.0013731935590592936,0.018041879714256304,-0.011444034677712156,0.008115737077635687,-0.020847654627480394,-0.014032511245936408,0.005200943756816123,0.005378195349661885,0.03061060092456991,-0.001968031703214579,0.01281163421206477,-0.013591106437608969,0.02773086616205389,-0.008130129373233208,-0.015708590869627614,0.03705895401094983,-0.02083122252943348,0.041698984862722055,0.005052194176073055,-0.009358220414975693,-0.010732834669535452,0.008531285298431168,0.003308518996806953,-0.008456134312886054,0.006121504596317662,0.0015100723466241472,0.007697994818655962,0.014866400927779244,-0.0005683774017373189,0.023392348657954143,0.0053326626316367864,0.009612847820219317,0.001416905986750594,0.016302460395010376,0.014891998266542972,0.02805745740570309,-0.004933073191170534,0.0003479621857653825,0.012683537981852178
2026-05-07,-0.012961249455944346,0.015884161440879563,0.0032421216145377407,-0.0022882440315967756,-0.02415381989291554,-0.009145368915062457,-0.0013897287748391163,-0.03414559254360494,0.011486168998664947,-0.01951940302903754,0.0018288469690954656,0.019119206734961258,0.031491919820830994,-0.006610024047953966,0.018630428866248216,-0.018494872911277715,0.0010326857007518786,0.01583153325204978,0.0008176610099701609,-0.004394240710773323,0.001917145692685418,-0.0027184952696216458,-0.0006565581080956173,0.009028125810205845,-0.0016344857912135025,-0.004794539051686697,-0.01838507065103334,-0.010759536135009684,-0.00833965873153475,-0.005602376386840913,-0.007706675783323069,-0.0110760798514562,-0.006667916302261601,-0.00814348614937599,0.009203344275927616,0.009619632604823458,-0.020753903640816307,0.01231098207582182,0.010765106698430005,-0.0005659256205446939,0.0002977795008334283,0.007995053697823717,-0.004060443653305601,-0.0016143287094941838,-0.012334122405805892,-0.0067600208469507095,0.019364781476086224,-0.003647331371099516,-0.009036477889277639,0.010911958446251813
2026-05-08,0.024615498535230707,-0.030715930126053892,0.004605768641411601,0.011371893391433296,-0.0010396734370382577,0.009365178650807104,0.00012033422318391551,-0.009402235436266615,0.012035940552139746,-0.024292257859520938,0.024941389920891677,-0.012055797312418348,-0.005476620225406403,0.008573147892094513,0.0011081069260916454,-0.0005331393622882707,0.0010716472812797306,-0.014585927136637311,-0.0045553640716397,0.012428113359522097,0.008644504255862273,-0.027161256438433923,-0.0008749888620062096,-0.0021187845366743563,0.013636621935224857,-0.000722249286661425,-0.026464430316506027,-0.006283052951599477,0.008735993825288446,-0.005249786207246587,-0.005970185845788345,0.012823213722455318,0.029354167361110184,-0.0060564710513251185,0.0042746269930040715,0.0060250027967034825,0.015373673651522424,-0.03749479447902915,0.00045059627194654617,0.010584067760077476,0.006015152131243262,-0.004054864933467184,-0.006730247873730222,0.010527490182536514,-0.010371921775951143,0.0028685128250691694,-0.024104000661117175,0.04394182551542203,0.017546661322984214,0.008156485905156607
2026-05-11,0.00625073184220426,0.0027024156523343112,0.00910034668208648,0.014303478452184049,-0.012972325428680764,0.009889647978580385,-0.005243762166468713,0.037518220358160326,-0.005729803888180562,0.01444907574416776,0.01336844043796126,0.006439636214206956,-0.0325698266037,-0.01153072378858111,0.011381079148725881,-0.012734959979904925,-0.005959125335888049,-0.002879605240638461,-0.00019436837043462774,0.04319654923808036,0.007363209747486721,0.0005060165948864714,0.04207368294935421,0.028973560121627884,0.0026902056084903148,0.00022289444428880145,0.019103628420427565,-0.00823525711476547,0.018339112373252142,-0.004435807737833808,-0.0002383796476297384,0.0031038781871943755,0.008458895758411078,0.002355236695102736,-0.004026194799718219,0.0007996682726305604,0.00664180224575972,0.04878428606833807,-0.019178364222723898,0.000728564249941277,0.017208079361940687,-0.003256986785761584,-0.023227669577234766,0.010534196007138341,0.0017095824529094195,0.0013796011635638372,0.02967227529574612,0.010839406752942482,0.01485652095414114,0.013279519715277521
2026-05-12,-0.013278240085249915,0.013366962298159812,0.006803539307055573,-0.019458936731400422,-0.012969797233153502,-0.003840320755150617,0.00015877939290875887,-0.013892650685236152,0.014161970371324939,0.013550102816809906,-0.011696356843724054,-0.025062734105076645,-0.021519119505247652,-0.018871581924158276,-0.010266741660966083,-0.016434462602680222,-0.0006565867510189838,0.013245998475396759,0.0013878613792039918,0.01401755839218044,-0.015072494894692534,0.004336767386292184,-0.030519439553857164,-0.03140175402241896,1.2979387115752417e-05,-0.0003916548442978174,0.0033931990927063005,-0.0006718700044948678,-0.013344734442915951,0.0026986629012990537,0.01342714954829538,0.003882939568950361,-0.03945872166263331,0.011294733201095752,-0.005844007228684611,-0.010086600464369377,0.003942287436418335,-0.0034333203395340295,-0.004044130896373677,0.008875755041907407,-0.006870628882084118,0.002188364311110691,0.0014336984401204234,-0.013575937686527317,-0.03743530725405808,-0.04141811188869193,-0.028042463814321184,-0.00551961210066787,0.006818763137161676,0.01956291281096334
2026-05-13,0.007296344576464664,0.0033065809553254333,0.0020847782086725886,-0.01811999484929172,0.0008241368206876043,0.0024619037624511453,-0.00922221461223871,0.014853794736573667,-0.012867837226144707,0.02483672689571037,-0.002170636701427253,-0.002948094940330659,0.020251530495574155,-0.004982569351803745,0.0051937501496619465,0.0006816582043844832,0.004414124452956747,-0.0022115458454750048,0.0033931431906606413,-0.025054009965755353,-0.013370574816324643,-0.02159978315539468,0.01478789364205535,0.061633171730804515,-0.005663643976967836,0.008202967935105443,-0.015090534812071676,0.013310289640548367,0.0004630558596439016,-0.01210594446955171,-0.014276589460060052,-0.004539059225231568,0.0028167861622427903,0.0032880586038783743,-0.008742554937811398,0.014283828710910162,-0.00846160637156701,0.0006994579260044542,-0.011548256329187323,0.0024383174120310436,0.004539110239257127,-0.006075552233109627,0.01083530926952836,-0.005273327388094273,-0.0006868981993188861,0.021595384146187113,0.03616903636624169,-0.008326916013943642,0.006055281714245853,0.007130385275667228
2026-05-14,0.003729265807221216,0.006003796905840408,0.001358939547957183,0.008371222151296154,0.005566949134324428,-0.022894202093497462,0.011112798571343285,0.016097580565539005,0.015874870204864555,-0.002060180242913212,0.002309995109250673,-0.009419565281046927,0.018464645389953738,-0.005101622152653307,-0.012586497102978877,-0.004525954893819462,-0.001601612924955198,-0.0016960798061708138,0.003707505567214664,-0.016969468592546444,0.009217688427431314,0.005993276503800882,-0.0010741291143379073,-0.013051744248533947,0.007364902336530976,0.007488019745673258,-0.04421102792950249,0.006467452692695552,0.024201500155264233,0.0037819597579991093,-0.0022260003730190103,-0.006168641540737929,-0.00022074075206657273,0.0011387754450011833,0.015975346608392726,-0.0036106695691093815,0.014256146705188044,0.005603248621639079,0.005943718048907254,-0.002236738982284825,0.0025148735227911168,0.004285305128691075,0.004133845225560373,0.003903882003418291,0.013256147074286906,0.019352630567417428,-0.010515160137336887,0.01792069549002151,-0.023068765134211855,0.012099531143145104
2026-05-15,0.01142727408971611,0.02626414483988415,0.007871576947584336,-0.027644230590841867,-0.033891507665684606,-0.01488894865580681,-0.0014737064139741518,-0.020393431228615033,-0.006197232262121988,0.004834550740281607,0.012591466646410865,0.0012119781885158165,0.0069895889674898015,0.004063175150850418,0.018693414818835574,-0.028269781556721663,-0.0019610769660854954,-0.011631649984476189,-0.004231201999351231,-0.009000610449780844,0.0014678434053521094,-0.0015324578723443505,0.004942007515418068,0.0013675209073502614,-0.012546163529102983,0.0032104238600345614,0.0032659631216984675,-0.0242229690729171,0.03004419572711914,0.02549131064889476,-0.011947416681837186,-0.014001957083190297,0.0015843863083790932,0.006063537183908396,0.006148248375248189,-0.0031543113562932934,-0.006242839020361268,0.00030355936042103515,-0.017336574407239014,0.001996118602808128,0.020098499151092186,-8.821072291331777e-05,-0.010036204070854149,0.011859498981674932,-0.011505137019127476,0.009595049480611628,-0.027139396742226873,-0.0014175957634106062,0.01796925183661391,0.013709413548244065
2026-05-18,0.023504611560366095,0.041390620715407334,-0.010150160099236305,-0.028475518521181797,0.0027835247240006744,-0.0018031740849857592,0.003817303585886167,0.02098348593462518,-0.0035343346376149887,0.007076075030038043,-0.011917418079473663,-0.004380969514665933,0.009513749688848883,-0.006870313427612906,0.010596672426992582,0.001280446783279432,-0.0017317155439359189,0.015302483529206157,-0.00021193509465200489,-0.014500175997816611,0.003041776046948552,-0.006509628966452463,-0.023742451733521408,-0.028835532508593498,0.005747745558507988,0.011712915061233398,0.0023393562668176937,-0.002251399316778091,-0.017439336572406594,-0.0020062115987886653,-0.00644538358976432,-0.01776244316141773,0.039452582312246465,0.010407526916064391,-0.003952256103676444,0.007133059868527525,0.013605355516183248,0.0031072459749943437,-0.0053374328552288075,-0.0075113244495566,-0.005398408084811734,0.0019079945415985122,-0.0035814662065222214,-0.005677904204158812,0.011217049399714352,0.002609921524928005,-0.01090641879901233,-0.010817100170800842,0.020503105827670787,-0.007797345210233453
2026-05-19,-0.016587104532624464,0.012571671423760478,0.004258099559029338,-0.01084659944670352,-0.007136514886522227,0.0200171965931788,-0.004330746059238,-0.010394991444336421,0.01636474423305967,0.04471573809048013,0.013348800318169873,0.00895117999938777,0.0073922207300680665,-0.015593496639275783,0.001149075125302046,0.0003038547464404573,-0.002591305438998881,-0.0017012665682090145,0.007852969761771522,-0.01625594056655566,0.022116950614230246,-0.005005909797469843,0.0018716997805729996,-0.008132157025337317,0.017860566323797844,-0.002952819244224525,-0.0182084462168961,-0.002624870190248263,-0.02668637305172883,-0.005298449046082676,0.010773554828719778,-0.0077949124325745744,0.013711906370731386,-0.0076373508997753525,0.005981628622533819,0.003589258868123224,-0.016181796103038493,-0.007656285710252453,0.01312638544569733,-0.0012634505267005158,-0.026437320122802643,-0.004012070518248034,-0.00747556261366078,-0.015773998711959725,-0.0030648544618058216,-0.03007224038971068,-0.01517388092641514,-0.008006125278056442,-0.03625898064911959,0.008087169043052178
2026-05-20,-0.022676680433282748,0.03461133355440871,0.014583141236928832,-0.016195794248604622,-0.0011324883255021678,-0.019537862099102132,0.0005114645594819223,-0.003916623982066159,-0.016118100352689124,-0.006455338215273332,0.005860470381284788,0.01822269028721535,0.023635297704333924,0.0074499701540478025,-0.016086536042523414,-0.027665763793619957,-0.008153840456432304,0.024856311111649987,0.0006359623535090453,0.01820602582186126,0.018291871347329014,0.0010275774823913508,-0.02444544886933253,0.016783437022586112,-0.021231524169767035,-0.010583727980794544,-0.01056328244835203,0.006579643432696347,0.015047271089169811,0.0035788013438815547,0.005313912018805267,0.015933284088178956,0.026541130696269954,0.0018835107711341337,-0.006296734385683678,0.017792882301891355,0.006291238919460929,0.027281170598451032,0.010463968894200093,-0.0029291285667700784,-0.015042747121051248,-0.006866152990728458,-0.030526367614135186,0.026976370909083558,-0.003595798597156752,-0.007132050022659153,0.0016984419256995675,0.015696448421846476,-0.0023278793068765014,-0.004826341060751638
2026-05-21,-0.010493668711198834,-0.001950017118284797,0.008629801539157267,0.04544453342384602,-0.01985793592196894,0.03743968992697577,0.001143365551420139,0.031023048908919604,0.011111721977398181,-0.013653961514393131,-0.003740414712972706,0.0140616270894931,0.01765361777891772,0.0009720367674852515,0.029086288859155873,-0.03395257911064087,-0.005527930054029184,0.008492778451119065,0.001305975838756801,-0.011395448815347597,-0.0047506228833383846,0.022108738746156487,0.018725743550490392,-0.039934620289695855,-0.01150259921747565,-0.010826201197726704,0.003776416051330056,-0.01948526477427248,-0.007959905813104573,-0.0014845409564645529,0.013289097984390041,0.00014485324459556637,-0.00345108623254875,0.0007767792183770439,0.00406171639952424,0.010487402746351515,-0.021804574530717602,0.011523222739756145,-0.00375607276593537,-0.003284163497512149,0.022202179324455562,-0.005169020221127862,0.011867966082430348,0.017747322014958877,0.014220296601012983,-0.02175563884174203,0.010376170575582933,-0.03530408082401659,-0.0015283751662474865,0.02383501235549046
2026-05-22,-0.04114966843512513,0.0076055590167614096,0.013800590047947647,0.019251157402850883,-0.004922008951778634,-0.008836891977336503,0.007514646286285398,-0.004461600693476786,-0.019522382247346703,0.00011909190953462989,-0.008285372459283624,-0.021143373452874092,-0.007322314028957555,-0.013224818376238123,-0.017604457489937664,0.012898344289085317,0.007082313689792397,-0.008158113307821013,0.004355221250404107,0.018201326129760664,-0.0008715498736422411,-0.013494066392838233,-0.007719085289696892,-0.025975317275127585,0.009408568257641692,0.0014324081176755321,0.009106054906294903,-0.01302266036922417,-0.003931810419548598,-0.01905530843270342,-0.0003021661239220874,0.027544583480367812,0.025547534844573505,0.0014686284325404753,0.006459964939213192,-0.0015257011879399318,0.02635473178111547,-0.04012703942940177,-0.0031185910467278477,0.010560558659448605,0.027165145175108263,-0.015569964585055773,0.03653921374064506,-0.005752140408545214,-0.01107449328960397,-0.0014623809388211173,-0.007080335561760909,0.008940801355630468,-0.0180245619921795,0.006213939833693782
2026-05-25,-0.006785027161612556,-0.005987580615045451,0.00790883554815136,0.002205160902499337,0.0009861379716096241,-0.017690909024863477,0.0028133880901624053,0.01470817188382667,-0.006849332082813686,0.004917971792632425,-0.001041132375761089,0.017832865495520878,-0.026408001388576463,-0.01046639040652897,-0.007730832141255584,0.006368651848712936,-0.0019861810096620802,-0.005886852597533743,0.011528629519671707,0.0042094674330248605,0.013786359587388164,-0.0047746527086107715,0.01448599866984357,-0.02691894228686431,0.011277871936049788,0.002140009528530662,-0.006272095906009856,-0.006118348925839068,0.0022988884885355443,0.005050984990369489,-0.002787018064240976,0.01102165883192785,-0.009496164192013823,0.007073872227623124,0.0021941684235888825,-0.004179675269091798,0.008914785014328075,0.00026904507767988584,-0.011828129179929703,0.0003015103578241085,0.006104586144201951,0.0030792731489091008,0.014242868699598565,0.01096119631936121,-0.003694638204896461,0.00572558573499049,0.004601730948067928,-0.014004717229740171,-0.0023973406155763932,-0.029031640965274885
2026-05-26,0.008871214169797748,0.007272078405457627,-0.014785839177023474,0.0013508062087788097,0.024616950713546748,-0.021175577262769862,-0.0014307529825634546,0.009319348048094422,0.0037044808875190682,-0.013295009511573808,-0.010345936321526583,-0.024074457093171353,0.020794398739206077,-0.008040761855815926,-0.004050077303534461,-0.03253182320314407,-0.006770942911654032,-0.00021201122065628297,-0.013581941638539763,-0.006265128472171311,-0.008393398705204391,-0.009054444880892243,-0.01979199118149444,-0.006463163794774629,-0.0019163257435687031,0.0011251599532353662,-0.019136303343800565,-0.01544833589875394,0.01364830211188428,0.011321772607107317,0.015295016654996552,-0.010493412258494539,-0.016543069126573662,0.003676770149068087,0.00527393936040732,4.325844515862265e-05,0.021587130281843336,-0.016026259857406022,-0.00316478319477953,0.0028965479933145133,0.009414763412693317,-0.00365027810131191,-0.009928291166965919,-0.013371449558479132,-0.0035716900831457288,-0.008459933963654187,-0.021949597600466775,-0.015909237719901714,0.01672343810975807,-0.003520838574589513
2026-05-27,0.00125048986476739,-0.0015747398079805075,0.00959917025945245,0.016665424892807534,0.024063373175783775,-0.017181515477382114,-0.0003402071553045838,0.01042067980513739,-0.015208762632405892,0.0005897679877866491,-0.016019275079274697,-0.00713411933536523,0.006444667372337509,0.006648132128304507,-0.005236798801342313,-0.017739224510047946,0.002246396565136921,0.03302477114296276,-0.006111885522105287,0.006907670343254901,-0.0019772722499826756,0.021600726318973917,-0.010633651381692477,0.005222004974489769,-0.017775573012310142,0.011410548683521426,0.0026466540339860067,0.001820142551493209,0.010040666361156969,-1.645950889428427e-05,0.014837130835219758,-0.008818893798194116,-0.003338020068813563,-0.015991304506629223,0.014764953453427765,0.0025144829139027713,0.0023987464030617023,0.0036402527458554435,-0.012827414234049983,0.0057103208863185095,0.01876997140491321,0.012637701674924395,-0.013200891559826178,0.025904683462221634,-0.03275450601678742,-0.00461765226582489,0.03055205064053701,0.020422210310376387,-0.004119361909137642,-0.016254687008156243
2026-05-28,-0.0016783077720143869,0.005435991701010279,-0.009048785169253448,-0.0075020628606661255,0.01170668366694172,0.028591271117591743,0.002784410862515907,0.009868167682301143,-0.008888306446765415,0.030920869934473183,0.0009406504284190653,-0.0023973512737557323,-0.0011706034088186934,0.007512053522600093,-0.0037846427810296346,-0.008351987322048005,-0.0015646602945993404,-0.010830360022989538,-0.0016417684661781395,-0.0034672715183493574,-0.017138557485588013,-0.011844879618917337,0.019492241310258507,0.00867704233946176,-0.016371929154001985,0.00797372804078389,-0.0011998157219714756,-0.022593498999043837,0.020385856709050465,0.008136846210625048,0.021733780573322425,0.01457247517921112,-0.0002954256444092085,0.002195547186950364,0.00758266496230986,0.014928095869500835,0.005322614481455101,-0.020095576437846874,-0.01058334623042334,-0.0005230119102034303,0.004303422919787359,0.006306917165670001,0.014755854704434634,0.0016280647206017296,0.015417689130601486,0.013461125299832899,0.01027750673493677,-0.01845787498141016,0.00015271829228313827,0.011017468818443676
2026-05-29,-0.009247793589434838,-0.04439948767285118,-0.004552544471239872,0.016528298807823028,-0.011241626211968336,-0.006642793835449634,-0.0017780584235631558,0.008546479647806526,-0.003178355920964049,-0.022758393163586188,0.009963651612611146,-0.018774686047856703,0.007353222714588492,-0.010491392965134017,-0.012820314387597675,0.0023514612762491893,-0.0040673293317887715,-0.0064579056613431884,-0.00015070485470247696,-0.008504054155460739,0.02407109454268075,-0.012879156036118,0.017739814903737994,-0.025253191549551524,-0.0017679375423685917,-0.009019315399642513,0.030923003132438787,-0.01917985102383568,0.011333180415715738,-0.009298018804767438,-0.020806697058349588,0.010489120862752,0.0077139738298541705,-0.001093567144193397,0.008346390255425495,0.0022464174957486094,-0.025781766291887998,0.007804313808344787,0.01226957461726852,-0.00480568487917854,-0.020126861192238388,0.007036098168125227,-0.004897363233724694,0.023363982921122517,-0.010040173390711837,-0.0030370870658114058,0.013256035616145079,-0.007914470052155842,0.022529149798866666,-0.011534158616988144
2026-06-01,-0.017936710671034528,0.0052987846956009665,0.0006631870187230327,0.016228534480428936,0.019457153806190286,0.001712789910850665,0.0007548467679150406,0.004245341009033066,0.010003541709374009,-0.0020172007067372766,-0.007811919202863282,0.009907794187689056,0.01262668332950101,0.013411283107043204,-6.277440100599385e-05,0.02041252340986177,0.0025217353521602703,0.004192539654624738,-0.001062473908551853,0.010772923103849363,0.02553388458897321,0.0075686240664900595,0.02079784475254276,0.0015885938902200358,0.003563178160782554,-0.012754648637793187,-0.017403450630467887,0.012887692240852733,0.004243149328705842,-0.0019513021193641178,0.0020688691278634153,-0.00012007091229826461,-0.010425196170750772,-0.004789253218513201,-0.0026928067545073375,0.011341372126268068,-0.0004989871653878764,-0.002834911595703149,-0.02481100545947912,0.0017280007353468463,-0.01255603861819321,-0.00631895821763806,0.02963563509937006,0.013696813732538837,0.01118606349444895,-0.030781624330705082,0.017545763090471622,-0.01623803554781822,0.011504297277537434,0.006251883638590527
2026-06-02,-0.0024371259520694633,-0.007810059919561185,0.005416988466603989,-0.007994278031928315,-0.017383111723200173,0.011210530528761309,-0.0011902910310351844,0.0034567114021921697,-0.010059054354196184,0.009471386774488444,0.006935678310643123,0.009070706356965275,-0.003559707930365752,-0.00031361117428196916,0.009072945453606485,-0.016500959200443144,-0.009901626846821054,0.009348674947268432,-0.01039771918788246,-0.005864518929455387,-0.009325476091870066,-0.015117035390820432,0.006482326448886466,0.014836553062889335,-0.016316762203689494,0.009908296918622606,-0.0314823721007127,0.02216263087757908,0.008693804017788853,-0.0019973680840468244,0.025448130023689286,-0.012410073014621048,-0.016923519243096097,0.019193085750916383,-0.006334860425564526,0.002893559855320582,-0.011130006704597406,-0.0016097194943723858,-0.003345968067516414,-0.005006117385015441,-0.0008525677609828586,-0.0037968488789563715,0.02702750086026251,0.007800251169035377,-0.00013235736318806257,-0.00461384941022025,0.002569443421599704,0.019597749214542493,0.010029454685514194,0.00557868003559836
2026-06-03,0.0023843509371712646,0.005905475924838921,-0.014060646762263262,-0.0052074146507690156,-0.0005859534812756584,-0.019862002973029758,0.008683396706024915,0.05972491982714723,-0.0024457619531430552,0.002349874159310872,0.020710244952195422,-0.022323983528144242,-0.0026316835662525406,0.005491295125803042,0.02075688940933995,0.05343087175418382,0.006642031570599283,0.015947554220659077,-0.0014472469281457956,-0.002993200487939607,0.020217108701324094,-4.555540414685755e-05,-0.0039519343608110935,0.0002909755097479927,0.00034870590641955523,0.001930470822019803,0.0034950145853700487,-0.0019820809934909533,-0.010142716913139727,0.005118432647955196,0.0045089059587735125,0.009437490743059662,0.026131169470705817,0.004003954980867919,-0.004321841777508051,4.085559168576225e-05,0.006635285901672949,-0.007793284412178858,0.019765054837479257,0.0032163605020005814,0.005765378450996783,0.00939011070096707,-0.005454912439252002,0.0036988747344521844,0.01451894248365071,0.018595668815286626,0.02632928231101328,-0.0010783581627906713,0.004775008845206319,0.0059736614131862265
2026-06-04,-0.0009321214217449247,-0.001552392141154102,0.0019105957255192152,-0.015493623474953089,-0.04184037284372799,-0.009901017029314896,-0.0038385231580559953,-0.010612402790087239,-0.01341845582762169,-0.007951004405536866,0.003929756049943611,-0.0017000658134543878,0.0019706056600272692,0.00239868968759005,0.006271903055610428,-0.00048759357367533784,-8.183647650228387e-05,-0.012674385296904678,0.004106369619245598,0.009832498544651402,-0.007184520606894784,-0.02438741171466885,0.013163472774657015,-0.007024357261814607,0.004392286551162972,0.0032366604008566835,0.0203510312372861,-0.005672279208698838,0.005063687143276985,0.007616500076592425,0.002821649224129974,-0.004684328666402782,0.009108357093785768,0.010394290871898582,0.01883060681574511,0.0010216727792347058,-0.010592108525146582,-0.01460333577315509,0.01786239890757524,-0.005908178703778688,-0.03453353591559949,0.00829757066740977,0.0010183040353042294,0.027156139959188197,-0.005464926732811959,-0.01916629614547305,-0.005958378453668756,0.01441071157048035,0.006554940440425483,-0.00025099646256199204
2026-06-05,-0.013722332772309831,-0.04505018292767138,-0.005131153042639558,0.011133499605391561,-0.01840817043634746,0.03496367548006507,-0.004452214729532056,0.017145576633614823,0.02105940417013863,0.03803563518786768,-0.008676409867937052,-0.014873935493685653,0.0036500424604473114,-0.005685806868747756,-0.0014949412490005143,-0.038872775053430675,-0.0027810678602862016,0.011051812529523808,-0.0025418351188000177,-0.023634061103433357,-0.01818680552029417,-0.0033432351723722276,-0.007322266213002471,0.010875903849024704,-0.005838450431494224,-0.00011236628290478556,0.016521328287558257,-0.0040296185589124844,-0.004340937784185317,-0.03333920859460826,0.0018228836300513418,0.0030408853458412377,-0.04267250336984596,0.008655608999237119,-0.007723545698389178,0.0016348990514201134,0.008248490269450404,0.0076768769586954555,0.0014955766867517095,0.008927877042567811,0.03156144988236598,2.79844221711123e-05,0.0056686958073270954,-0.01112489730670696,-0.011608143574669771,-0.04446032015729817,-0.001519197894971347,-0.02633198522290836,-0.011569670311537883,0.032207946395726994
2026-06-08,-0.0011632758586268555,-0.010279721009478049,-0.00836126114573088,-0.0037970253689533218,-0.0015766839589935744,0.005240901331345471,0.00725162481442343,0.004920425142231899,0.017161377241172282,0.014841058736303259,0.0015429425221316073,-0.014011408514123969,0.013784547760855581,-0.006878376942949682,-0.0052398077589792535,-0.002392849739719982,-0.0007185165210144007,0.01619243374063939,0.0053183222416459675,0.00503485412636806,-0.0032360609707237087,-0.00426380514778979,0.008818245013816117,0.0037463997671038918,0.016301077660532126,0.0017012337169453051,-0.0019009523677891993,-0.005598344198603167,-0.004426474302010375,-0.004197569437836779,0.01450590134186358,0.0024074408824612537,0.004827227387268929,0.0013369137438619116,-0.003692516803403545,0.0010100747606758276,0.016704220239984302,0.03145443736050191,0.010500213632275601,0.008242767071667378,0.007188842677767759,-0.00595705982613115,0.007487426229960015,-0.018756893607622005,-0.06092108829762721,-0.015925469148151405,0.021622284959775584,-0.01959600605552725,0.004096165642438088,0.02977003795875377
2026-06-09,0.014260123354509657,-0.008954240671499414,-0.0030519027583223446,0.015042515980283389,0.02741733009227465,-0.01585169064034231,-0.001800290047238473,0.012280497586455885,0.00937630397029987,0.009802964076132792,0.009997896220994118,-0.0041917579922499115,-0.018227654594579867,0.0026838015698891216,-0.0006952406061884187,0.013045311782412305,-0.013470510795477564,-0.021655343258051074,-0.0019895694876541636,0.0064255999259930086,0.023245224842665557,0.001359275798575199,0.0034019686652015935,0.010482712754288137,-0.003327303702827522,0.008004520664603998,0.0005911757495102865,-0.013567379390948209,0.02369926279172807,0.006207208838467704,0.012385514289352306,-0.006599949091222634,-0.04023230162430702,-0.005656902304142841,0.007908978119517407,-0.00838320754482258,0.0012046586275380466,0.021400339698289805,0.019453344877873757,0.0005030382528892208,-0.014434016355462598,-0.006519416414728085,0.004478373155104354,-0.013087499109645462,0.008183908050717559,-0.01712949273625819,0.009132232132053275,0.00486021117141755,0.019280141621911273,0.02485615826264942
2026-06-10,-0.0021346719897752386,0.016187806512123704,-0.004370275454186001,-0.011035425156276868,0.021377400138749003,-0.006975017577287246,0.0019308851847843478,0.034511874992332325,-0.007549463993992922,-0.0023807234296713276,-0.0024450243027515084,0.014898598498912952,0.016966177901484913,0.029518932343028492,0.030079112654813,-0.006087148863257896,-0.004783898731925196,0.013830550020776267,-0.005150605632678107,-0.0035569568748177183,-0.0028479191099675116,0.03349480671122551,0.01441824589712204,0.03092756811205999,0.002057645733445135,-0.001761703487884403,-0.01341938635535711,-0.0007109229143116291,0.0176388573546451,0.005327330749376635,-0.005330489034771957,-0.005297360470577828,0.0028858625031298324,-0.0019350947389392692,-0.007303296069420373,-0.006736330870901974,0.012508462253461694,0.002181349298715274,-0.02082971658254895,-0.010809272787296487,-0.018491354928598547,-0.0008593942782479935,0.02659817567167777,-0.018398955159191988,-0.026518369440530876,0.010004961706416404,0.0027133432963502013,-0.03268731236032285,-0.0039486668184745,0.0077749483276225995
2026-06-11,0.0011024346308967647,0.02013424723855084,0.0006439382774439117,-0.014201704044713104,-0.02137383512182678,-0.006918511322803633,-0.0031859974263522828,-3.661690521683525e-06,0.012370120955483843,-0.04129717128923105,-0.00391046444701848,0.025461351413977207,-0.01860987415764548,-0.01218851811818189,-0.005992690341089291,0.012929050922654284,0.009579351611474607,0.009295710761928255,0.0032003092870793726,-0.000667994685790374,0.01871229757619819,0.016126308098402875,0.006455227782959261,-0.01418771879332148,0.0058013258537723544,-0.0016997312728967984,0.004006667830259936,0.01805586445250884,-0.004902950701606956,-0.0075241416022086005,0.012855122632465354,0.005446194583798247,-0.03085181693096528,-0.004983930111553403,0.0023559327840185773,-0.011169121813953908,0.0034793440811642373,-0.00108396642639208,-0.003922280037437886,-0.004425027122259451,-0.00855448814567561,0.003388863204754955,0.0033799287520204224,-0.007947785087746406,0.021924128838552548,-0.041928203452494706,0.001515541350081584,0.03447474911312809,0.005661995660668051,0.00270612485439492
2026-06-12,0.0061428155903189285,0.0025582461927244893,0.013575701273897955,0.0432288945656949,0.02370452907039966,-0.0004991866417461965,-0.00836182737259683,-0.00721880562528554,0.0016341331004992021,-0.023325762237849434,-0.01865821503709264,-0.0025089823627533203,-0.010841000169227066,0.013465407630403714,0.016681470978283208,0.007757561182890171,0.007906479321370119,0.005344574688450399,-0.0037632437364790716,0.009913135714287868,0.007433845366683789,-0.03526792581951754,0.015604406333637133,-0.002075396731338164,-0.00732329357054895,0.007836729349045335,0.010432571480669228,0.0070512902694217505,0.001629760348668352,-0.002025078196979946,-0.005022870454610806,0.014266375696961209,0.014615423473725908,0.006250247871546266,0.002676406138027998,-0.012738674447870801,-0.03203263243681631,0.003317748588479219,-0.01644217179069518,0.012490425026915108,0.008898797991043983,0.011158449301714501,0.032410702841350725,-0.02134327103706335,-0.016548666101845244,-0.006512584439855362,-0.04319728643960752,0.018772364931270324,-0.004272103331391941,-0.02263344807566736
2026-06-15,-0.006757937311986706,0.005337901069449202,-0.00933990619531233,-0.009062359496115224,0.005019021867853857,0.015320710124205883,0.005132008893630191,-0.027904415054934684,0.01541143477906437,-0.02597328971754498,0.008166747004457742,0.007639897494100545,0.032054050923734145,0.0026639931209964107,-0.010843870050500248,0.024967091957047938,-0.006923648917168124,0.011307973570102492,-0.0010745335487066798,0.02014040306960241,-0.002933255879074781,0.0022301202709100743,0.012568179740140684,0.025944014197810894,-0.0002716262785963375,0.008956644019449511,0.03699041509245249,0.007730798655527282,0.00033384676435810334,0.0017559261106687707,-0.008262332991506693,-0.006254529731982261,-0.004667188728556315,0.01635313642060554,-0.009409241527277068,-0.005000320592695173,-0.014604679759725792,0.02127208625879695,-0.0023106614304746476,0.004552966739768793,0.019850997757320465,-0.0024137758540796472,-0.018136167552648574,0.012375748384955365,-0.02610556360528038,0.0029798357192212244,-0.03222658910207066,0.017714656210506163,0.017954898300710953,-0.02077651396451241
2026-06-16,0.024929073838148463,0.015799861018001016,-0.0028498945863809633,0.01641770674079135,0.00989153082624128,0.027279184892530894,-0.0017596436552365091,-0.0030540123782674122,0.02730850262907869,0.017115055993876638,-0.0011807818171122308,0.02755534383213276,-0.009941792207249556,-0.00319084590994978,0.02389431067856318,-0.003175751194453569,0.0035721700599795625,-0.0010345616618852027,-0.0067951458821815525,0.012983566868243646,0.004583657429437338,0.0007182107876635424,-0.008586012516669794,-0.002571939796153666,-0.00805196272438291,0.0030431532900196956,0.01727985736520843,0.008894157354529808,-0.011191952699112329,-0.009420123982184059,0.017516166627134178,0.006278691728106578,0.009824091774121468,-0.002061019557642707,-0.0037387316138636217,-0.002366075325491712,-0.01545342982052167,0.013721048135458158,0.005077545986650556,-0.00920831254111354,-0.02516265223753633,0.002779410845336505,0.0006368590756702375,-0.026065559562369445,0.003911843988643859,0.012137212075577386,0.005272148276836974,-0.035901747780205606,-0.0047779485494208185,0.016121842691544597
2026-06-17,-0.0037844916970817266,-0.02480012247750696,-0.006716935714092154,-0.03748290426436662,-0.013218742041319897,0.006982775812983455,0.008370234626366102,0.02631579131593864,0.01050379145738689,-0.006965707053563808,-0.0010733731955960835,-0.027628182713207994,-0.0014661113251385194,0.00780870170488468,0.008170721420015958,-0.0037594150635060775,-0.02071672801946489,0.011163764560208289,-0.002544061598146463,0.007151427641237884,-0.00035423655330979464,-0.011135506000899964,0.04068131467254754,0.04255820736419236,0.016827823206112535,-0.0012003352072627038,-0.00999532565704686,0.004553239273044962,0.009936613626259527,0.002798885031532805,-0.000663299732568623,0.002468187064530891,-0.004473005838072197,-0.006237507809134901,-0.007903773304419048,-0.007554486364155011,-0.003125360754777984,0.035349599134244514,-0.012627543164704602,-0.0009554074933463275,0.008408716583678588,0.006256827249353725,0.0014871627635810736,-0.0002640406343445978,0.007815121716618467,-0.01001756179858071,-9.424707322647219e-05,-0.004922137547518357,-0.014960484212467096,0.01117193912993475
2026-06-18,0.043985016132733534,0.020394605292363588,-0.014551751818923875,0.020172890262686094,-0.02573063266213449,0.013761083630790871,0.0005218612254611621,-0.02067183547616136,0.015507395575861116,-0.021076402838526298,-0.008493937113394523,0.011109635597505552,-0.01215013325928127,-0.00361901467173964,0.014301579206552839,0.005779010621224101,0.0007063169732155483,0.0036036364112028707,4.648919392002959e-05,0.007862273314565238,-0.028312831406415273,0.008938209113970919,0.002671909602500522,0.011171969739615983,0.012358013613587904,-0.006214577333177429,0.013042831125285703,-0.006705411790813631,0.028193460643122226,-0.020386596634027865,-0.0023921502487834756,0.008318414652120687,0.02091165197569489,-0.01359597298247639,0.01074941745204483,0.01103745390311639,0.00449569388320481,0.05394702076110236,0.005625115089626043,0.0026835198235850566,-0.0034083051232364214,-0.004033468150461572,-0.021192232449402937,-0.009386381296932589,-0.00801745816533217,-0.008246392788600176,-0.0027915244213262413,-0.02247902325483464,0.01356729430161363,0.04031444324470135
2026-06-19,-0.00394345978981292,-0.011566010787843584,-0.0035869371550953932,-0.02390378443463792,-0.023723810479937324,0.019014547978336127,0.007631140364686928,0.03876049330198805,0.016276972093241637,0.0034284278031089244,0.007968939427936306,-5.535086743180262e-05,-2.616751126560679e-05,-0.016495699213521786,-0.0006850801816261631,0.01840680748418655,0.01063243019662341,0.004706327137310895,-0.008690501372704329,0.002606834286949189,0.016905388259183862,0.023606832192128113,0.005360111016561087,0.009685487182448771,0.016652351618314798,0.001849355129023511,0.0013279318703702803,-0.0006112238633475542,0.006603332430580311,0.007123566880191223,0.005085919580597009,-0.010269458128532305,0.02306037686704121,-0.004365616096437375,-0.007465326910604864,-0.002542208579215055,0.008526037064782388,-0.028135085602226217,-0.008576005261349495,0.0018817878198613691,-0.011555514854442617,0.00046073339836572025,-0.0024498153129595135,0.0031624252846125245,0.003967403847269235,0.008198118779539687,0.005676742080363395,0.0061216977371263415,0.03563820837010745,0.008439534945914762
2026-06-22,-0.0008060689920241781,0.006488729845833818,-0.0022316192481185437,0.034406394153912334,-0.02421149997226446,0.001565389227778935,0.0009168880164918125,0.02271859382576391,-0.004953274341727765,-0.007500978520134982,-0.013645415185172594,0.009117249414924755,-0.0023367391807721516,-0.010011409373640756,0.01115740235616669,0.0222248882749716,0.00584810081133047,0.02759198857944334,-0.00288204574385853,-0.0008849544178187729,-0.004101274402185551,0.00297424664050161,-0.008561039048356478,0.009549501137554595,0.002381437488734317,-0.009282297889490643,-0.006032284921871911,-0.012906154712184703,0.0026373981966518745,-0.000776899267083353,-0.025242993748089027,-0.011437900622169428,-0.020194271764462313,-0.014973935731824706,0.011155500209695246,0.011942700307897125,-0.013044238756227955,0.03982972040038191,-0.006824879366325476,0.004385261922678962,0.011333161022912153,0.006944152064935816,-0.015044707249193157,-0.02035720589445711,0.0316603169742431,-0.0009461649281898854,0.030838968586277993,-0.001836387720246968,-0.02894704283964311,-0.010465400687776794
2026-06-23,-0.015134442334037601,0.01708820190077498,0.013206288362406005,0.010291611590228733,0.005860336317597525,0.009718826148736648,-0.0028515488347761186,0.008002191700527295,-0.005944900635118655,0.021448177069530505,-0.005970907790878166,0.011268464326225969,-0.01954187176796862,0.0002669327522464293,-0.00966707872106154,-0.02662457271074592,-0.00143246259660601,-0.004201297570456952,0.0020008888015263793,-0.01923889704930959,0.03469438762165744,0.0022983850168836195,-0.0019035057690325319,0.03776145818221366,-0.000224420781003154,0.0009964478493615925,0.014542614747661053,-0.005975899126909212,0.015383383352699065,0.01941563127632029,0.006566764071910924,-0.023678157005598055,0.02510976961585576,0.007589358597609008,-0.0042774375647174345,-0.003227256301160608,-0.018488782444011753,-0.01090081719772329,-0.0008380398131163647,0.001251071557063721,-0.00413571991364281,0.007869193901700156,-0.005762364414517052,-0.021492252856877503,0.0019952131787983607,0.0008887250393365687,-0.010882152594342998,0.009182169740433288,0.022138175206885213,0.01264126308764002
2026-06-24,0.03960820957856592,0.015786400287489233,0.0070619327756467065,0.01615390398633787,0.024618413003011375,0.024500967619166314,-0.0035027951076601616,0.030477662885375567,0.009179911577760658,-0.031818289286335455,-0.007591353216537811,0.0006468253546252356,-0.01580547712967384,-0.0038983433519290678,-0.019429349680962216,-0.01886521431762389,0.006389919981075076,-0.006827958047350147,-0.002160585208293875,-0.004037520505119296,0.009726001940483675,0.013768701678874562,-0.020425157071704114,-0.006656941913789405,0.005860756402706446,-0.0003313817515706585,0.0319952867951947,0.0032839984355583773,-0.020188428698419858,-0.0019344967081047493,-0.020202514689629414,-0.0034790341395493085,0.002819245541424875,0.004838933209372787,0.0026705626769041313,0.006904977466197337,0.003606841879209677,0.00985722918166032,-0.013580146746748012,0.004829378357944503,-0.017323381245374914,-0.004296277544062699,-0.018735684248732176,0.010350430557901191,0.011236493527608138,-0.0017382224416796488,0.018446801685010783,-0.010484465433650447,-0.01354138768172386,0.014996487221560661
2026-06-25,0.01516076108397546,-0.005549458082156344,-0.004712085769015273,0.03212958943684985,0.0018062130959073386,0.007730049071034806,0.004942363472794975,-0.02621637978060365,0.00845362383269821,0.009673063048284636,0.005791913959726669,0.005362972085465545,-0.007666134830401683,-0.01574217016138224,-0.008540385619503876,0.000468185167939561,-0.01224055319255446,-0.01659275088034684,0.002386652709279069,-0.00887593502981665,0.017897717160449078,-0.016076445042151555,0.02234145499704754,0.007620549058134918,0.00572475107150705,-0.00835542870314665,-0.036500896153615736,-0.009201610370702995,-0.02647255493973044,-0.016775270049773305,-0.010741188030302107,0.01474237465831374,0.00014099991494442854,-0.00762488752337076,0.0023370719701267806,-0.0012215624355418342,-0.02481876407035699,-0.03741378262851369,-0.011220202579176775,0.0008440796403794693,0.008678953282903912,-0.00041811380816114685,0.011728588926602335,0.004696169148620699,0.006364609875475047,0.02045176390514669,-0.0033534036017157653,0.00805966156202187,0.012034493773643185,-0.015994599793561215
2026-06-26,0.015063563537237146,0.00046716626278531237,0.01758510787801293,-0.003066344998815196,0.007298117331691056,0.0021513283129879213,0.002054857309576219,0.0039688708967533515,0.006113644594505807,-0.023128928109120706,-0.010204548757886789,-0.01577406420056293,-0.004385640602214469,0.0031368306528851697,0.011281172894272773,0.01892149800274323,0.011055315217646466,0.008539210173161171,-0.0014882043336730266,0.006217355595659724,0.0040460272333795455,0.020062568846925144,-0.011186626472172057,0.013644765315700136,0.005024201236706327,0.00451722062916371,-0.005254524553080064,-0.011559625348244063,-0.008089035454836191,-0.018688952217409405,0.01422247471391791,0.012023658925594871,-0.018727710071141046,0.00734309170249392,0.014929508301164907,0.0023032446390698347,-0.010309350752020996,0.0015824460656521655,0.008978235398795054,-0.0021442612790271154,-0.01518396159953228,0.005448142895197572,0.003260144832410772,0.019354799699033975,0.0039065360509824565,0.008168378776138407,0.028563303545076968,-0.03338020688779697,0.01324554419834123,0.006921665990816228
2026-06-29,0.026088107009857975,0.010567066642462652,0.008645272468348786,0.034646888544445975,0.0026364345658564936,-0.01777201049353938,0.006762983500405273,-0.008234248440989411,0.010115545247621371,-0.004300783484475934,0.006517570926971583,-0.015473637259744266,-0.012565588704615549,0.001216735882869635,-0.006547230554270089,0.004475976322708242,-0.0020646427757304853,-0.008366773195273014,0.0017830677829242525,-0.0002640713445967169,-0.0056473657560716095,0.013614655754344396,-0.04454346353891614,-0.0022642412385035504,-0.007539700475483357,0.010460020689921246,-0.007947321119315731,0.009131541965773149,0.0025618371154481068,-0.0006346158408326863,0.015991578251885352,0.009552929917714836,-0.006247707690848592,0.013634363240791814,0.005640316107421439,-0.0038146218537460364,-0.018755258869410874,-0.0013263814572598287,-0.006251470543567561,0.004167688954991533,0.0017269098630878776,-0.016231326642742627,0.008163857541809039,0.018349529795070874,0.009276493253581819,-0.01756528489052267,-0.02228474671648295,0.004287385622101514,0.009838336188842334,-0.029085472398462042
2026-06-30,0.0032073651338102582,0.0173658075289449,-0.01897813458214037,0.011401448921296353,-0.0022824925018148923,-0.008268266463566043,-0.0009564120960995348,-0.015081263799971989,-0.01692803936590237,-0.006929125533554847,0.010769092700475547,-0.002356331049762961,-0.015329778897850366,-0.00886266550921444,-0.026125980922926173,0.002003664770840352,-0.008027353123642667,0.0015241487776620488,0.0001403767343552964,0.021013405896064485,-0.006344454531902466,0.006368584783360998,-0.0018526880279344793,0.02206375700423102,-0.011347921589715426,0.0022806250417575225,0.025536573550705155,0.008478941924545902,-0.020959450851536054,0.015554985295254564,0.0010182845748556435,-0.006046753340470112,0.014380370674202059,-0.003861931611295999,-0.0012786045485801978,-0.0017308160399283068,0.023277478068189694,0.022665009839732297,0.016391576636780814,-0.0014564706776662995,0.025061222839965147,0.004834445097262385,0.013261423333250644,-0.013602786902831676,-0.009264454268288258,-0.02488668691502327,0.015274398469080186,0.013802845128463526,0.029812507635723184,0.007589736186135232
2026-07-01,-0.014389237951215827,-0.004824354129411179,-0.007477674398406853,0.021657540662637587,-0.00783776353298038,-0.008628920353354497,0.009218936755227114,-0.01049386720310419,-0.017201137676411626,-0.030353993535266466,-0.009317465635367839,-0.006326619349334539,-0.011516130379649936,0.011697310683631779,0.0154903815699301,-0.01761454312619859,0.015312506010459304,0.018807939099864335,0.00850176714517592,0.032790486789155526,-0.017508374189654674,-0.018891208631487966,-0.02078602917216621,0.025118717274524194,0.0034771280676293426,0.0016491248183341245,-0.013381617727631467,-0.019543152895037497,0.0185288291573924,0.027797983169043805,0.005499621115510944,-0.00957207037811525,0.0029208662799042884,-0.011004549584495371,0.005559992109471779,0.0014490099368165144,-0.0026488442371542797,0.016896576803133723,0.0019503134659701882,0.0023259486143736297,0.03475548969640885,0.013836145232486885,0.010055591917727869,-0.0013001720660991145,-0.016599575245418108,0.008132142428892264,0.008971277817845902,0.008480963758847437,-0.00753324644722464,0.004567200946977046
2026-07-02,0.02740120649951816,0.01351180534934926,0.004886430986219548,-0.04649159329612973,0.009090585496290826,-0.021496022918727653,-0.0033899983306849846,0.005801443138473639,0.010582455198007379,-0.010459983440463172,-0.003489543826016517,0.009519584390609515,0.006056448229880607,0.01940552671176099,0.0064530309735471025,-0.02795322100128772,0.006763257341981133,-0.004476040769621714,-0.0018897005864891847,0.042311281445086335,-0.015671949085512393,-0.009183860270970956,-0.025074523654140646,0.03620587065238001,-0.00906539835842346,-0.0010414998422019206,-0.00337289249250472,0.010847230087504434,0.0006206155464718588,-0.003986195915158586,0.020346077221357062,0.011220879434556519,0.0031144810042567084,-0.00039747831833591984,-0.005972585937034758,-0.00827750172099695,0.0014941314356542446,-0.001811196459895692,0.0019597251457104115,-0.005044140389721119,-0.014285954819660995,0.0014821720803452898,0.006225723890292301,-0.003969836426932272,0.008346952320499978,-0.015560741090806629,0.003816540126361012,0.002635907216457678,-0.012095010625468583,0.02270359609805328
2026-07-03,0.0121637039118061,0.013328690290986156,-0.002224911300524157,0.0020848904500019305,-0.0056988043699292,0.014043473964731712,0.004431506136622021,0.0054254578265000575,-0.002219377112946619,0.00045258161813022113,-0.026482898695948998,-0.020052236421955305,0.004263555029500488,-0.012701175361444772,0.03366102237669266,0.024453781210128644,0.0004303696479457386,0.0019128767483989062,-0.0006646069042588465,-0.021938774305002906,-0.007752238178133308,-0.039028776431320855,0.0002602267712064066,-0.014423726965009265,0.01131087814292564,-0.0032744981191287215,0.017226531637834164,-0.0034492381514402704,-0.003697212261163818,0.019745776860021325,0.013736920778558925,-0.020748379038020515,-0.001518120451695748,-0.006018198211278691,0.001923400026157207,0.009915746982634976,0.015568143756795605,0.01254296983507297,-0.0030619148911610328,-0.000850191313751969,0.0038868989011504596,0.0003474179039657521,0.04385684932665801,0.011134825913454494,-0.028573012276463472,0.0010920932834275199,-0.004028674560563106,0.010935315514994048,-0.0003994867204210051,0.03413269268501673
2026-07-06,-0.01942001989476161,0.013474323965641188,3.221914225237654e-05,0.005215270070179079,-0.05049047378076332,0.014192874139502543,0.0009124305264454069,0.04795812202553873,-0.0010569689687290884,-0.01627035898743756,0.003490758633569513,-0.004777822230203954,-0.012107417962068823,-0.022419779042793242,0.0047199182249839655,-0.01276598929779782,0.010651610428677127,0.01173507969643306,-0.0056420031248213265,0.0013013895796001318,0.01164777902632097,-0.0004975779943071634,0.010411258114256139,0.0017858888989490396,0.0025419417526972854,-0.0017503623880726904,0.009754338200702595,-0.0043804795002633234,-0.0033383805880125017,-0.008744870652669379,0.0022078417828792496,-0.014642471153320624,-0.015791557832369074,0.006338216368959371,0.0006904807684799952,0.0030326528285480325,-0.011382145589906467,-0.00986220915432312,-0.013031872664232669,-0.0021556657362216125,0.006035954496046214,0.004260287007685104,0.013099567089405406,-0.01154758104011544,0.020912909976690708,0.005506240616106162,0.03499670519172393,0.004159791785608435,0.0019453949168035667,0.010729585866570357
2026-07-07,-0.0016736819815719173,0.02393599755775022,0.0015418150215347204,0.016569446344202543,0.01917140361284786,0.0003007460974873144,-0.003236289533675052,-0.0226435170316176,0.010866963049501743,0.007437524789817518,-0.007512295739787955,-0.01756894185072233,0.003104497555800778,-0.005268178187994077,0.00938836971624979,0.03145228700301783,-0.00343697216297556,0.0188881763359956,-0.006274318676995128,-0.0299725218391258,0.012019396285147144,-0.004525077495324603,-0.0132793040013236,-0.02337585094624972,0.003906476678187332,-0.0015205005714317155,-0.004899418217345297,0.015124901583514205,0.0032434557419307453,-0.02065438909710693,-0.01603996023631804,-0.01136868859797191,0.014294847615806017,-0.013302573934693251,-0.0031950790180985678,0.0002457902318671046,0.02570480916837381,-0.015845988994423688,-0.0032815353955526483,-0.00748250890402935,0.001936851412486229,-0.003417627629645703,-0.010275821651438033,-0.009308057318841101,-0.032635462259375414,-0.004755569462228992,0.015566548840159733,0.022172398441658636,-0.011803452546394366,0.04965400110109974
2026-07-08,0.009238889852273724,-0.03870159575597476,0.005928746474074931,-0.008731942951350491,-0.002431252997759703,-0.022914286079339874,-0.0009908110551416494,0.006650842782986333,0.013864494536084182,-0.008589247148693469,-0.003345441042354902,0.020212951949975633,0.025624094411860643,-0.012375019077498939,-0.005431565021953189,0.027259521160244438,-0.0017317213695012823,-0.01558864285456274,-0.008690297175918738,0.01660379141995616,0.015415409357992571,-0.010958035928264276,0.006876466849191409,0.012208553002746259,0.010355715742530469,-0.0030869806114067755,0.015678881960539348,-0.00728008051861051,-0.0024489050207834318,0.00343421073671335,-0.00622731475983096,-0.005638610786358966,-0.017229856549918265,-0.0028742986615081234,-0.0077562289277025576,-0.01002592781139855,0.007522224909839892,-0.020410360100609815,0.002450488226035885,-0.0016169062748162544,-0.013078211390815109,0.0010757851399452178,-0.016331534724550734,-0.008747545708629012,-0.014863090054087591,-0.025596204581850968,0.005045286618527989,-0.022815617675223776,-0.012036656495576614,0.006165597420997981
2026-07-09,-0.0022265894190652835,-0.025012657698954777,0.016762048497623416,0.04258830094003341,0.0219220820657946,0.001381185000112195,-0.009659596500892209,-0.025049339413029004,0.012619289334123263,-0.0015571159631884157,0.005005867342740666,-0.029287455276436947,0.012548640511141018,0.002687439513072043,0.001793954729216507,-0.0030801949560472774,-0.0063405134890165415,0.00623414937601785,0.000511758973897436,0.007443761863484832,-0.0013966405870994292,-0.006418096109941707,-0.017109044742482427,-0.020585761304355965,0.010386833265770834,-0.0069396044587299865,-0.007256298611809986,0.019612796076769357,-0.02057503294339469,0.015906523601976863,0.003121101294394135,0.002387664945375123,0.010092573906351765,0.0034367784813631452,-0.011832059694852348,0.005334913519598805,0.022100143817208373,0.018492102882050165,-0.000667178106539823,0.007410351494866685,0.010458339356103519,-0.008348457254516495,-0.0014871216503339335,-0.008565069835091532,0.028491664888003365,-0.0037375010191775804,-0.013092729286850568,-0.0027456704394959175,-0.02481110748603821,0.02680727720790066
2026-07-10,-0.0016408393968404544,-0.007337833754413214,-0.0023897698043464644,-0.007075030143072092,0.03280200028782132,-0.0008552636950726056,0.002668923463191364,0.022583738322800473,-0.007091166696942874,0.01744981690227143,-0.018513373411008227,0.012665716565026353,0.011749177698488156,-0.003862328784042801,-0.003737810934283492,-0.022972367629037982,-0.007371410012587454,0.004602517505048809,0.007176530464429787,-0.010026280327447568,-0.02022057553754497,-0.014496513653830978,-0.006796730170515852,-0.008514632573920822,-0.013950002377066673,0.005935651730936131,0.026407152415014012,0.016235639280092418,-0.01921407491931204,0.007482783611413524,0.005570342876181744,-0.004690169119650145,0.01134462956700566,-0.0216851396389115,-0.012615903648834137,-0.0013370029275334705,-0.017328570245676023,-0.004132562302374798,0.0015468876032733725,0.002895155806504013,-0.004515615667424977,0.011611548014523798,-0.004358198736180374,0.019061484597944878,-0.03641088343010235,-0.03976473215203369,0.01870000162615093,-0.01046808824149914,-0.01987780130814132,-0.004665739586003248
2026-07-13,0.0159082414592282,-0.010320133688086708,0.004712172509346857,0.007866814655712595,0.01710349972121339,0.003325686658987026,-0.0002808791044227599,0.004389704142905071,0.013187164194017775,-0.00937546230641928,-0.026442489120499513,0.014378391594324524,0.0127232491210445,0.004688630111953751,-0.019286020741744125,0.012176776704139192,-0.0020369655203246184,-0.0012716375245274136,0.007001214086798546,0.03983819429842561,0.004279203295425971,-0.02490963859078943,-0.020201257101794767,-0.019661528256628036,-0.0022873255137789705,-0.001059461428211561,0.00464498317766604,-0.01967954559150853,-0.006101675834012776,0.010341538823916308,0.016322564097696723,0.004996416561325434,0.01497156065095595,0.0018479249566203393,-0.006092009286078115,0.011648036018832686,0.026883934403303833,0.014035060502072705,-0.013987631782931387,0.009847119487709,0.00036588043118168656,-0.00625225866636725,-0.0029457956434747468,0.01808501781937788,0.07375012494254563,-0.0020647879233258726,0.011360341201158253,0.025574915317001068,-0.007873785885600615,-0.017509424065389134
2026-07-14,0.0062948941975813355,0.010795327053527037,-0.002560796669754506,0.009343569472517466,-0.007438811276453183,-0.009960297075970348,-0.008875495683984602,0.022704430285659605,0.010734875989951265,-0.0034642070247546952,-0.003483492891332318,-0.007550694757563647,-0.0018475419785860536,0.009195955764031316,0.002446028537559597,-0.004235049232298227,0.010480488797732557,0.005397699350244922,-0.0013262826580675569,0.011579530882957378,0.027426841924865997,-0.014991087744074094,-0.011396422491447122,0.032578104634311655,-0.00274785344955486,0.0009511406831839153,-0.015133597804986465,0.012638303277241691,0.0020274029870805954,-0.00042404445667310053,0.01714798388837724,-0.003569825441588792,0.008342447670786735,0.0037886526254393704,-0.0008549490813544169,0.003542174171476953,0.0188641771332545,-0.024795822232333564,-0.009420199477499724,0.00486151683708691,-0.008876100543411036,-0.0030148830968429463,-0.02185382472107955,-0.0013350611756125508,-0.0005384894632720627,-0.02670056913931229,-0.012681904089130502,-0.006521971369212509,0.020207290896795405,0.021451459096348602
2026-07-15,0.0017109635462400075,0.002561974757316232,0.004400929194077863,-0.0120552639967354,-0.009353949758570068,0.0032407488766628134,0.0006862954402038213,-0.018430135330976705,-0.010507801574936582,0.005468395101636325,0.0033626473293222325,0.01597063374759733,0.011359223025217302,0.01356694022632543,-0.001869826960011589,0.008186847830292887,-0.00508643492974481,-0.0039013020317431035,0.00014824346148323286,-0.013626928948932693,-0.020917772992080752,-0.0003261678934369794,-0.0009317633896709365,-0.004791223054161464,0.01332421715702714,0.018532377843389902,-0.001917813254566303,0.019574968893837363,-0.014424437929472012,-0.016958254925797833,0.017248285531811902,-0.012212680493856931,0.020524940530769253,-0.0017550689591562252,-0.0012835939136977004,-0.003084867470423025,0.024153147024583488,0.004125530704754521,-0.0014447507442830743,0.005745677483540934,-0.02279369020444788,0.005740260187127033,-0.0053932414105076765,-0.014901482219512596,-0.000648714358200575,-0.006431924100589792,0.00116502944496788,0.02526852599084406,-0.01587555769674187,-0.02132983467909244
2026-07-16,-0.031016128349522165,0.03682655294599657,-0.0029383592661119673,0.006908477523112744,-0.025994517027283948,0.02089552302763975,-0.001263279879473167,0.02935774277126546,0.018578104898790082,0.009243610283253823,-0.0045697327553334555,0.005898166633259372,0.030398252909975776,-0.0028603921694903,0.004182168050635537,0.02239981981372563,0.0066862834861094456,0.020832001938795974,-0.004781865495859461,0.023475813029859793,-0.0017185527956604663,0.018610057835047433,0.005729804289889895,-0.025203302732313082,-0.0004895098825329347,-0.001782563290718131,-0.018372705517038068,0.005696541800774835,-0.0005035444791468002,-0.024229490990095415,-0.0048151390859463294,-0.0010094548074194298,0.004498342252050591,-0.004073209592208915,0.005433167536961658,-0.000134686876989476,-0.004548043957084635,0.002292516686295709,-0.009726532619409367,-0.0036866627101417304,-0.008614679837899875,0.0026322211702072273,-0.010478579195998483,-0.020271783722556114,0.028473766521934563,0.008515033720914333,-0.0029492166339613046,-0.014053787472802615,0.0068717247207641385,-0.02781017475557246
2026-07-17,0.007431029276789181,0.019505828775058243,0.005730925393805597,-0.004088300393540911,-0.010603366706242512,-0.010334030789165172,-0.0013432499904846296,-0.022927758369158946,-0.003039817326273453,0.03294084698118205,-0.008687231741154156,-0.03659126552413072,0.03221400333769853,-0.02044475673595869,-0.014370700175209805,-0.02753787250976436,-0.004304299190029948,-0.008672042763026244,0.0014611146407454978,-7.827521881242916e-05,0.00031121639211528773,-0.023780096004680895,0.037873468668736976,-0.007376150643013224,0.0006404050599471134,-0.0075149522276640734,0.002179307060258928,0.0006380125228990785,0.0002472289206270073,0.011316493475554523,0.004877150861901658,0.011676111083656737,0.005345806191372482,-0.009169235801044895,-0.0004755949690445904,0.007978549773269172,0.00454404038813605,-0.006863809360883599,-0.005146590791251238,-0.0032467735265815367,0.022441422914690312,-0.005652990903473154,0.029674947915209637,0.00043420402343641307,-0.019623256948330337,-0.012730613181970662,0.00819872643917452,0.0032295295741608943,0.03043709838251929,-0.012711113294021525
2026-07-20,0.009598601323632883,-0.016301791493269602,-0.0033977871432960827,-0.010030438874797376,0.014859436992788133,0.029825450849712665,0.004355901923301264,-0.006775554612525991,-0.034267723793872884,-0.004448531294609981,0.016256632123087922,-0.004176812727537449,-0.0017450505733426214,-0.0019626469467006746,-0.009691203099348455,-0.02020657527498204,0.0028973763605137925,-0.014616769899598925,0.003998203701383041,0.010702619408392344,-0.006501299928708515,-0.013261929531465544,-0.04203433668473966,0.022146700501867622,-0.0023692305442511996,-4.882855309829015e-05,0.0030057797692222277,0.007259332557615794,0.016636506654805316,-0.005339583268163972,-0.01088339419494877,-0.004433111015856306,0.0097461328294135,-0.005903780261989788,-0.004586587241118822,0.0029803830817516364,0.013096286256889744,0.005661800521967297,-0.001866160917256443,-0.004875720125547822,-0.026291706699688944,-0.0021926508575071946,0.004706786374625738,-0.024915752225412646,-0.015965465737205364,-0.016473898601950032,0.031850340116462705,0.02242373488084115,0.001710368357319414,-0.006927473924529304
2026-07-21,-0.023813539117753302,-0.035928341386324836,0.014557987835849273,-0.030392318195604284,0.050888359529406735,-0.02131976727561291,-0.004050595731547424,-0.009085102700586711,-0.03306038283741075,0.013741217093357738,-0.009816549315474599,-0.035096420120277694,0.023939405868392827,0.020438055295098678,-0.00907951929525841,0.0547986851364044,-0.00571009225638619,-0.016889360225140093,-0.006033922351570409,0.0069639829074514825,-0.01612447845705256,0.00976604463628239,0.0039989981666255225,-0.01476312291905002,-0.011294274427792295,-0.002616995972668512,-0.019459350422547095,0.008357021771096429,-0.015062211903993039,-0.005757034021430019,-0.00045509353296091515,0.006226236414980324,-0.007035378627641364,-0.003921217040535274,0.0028577025450338134,-0.0080507031223096,0.010289058495036807,-0.00806437060619758,-0.00019396540328320278,0.015118388560562135,0.001253938064622595,-0.0002199054816620638,0.017587550608014535,-0.024852708687613134,0.039895664456981894,-0.0142371197417539,-0.020394189564201026,-0.02010007183097906,-0.004056360146171389,-0.04996365847642059
2026-07-22,-0.0022256006457636035,0.0018134753715097762,0.021048166060373408,0.01853052007109368,-0.003364629076747505,0.004396189732867706,-0.004717875305060737,0.0004211468765977777,-0.007914388638299297,-0.019610095350856338,0.00982298756844946,0.016654715998202008,0.008997701312792206,-0.003005486303698901,0.009538088266040745,-0.012727386945624919,-0.003343528072898505,-0.0030818739839940656,0.003372542198652795,-0.009414899841020952,0.0028009437102713974,0.001965164526216423,0.017259172664868094,0.009450608934590043,0.0054157917279837875,0.000257673306244266,-0.042930136868961855,-0.009485734834049686,0.0015176770833706943,-0.0005500191311648139,-0.008445054644440342,0.00865278219552823,0.024367277142084642,0.005678470263553725,0.004042790078416125,0.004732194291637626,-0.0020983352379151388,-0.012861709960390155,-0.014166760703049786,0.005931587031274166,0.000854106854801584,0.00040626607939198145,-0.01105945432287403,0.0030925195083022494,0.007493000820661733,0.012327818256389511,-0.0020054440590969724,0.01871250803548885,-0.005663970925607442,0.007530612049220231
2026-07-23,-0.0059692549259662275,-0.022243945067342952,0.0014740496071592446,0.003735426012867471,0.019564364839678383,-0.0027124232285554717,0.006219099991957355,0.0002851739068101544,0.018331323350249118,0.011548357626319783,0.0018388506791793269,0.01489453326053125,-0.01347399794765436,-0.019076419179884563,-0.0050036356990261766,0.024296646530299615,-0.0028708861051873757,-0.010263023335885357,0.004051411374361713,-0.0011545602908045183,0.014245230523644015,0.007618079088878016,-0.0212029722879834,-1.0742891981996294e-05,0.0030137501009563916,0.004592969974015038,-0.02950883531232318,-0.002169923705404919,-0.010768643308259218,-0.01758391206052201,0.013586823016553673,-0.005853205459267041,-0.005290575192985814,0.010035923596459329,0.01864345442920534,-0.0020873755537847982,-0.013898478987838137,-0.022463199468640394,0.013363333893682272,0.005412722247879476,0.024940903744435472,0.010164874757328857,0.0010959874552896043,0.002711738280865239,0.014058154692923708,-0.00038155675656403876,-0.023301579299255804,0.01908161512403317,0.022089370246806794,-0.024809466966072002
2026-07-24,0.011131826283597546,0.0035239961750810345,0.015084107168336747,-0.04775705564379795,-0.00243562569810718,0.000587162131586938,-0.00042249669015748115,-0.02149504949927772,-0.00253695706294943,-0.0008218515874927057,0.011837411202104908,-0.011852218280824167,-0.006816685301548775,-0.00542972045468515,-0.0081809129347713,-0.0036540314607674818,0.005024122524504904,0.020718210696242023,-0.0038532445972714324,-0.013011056941456767,0.006665314624819452,0.011298802347589953,0.012731227513394838,-0.005683675668760824,-0.011687548875903175,0.007482036212176357,-0.015106075659206963,0.016879317293702956,-0.010039085917937673,-0.009675651244727579,-0.018837921051454876,0.008139058311283698,0.023325295490543185,0.001486185949045593,0.008711598627317851,0.008077987726202718,0.00821644496218199,0.021421786809217247,0.009418513924323912,0.007191028234655894,-0.011751449740053488,-0.0016088479339654294,-0.007729713155578577,-0.022899244575061317,0.02651486099857614,-0.007614487132744707,0.0027545247255194028,-0.010167323210087509,0.00459173518143885,0.005688054059281411
2026-07-27,-0.030930617923243475,-0.011117951423247119,7.7801231540775e-05,0.0030311597342969065,-0.023224588852273853,-0.005975080290848256,0.006512163986858388,0.0007982271911948224,-0.010979934864413843,-0.021209463835451525,0.014082356886774061,-0.023754898942765057,0.006165534971667608,-0.001497229562604785,0.019269685774376377,0.012028898722109993,0.004389943157828036,-0.003367007177820125,0.0012529951131030614,0.006699166199194639,0.01983974670371258,-0.011176924939549027,0.00027859729947277145,0.00035795233922431,-0.004092817210480049,0.008612639491504925,-0.0043922689666191506,-0.008096524041186215,-0.02508588582900939,0.021430413990157993,-0.005701895349855768,-0.0032316692921434687,-0.04012602187070946,-0.004357043162703467,-0.00688107778305691,0.007123414809408368,0.009159991883985308,-0.019081185182067473,0.019691214392171696,0.0018941349709049593,-0.011014496284872832,-0.008620233673337196,-0.001608086459103264,-0.01249202569734309,0.009181784520925218,-0.004174562134745763,-0.006050502909751065,0.022637436132915578,0.000612749305790139,0.015950210732836645
2026-07-28,-0.0221998977246185,0.005030047658305614,-0.011110383799607826,0.014520738210911377,0.006619125391408964,-0.013534733309167546,0.0014802750180973323,0.006145252646180488,0.022223687339322673,-0.00037262210358834924,-0.02656609214504413,-0.005995602264546207,-0.010236032951914664,0.00667486269530948,-0.012754375196130208,-0.009997742995394021,0.003297413925135606,-0.049964012269933744,0.0022575469391152847,-0.05569628900027179,0.01675174145120062,0.01273542346200962,-0.00569589594908082,-0.005905802599855514,0.012877046095227218,0.0025631655760078864,-0.014701699357633657,0.011435039789054136,0.023080477572384073,-0.019463528696481158,-0.010212616574269973,0.003522439765178742,-0.0001328195056580217,-0.0021714682093340043,0.004679687292997503,-0.0029558153764511763,0.028130927897708657,-0.0050389221967162,0.019060987696723597,0.0054028198616511425,0.010857912667904257,-0.005026917753871762,-0.014588924439249085,0.006296960975570087,0.022060710450563015,-0.0034925543992386787,-0.02802669789729062,0.020615492542204406,0.006257702978744728,-0.02684418775822739
2026-07-29,0.0015635508384501673,-0.00822239743762887,0.007314016322939709,-0.03853653017570291,0.02767956133380345,-0.012244245559445699,-0.011684709486853406,0.029699372863930096,0.01728901897061319,0.007976077739753062,0.0014499926160354004,-0.022491510690082595,-0.015516748664230695,0.024142956816728844,-0.012724541106176379,0.05363439647150292,-0.011609562916411797,0.0006331171697844251,0.003642003423082407,-0.005097611372626876,0.004740120191307318,-0.0064327352733251075,-0.0091811806858757,0.013348032101322849,0.01824080781851256,0.013260296499228108,-0.007649523061000085,-0.011269762584901089,0.001265458603989078,0.01807402765756061,0.00350447988948277,-0.0032617032979174176,-0.01598802422940715,0.002662652290004397,-0.001672491762663375,0.00284674343107727,-0.015364708699103113,-0.010768478421672278,0.002511033170721655,0.004147603592982163,0.013272010484726815,0.004674239641055067,-0.0034244015607680645,0.004285418693292131,-0.02078369003833025,-0.027412725840338714,-0.024722602445733655,0.0024831042841673145,0.015160624690585323,0.003813749415469303
2026-07-30,0.011741368789810469,-0.036923113922681106,-0.009555308807264962,0.04655776805620637,-0.044277677046002384,0.025183474502793235,0.0011248728427195598,0.021320912972813355,0.004072062873020643,-0.01882256305003771,0.02467963907983317,-0.017140835436467605,0.008792347853534777,-0.009628288351432257,-0.006210560621583094,-0.011999400135449756,0.020398038802300844,-0.027392999577928068,-0.0040015636951955535,-0.012951288717902076,0.00858195997408262,0.015382477509304326,-0.023496698020289086,-0.008328735922927377,0.003404460630533679,-9.206572801334634e-05,0.016607509505855766,0.011635628963179379,0.019353517139331977,-0.0020774750446450607,0.013112157715834627,-0.011828972398872817,0.021111210883870246,0.002561103371157447,0.003513452774071224,-0.0032676099986305163,-0.03005834023648979,0.03293308997915689,-0.01581811589901172,0.0017821860007791734,-0.0037336516434001155,0.0033010198660945456,0.015246181850012253,-0.01215181146940758,-0.016579463795432958,-0.01372490220472744,0.023278175249036304,-0.006456062464091472,0.024193533124045707,0.004726251976643336
2026-07-31,0.02239791430343918,0.006283206076161951,0.007892643285151602,0.015808939456305016,-0.003802441490712738,0.009057810278174427,0.0013610414878582056,0.03317436121011985,0.02176814217423262,-0.02293082405596647,0.005669292728816222,0.01851715910362417,-0.01755370197462014,0.009261403323603812,-0.0004729680163716443,-0.004094794449560735,0.003518849857707229,-0.0022506242393413034,0.0018762829461305142,-0.022692851630713107,0.002466684154562415,0.02826829478950521,0.01741865708491419,0.02638986065244464,0.01214046997397622,-0.012777600085268848,0.01619931035394595,-0.006055388493195424,-0.030741034684015567,0.011377072844103608,0.011154627716884358,0.0011913595837629298,0.0035861167230160085,-0.007887408225929038,0.0008916879267932831,0.0036236886630778287,0.012371050703247954,-0.0005391800271490332,0.0010308608903655259,0.0006506418399283564,-0.011796108280598072,-0.01728973036058834,-0.01647157584089798,-0.009283006989668996,-0.01496996498720693,-0.007569324460678595,0.00816230372810689,-0.011052335129586366,-0.006483475698108254,0.004502004749124877
2026-08-03,0.0098768285833013,-0.018723966246773527,-0.02565908429542796,0.020947901336967112,0.006778720422299989,-0.008293588468267887,-0.00829731633842945,-0.02458482100978221,-0.005122490573708505,0.012795665504689024,0.0005172230459358218,0.0044937742595208,0.02921046551762463,-0.008697062655982468,-0.014967663682639687,-0.016757885236269088,-0.008110765990947622,-0.0030249238889844543,0.0019452808623967588,0.016537369600162277,-0.010762016385429618,-0.019642489872312874,0.03589719339984265,-0.01690306331962521,-0.02175632742201572,0.001631685583335818,-0.02954237713304453,-0.0032834251508500056,-0.029816505833299423,-0.008946514687600438,0.006912109051952164,0.019428545988736667,0.035480094096517645,-0.002514039886563846,0.0033368725738316396,0.007002333177870357,0.011337045790523081,0.008166845521095256,0.014829696152543814,-0.0013459008962962704,0.012129951836740371,-0.0025174092953568206,-0.0027993602375019355,0.024397319971312115,-0.03598337128707052,0.028565524014059207,-0.016855148354726568,0.017992117236602212,0.02108996229156368,0.029033235233002053
2026-08-04,-0.010752913560674093,-0.00578049496004307,0.0058541316125608756,0.012155083806898004,-0.003991450275130148,0.0006438285847689684,-0.0018255486059519654,-0.012253750103389804,0.024754259939991696,-0.022201592500079914,0.0012978149379245796,0.005851970932728712,0.014706638758867685,-0.0037454413259965236,-0.01425278449202072,0.010034554314776623,-0.004759592747230035,-0.019596303015237404,0.0009526618395712116,0.011432519450639056,-0.020756637760414365,0.025050604098900475,0.020911227260394405,-0.017574473683496405,0.019575794190839657,0.0012617213813113093,-0.009380683838943416,-0.007518930340507657,-0.019666270376094697,-0.0033984707762392263,0.016357245490361327,0.009777217983219622,-0.019448275132170734,0.004214825345028039,0.01680819569854486,-0.0007531197415875379,-0.0025398701433372306,0.008096567130459142,0.00143716903831681,-0.0010733438149105323,-0.02142876644954672,-0.002977265981451205,0.00551623049100991,0.010794711816181302,-0.038846893219574685,-0.009557557878241418,-0.0048875108057174765,0.011304724601715499,0.016573177215463142,-0.012368590750961306
2026-08-05,-0.0010397498511337533,0.0333852696024457,-0.0030047523872440696,-0.015832017483535132,0.005972973165979001,-0.008848310540782722,-0.011746790631804171,0.0005125941577079907,0.007933023247891358,0.005990386593878627,0.01966431417190284,-0.01297443309193591,-0.022056415944066154,0.0021169860988599076,-0.013111534353461907,0.02297141495022248,-0.008964135980295329,0.005487640951398198,0.009466825744016472,-0.04047745148479864,-0.007738531574816188,0.021336893015984737,-0.007686884631161961,0.010586853148660591,-0.0016008551223639644,0.005554336604009391,0.062310541033962163,-0.006832295227456764,0.022181465823886803,0.0015182959767205961,-0.002794590020210097,-0.006524954392536975,-0.015200315743960191,-0.014148470876368724,-0.006575227538157424,0.00046695721058731543,-0.004534411325401999,0.01339151740054656,-0.001035798345432104,-0.009094038273983696,-0.0025804070265535994,-0.006992975209892838,0.025236065529370633,-0.00860916558164515,-0.006492123247642034,0.03181912646622065,-0.02628943217379409,0.03673030722196691,-0.023379694252530947,0.007403301000131535
2026-08-06,-0.025389701073505466,-0.0069943052644830805,-2.8129870698001547e-05,-0.027450968015498955,0.01555319337835992,0.0055053972819905095,0.009125234595193099,0.0226229048577955,0.01490627779856668,-0.03533350462048235,0.0035196816897895555,-0.03701566983932936,0.013287173747527081,0.0017968072818124181,-0.0025059364158662722,0.006120433675521619,0.006759543544933022,-0.001854651005398722,0.005758544778361019,-0.0010490396710278738,-0.002499195528462228,0.005875343885767936,-0.013564826976299238,-0.018603501502939213,-0.000506546447596512,0.00543700090548338,0.0026666903565615296,-0.02387913033158151,-0.01589025071308159,-0.010320294587263246,-0.00893752300339401,-0.027560870207756327,-0.009652113047943556,-0.012267464452210053,-0.0036908152990179355,0.0062534398255400525,-0.0011811963167613904,0.0025790682825157507,0.002969027961746251,0.0005387342478859747,0.0020267846439179227,0.0035246517987432835,0.007428219537165548,0.01522045140327588,0.018604200580092378,-0.000500184385114788,-0.005758052261977231,0.012657434121236433,-0.009854710444513692,0.01085881091883567
2026-08-07,-0.002938461163758732,-0.00933567138750957,0.0005489120081925147,0.0042135774867098075,-0.012577060304001964,0.003767523125131067,3.2241255971676708e-06,-0.00533617185007762,-0.014145810326151032,-0.03566799802984466,-0.017901597797367663,0.00462275577784621,0.006743526226596908,0.009670515850636718,0.0008663351871804892,0.02321170539699202,0.005280817777802094,-0.0012647000070096226,-0.006825878628992088,0.009228829371143554,-0.01828153599711313,-0.020789533343109068,0.0019535782473414365,0.021817923743630896,0.008467055140096047,-0.0023936690538419736,0.001174490670127648,-0.011584114049031813,0.01882067238171614,-0.007985037793278305,-0.016861917796044956,0.023273034059382525,0.00602512686527823,0.0015640643030045975,0.0009029352828644477,-0.005082654732220138,-0.019269752738357515,-0.03253258479957333,-0.012828653504171728,0.0038316238733291375,-0.012154579608695482,-0.005714917289560972,0.004594786203092838,0.004027706829357269,-0.021150040993358044,0.032950534928749775,-0.029178933832111897,-0.006429596226056322,-0.007435315470489812,-0.03428516983363783
2026-08-10,0.0202727732703869,-0.012382835024107197,-0.003061825354881198,0.021507712570254522,0.007896329841230232,-0.001790954378794729,0.0032577916193745615,0.011006300752723464,0.02331143914972489,-0.016473113594674516,0.006148071410931877,-0.009342824634384628,-0.011151670206550612,-0.007607958526144598,-0.024504365571073716,-0.001887119733670617,-0.0037564527560406402,-0.0008494528737114093,-0.0005955036339951869,-0.011036111331728105,0.014323644299600202,-0.022897711407687704,-0.009219415501066752,-0.004318999239101284,-0.00592148772966361,0.011507883891566317,0.013136783817118802,-0.031676049851533605,0.008933846802529954,-0.0003290416190439016,0.0073625405856501125,0.025324159692251547,-0.004067271890600965,0.005899402464640824,0.005837186653562698,0.009686298344470101,-0.008891651035664583,-0.026485621487027933,0.0031327820009559026,0.0010678593261774783,-0.027956176905959418,0.00418326850247297,0.0008393264083077501,-0.006359644520996244,-0.0023682290128231864,0.00789469382835617,-0.03306664437204776,-0.015285307488768107,-0.002494270933322329,0.017921904026328983
2026-08-11,-0.002368964112675287,-0.01859262260344552,-0.002860902859086245,-0.025981307409186916,-0.022347181076922573,0.0036415392068933627,0.004093075028198667,-0.006243236779742034,-0.01637986403202396,0.027723061738192056,0.0006109121185844391,-0.02634759744727211,0.002325714051317318,-0.005364875069546415,-0.03434221909534785,0.013094723103427297,0.011663549702101594,-0.004690338310763487,-0.009250600388121644,-0.0027379330479969655,-0.012915721215224218,0.008768419300614783,-0.0037871235857569463,0.0032565472805072826,-0.0017569525970093647,-0.0017920214345658048,-0.012694903692940684,0.004742404992207572,-0.007244931486025341,0.0015659799863205759,-0.0020093057408127057,0.002071656901945662,0.004407139590585585,0.0008692945708226318,-0.00369445968861426,-0.0004617760546198335,-0.018615850632536457,-0.016793263969156258,0.006425759982202406,0.002198316184425897,-0.035246274231070296,-0.011010630286418688,-0.002014526041063114,0.012890703837098894,-0.003679739078445543,-0.024119796746425726,-0.00043261328073818106,-0.006656300188552233,-0.025492108755472476,0.03136377620162212
2026-08-12,0.009550607784157394,0.007736138094487144,-0.01462573497416586,0.017510492533164168,-0.008258533320254391,-0.005012237144394138,-0.006106589554704334,-0.021192411789346055,-0.0014191658526727657,0.03855921848887722,0.016395208723799515,0.00672440682739639,0.012993582878385368,0.008685000851112346,0.010629352062770048,0.005506121475975068,-0.007620653219834406,0.007499191433576913,0.004032305254479951,-0.005262154444808487,-0.017490866217242718,-0.0036570028656669473,0.029347988992070917,-0.022671372022415426,-0.01550873217478288,0.00236008637420948,0.007166017820482207,0.0016659203383071475,-0.010809769538650094,-0.006300293232311738,-0.0047606340045011075,0.011851513532786795,0.0016600540889153415,-0.0039492819732335205,0.006087480946024959,0.005037373750246044,0.018008531116878057,-0.01734734213564415,-0.008445785044575715,0.007499430933791462,0.010208950485960822,-0.004955228191042549,0.0063255971146758405,0.0048478091424031255,-0.012809639418896346,0.018442860516133308,0.007252767080860645,0.020123466616345675,-0.01636949044560443,-0.03250973551538705
2026-08-13,-0.0035916145519813147,-0.0006363460859630798,0.008001580460966329,0.004991085311148558,0.031539823143127865,0.007936896734349386,0.004013318348388806,0.01432818372096456,-0.02750621483329163,-0.0038016715091545583,0.02131664532819788,-0.01121215512327356,-0.0053684498618568055,-0.005616343118209688,-0.005643724091685343,-0.000575440370586322,0.010255600763187322,0.0034788833159828947,-0.0023197463802208107,0.013002478755181457,-0.0018696422685816616,0.015497572165203088,-0.0027598382406238686,0.0012810119154726962,0.003982000442604328,0.0022928511351683056,-0.01192034255384633,-0.0008776045324206949,0.003553891171856227,-0.006090537724005363,0.004948017703515273,-0.00937948506201769,-0.007090461910430168,-0.004513168538709977,-0.005706957521764755,-0.003066933563451779,-0.0021330939191079867,0.002558978189155736,0.008326771930570187,0.004126834774517363,-0.019733496107011028,0.004441847694417689,-0.008723321499509162,-0.012079314644937056,-0.00520610729555171,0.011977223777127843,-0.013863674633246115,0.006005458088860438,-0.000999049514719852,-0.018717593624093087
2026-08-14,-0.012184452467263518,-0.011253353433424373,0.010407663067174555,0.034940144093100534,-0.024300146928120103,-0.015939954732102857,0.002533072316714957,-0.010458235805493765,0.0027826698290702723,0.0011695232027220115,0.0024738980563867585,-0.002684893984226888,0.002082184114561292,0.0008621507567032616,0.0014756522365835245,0.022953789570300476,-0.019811234857651794,0.016282534310230856,-0.006264519811314817,-0.011045728280672518,0.02800859863168248,0.009872238980797254,0.005249092611630202,-0.006496915811701642,0.011709741578205701,0.005752179188249107,-0.02645862048461567,0.0013456291829767597,0.016864633584809496,2.9141691267442482e-05,0.019802224294312554,-0.015198774935173964,0.011829060691648463,-0.009192673408853658,-0.00658941409049385,0.0031090347303237564,-0.0006776982230587425,-0.0037274176474968446,-0.0017364675703475108,0.005711726604788359,0.019202611141326598,-0.003025486336110217,-0.028080367718580024,0.005152674676424773,-0.01694956855787888,-0.010407249969696886,0.0036275574075494976,-0.0012775421769219975,-0.026377566835472988,0.0393929408564182
2026-08-17,-0.0221127943194519,0.019213628308573316,0.0030392648032622205,0.013597900168752952,0.005046088514505387,-0.007221890177680157,-0.00530144208202854,0.0037388746637743164,0.025819987549990486,0.004803179190802531,-0.005426957452152492,-0.01979049282985057,0.013497399385536957,0.010311761177123735,-0.013458282211952333,0.026132985419950794,0.015128783564719805,-0.0015934540838065114,0.012388224968579387,-0.017392206866336912,0.012874526480721737,-0.012307294962946802,-0.027762011936040998,-0.0019988729642554937,-0.011211415060693342,0.00741771777766953,0.00652968617832439,0.0010818220966939407,0.01259702393227613,0.00688053199689076,0.015274474395069237,0.004067561599794711,-0.015180251268621325,0.000697959851736929,-0.003132131223864243,0.005450954681352149,0.002266516980194311,0.029179632919669185,-0.013120201738201498,0.003569145237311666,-0.005710719006694065,0.007125680268009527,0.003454100246111258,0.007239078903344964,0.017879557218856368,-0.0004924441144490421,-0.0013925537958413559,0.036745479234173484,0.04145504296614355,0.0007499402088126939
2026-08-18,-0.0015186175842387684,-0.0036109508891545294,-0.00982300014649029,-0.008058056134618297,-0.00812279597971921,-0.00797783587627543,-0.006756345663927132,0.02995476029368649,0.014545192161017573,4.6265518196308975e-05,0.010457743184567603,0.016035363302213668,-0.02776290086739619,-0.006938369664312827,0.010519299305638219,-0.009676037065349696,0.0026462374609292905,0.03716701025419655,-0.0013225445964442084,0.038865031506216896,0.01894693113813739,-0.02077898095379005,0.01406797092347456,0.029913700553949374,0.013191450678030403,0.009568968081168139,0.004670593175071458,-0.00761337445429644,-0.028962898766406453,-0.010927224419124748,0.022584276646610668,-0.011561271922393312,-0.01567525377647727,-0.004497933343388549,-0.011405419305071107,-0.004802648647289298,-0.01833077083162571,-0.002838346193134278,-0.014864140610183374,0.011616610790662119,0.010142096578784177,0.0007590355786857295,-0.016501758249494514,0.017437783585826372,0.008665033439910763,0.028310845830186615,0.017403650582234365,-0.04044288870372292,-0.000997443420557409,-0.029505738587176977
2026-08-19,0.029729553959542576,-0.008190669793602723,-0.0024701480596769354,0.03189691821224705,0.022838386294871338,-0.020118448520181187,0.010469747505742255,-0.014890749035728512,0.009137574932153836,0.02140758181412905,0.02811981232612837,-0.01223575273685995,-0.0032927085342755458,0.00045071645530048166,0.00606412298285397,0.006868153138817945,0.0020122106560334085,0.003302087972531398,0.0012992399041757974,-0.01724473747602162,0.014422798516859903,0.012726977616303259,-0.00260376631116499,0.032520686841264856,0.014106060321430691,0.003878677293080779,0.005251909743974714,0.009628751657129397,0.006565274817168731,0.001673318044260741,0.012409235311081623,-0.009463775604418467,0.022680979559074332,0.0009307362995187862,0.006323470610064552,-0.0009948434958929608,-0.0018556885484519725,0.038640663260970154,0.0016268431655848126,-0.00030217158560852386,0.01223580915358169,0.004987848370249015,0.00843829582151101,0.0005803165895090778,-0.012949653412448359,-0.025073662445303735,-0.0018275598161390239,0.010689140394551044,0.0030421951093386745,-0.005865733841334264
2026-08-20,-0.0007572976589208524,-0.023253840371552315,0.0028569108589995285,0.02571869936010418,-0.03891938530454153,0.005533645987291891,0.008928511599628486,-0.004356561387485303,0.004127766050052051,-0.010005444903033012,-0.014168083773961393,-0.003580795335111575,0.00493344149050623,-0.009871255096435272,-0.01970763493047012,0.016347903574831735,0.006030059992885972,0.0019158211425804872,0.00634428722650604,0.016366982457261425,0.0006255667149088762,0.01327353827017519,-0.026242993812650495,-0.011254501796552185,-0.022536759425993536,0.011274614001780758,-0.02269751967860789,0.0011017981661045617,-0.022103683135352714,0.038095070153642885,0.0031271868778166567,0.006325239798596893,0.014463886761246547,-0.005597478430381497,0.0023680328138948603,-0.010384248114870154,-0.021423811019106287,-0.010775540551153484,0.008641720028953026,0.0006215071558655083,0.0033749666835334313,0.005813348878408897,-0.012938656568392659,0.0005364571007797636,0.03159332108012802,0.012558808880732464,0.01900593372981363,-0.025449811637055064,0.007553071848927173,0.022550967473005334
2026-08-21,0.010767568535282823,0.014318646105995647,0.015350743572427161,-0.013701175385177455,0.004348756890721894,0.00249301804630897,-0.0032697879109430117,-0.015428274655125196,0.0024895669137487975,-0.017319594235548963,-0.006224642739756314,-0.010467647419500792,0.010786296092499592,-0.008015536829804382,-0.012705594624213945,0.0095339111297299,0.0022626546756736587,0.004902170791890148,0.007786780321742626,0.006161853460178168,0.008147474072224714,-0.00767195795081943,0.01470573304693601,-0.008521001090197045,0.02458876761148976,0.005487440402547783,-0.021572187442830515,-0.0010959853304371991,-0.005059554699980651,-0.005459722063961503,0.011168658012638444,-0.010222734604805495,-0.005077630752622908,0.002195120213549062,0.0012349814840100226,0.007566212692701857,-0.027086038353328457,0.006888619111308891,0.003852114184700328,-0.001257768397901704,-0.01600648796733939,-0.014762871520626941,-0.0187671607885882,-0.018699564125587154,-0.02859704196014945,0.01031885885845929,0.008594236648620024,0.0012978944546870874,-0.007282585214115067,-0.024287143168127634
2026-08-24,0.004304771304920685,0.0016325424453629278,0.01898215901901379,0.014527026700286605,-0.00598892256227701,0.0011826843250564156,-0.005705370128361809,-0.027863782663138603,-0.0027374131309340077,-0.005555480671932567,0.016208686176029552,0.023158500514203206,0.004267650043650706,0.004518041199415901,0.0007896150647426214,-0.04199836263843548,0.006516796605303243,-0.005553849476583772,-4.1875995218432216e-05,0.007050053046180782,-0.0042238951593960294,-0.0212064619811565,0.025633246345651006,-0.02898411198155426,-0.0058874379234971075,0.008257596781256593,0.012189753199772113,0.023712388729465017,-0.010521137982049344,-0.011359756557420497,-0.0029413819458036228,-0.002882934735965348,0.030192154185566755,0.004834073224576851,-0.001090185219798978,0.019655400574046578,0.010273604399302805,0.0070776930584768305,0.011715752386430855,0.003972978221481682,0.0016765816417432244,-0.0023688035020160703,0.013037772266336622,-0.002270988636643101,0.023593900134392998,0.005034706553969093,0.036453577913357016,-0.03244706455856805,-0.004362205532382202,0.012546348107329353
2026-08-25,-0.00249662780034432,-0.012262784966467155,0.001978963771284814,-0.02719821292248903,-0.015625520774804502,-0.0009599439680046951,0.0028174453596514493,-0.013619726402440802,-0.015585153750553471,-0.005347847904767611,0.007374992836444383,0.018125448163055058,-0.019067051914294697,0.017499242805347537,0.00236330990006528,-0.01622412169096832,0.0056275365121341014,0.019919787969487013,0.00522869385476632,-0.009434139817611542,-0.006501103890184212,0.008321313269563202,0.009070185052352686,-0.033953328242230296,-0.004566658022251646,0.004533573477099706,-0.0068217579414079355,-0.003958884476092717,-0.02991877156692846,-0.03008429682438818,0.008334251915915747,0.024196457722146292,-0.005816857738673686,0.0011971920225268828,-0.007647560271058729,0.011329717723959964,0.012905208574917726,-0.021209451900699783,-0.00453668809822827,0.0008086947693661806,0.012347892510775393,-0.011944726618649537,0.0006367937015148151,-0.009133047028006103,0.013281501949316654,0.0043935661401297565,0.02119224075288839,0.03247010179647569,-0.011273743519547796,0.013417322560687506
2026-08-26,-0.001443263642895709,0.02740013844708411,0.0017377953246120459,0.0018727809412901752,0.0012699701664800056,0.00039489354498201124,-0.00012844852670990115,-0.018400894066760376,-0.015109549361071895,-0.031585353010526895,0.017303273595634217,0.0014384245519569738,-0.0036163348141781126,0.015156475885301335,-0.0199604024527702,-0.0031691042031722905,0.009661646955107628,-0.015815829648946345,-0.0048849529163610406,0.007091877740562635,-0.0011544858608905084,0.043633987033482535,-0.021991769692526586,0.027281043855839737,0.01596808737524813,0.0029200304701759716,0.01000324739096814,0.001190996220375995,-0.015790288909281247,0.0045710468576523056,0.0003072679637701192,-0.0007853069226279041,0.0019668075289120956,0.007393664172724801,-0.0030337343280268936,0.005364631806739739,-0.00543015622826859,0.008035633179610091,-0.0048404357753937255,-0.0011546337686021424,-0.01761500376954861,0.007273419336226938,0.0048460413641568945,-0.0013321940312122083,0.0057612735628147504,0.010673667488819039,-0.007344599396337026,-0.031016506779122488,0.0004956362909014356,-0.03111878020376213
2026-08-27,0.02870748614120955,0.03876468081963691,0.005965599557944623,0.003457714333566342,-0.01256373247214393,-0.01215207983341815,-0.010011695959279976,0.018611226276685544,-0.02910007358704536,-0.004654040756773559,0.0073167261459003985,0.004146662420061009,-0.009936174674807674,-0.0199266264355924,0.038677965361853195,0.008657036238257865,0.007296662482264793,0.0045765797797283625,0.011058874391488338,-0.004665041329681041,-0.021006795706657533,0.005847372245185722,-0.017579282937498886,0.04312189959462054,-0.0005963386397260795,0.000713637104679643,0.00894709349541234,-0.008085616812315233,-0.0126774114730972,-0.007547029924905968,-0.014211579353755166,-0.009307643281831535,0.014787855559683871,-0.005636267173759091,0.008577230095849764,0.0028047623478453243,-0.0011259389050191082,0.02023129185408834,-0.007874498608609004,-0.011278741567234962,-0.00952484171889234,-0.004148858719238424,-0.010652009444651389,-0.015610195818410166,0.04350581156027067,0.03259091612989584,-0.027616810147725546,-0.029817104983357212,-0.011449764826018116,0.002168124673190386
2026-08-28,0.04133340824428844,5.950672523713507e-05,0.0014384375677771732,0.022148944029620532,-0.003564216716667068,0.014085998416728085,0.011252475313375365,0.01510695034603926,0.002530016176576666,-0.00615302795658168,-0.0009056482010019185,0.010345319536959385,0.012325719537340296,-0.003972695125096237,-0.011570066358662534,-0.007717667472641132,0.0031597320064613577,0.014796042259521469,0.006238072166590003,-0.017876601088912314,-0.03044680778895381,0.013017687611433182,0.0241776704002985,0.02171316115473254,-0.009705345849462477,0.0018004233595705355,0.016447818991906837,1.931699539370335e-05,0.01908371816559784,-0.015543021561386539,0.010374295492860952,0.003581847540387262,-0.022152427172241085,-0.00809673735278793,0.0013863678329755214,0.0016798783723117605,-0.005074531765277834,-0.004326294440871514,0.006066561964154227,0.014415991797633643,-0.01117446639569597,-0.004215362859802951,-0.014817238066199168,-0.006829754583688619,0.010904946922440928,0.0029069597750104315,-0.0019567901070974836,0.008240409076955224,-0.007642002383013491,0.001628890083103407
2026-08-31,0.0005469969363049998,-0.0020668783507958866,-0.0035200198214937473,-0.004013337022693686,0.022442833671918905,-0.000309573927738116,0.0034005274023718446,-0.012213295095588328,0.005440881327130054,-0.004363653700656167,-0.012196584136355382,-0.013115743305749383,0.00550506997551925,-0.005399687539927145,0.031376446932450675,0.004445552546970655,-0.011497259860196785,0.028641343529431706,0.003858681685335208,-0.012660699232734385,0.0017401305094051356,0.019891231145190202,0.0002794014438065595,-0.03356190573516982,-0.0040105767798458425,0.0024431269753366625,-0.00913082538391019,0.019240575646206626,0.00025006517131909156,0.011175727765686538,-4.901011326596816e-05,-5.277572446160672e-05,0.012105077297023925,0.0025603142746548624,-0.01913636309226785,-5.957078837082186e-05,0.019256753291188478,-0.009869395859906205,-0.002730987157093967,0.0068427925754281915,0.006277417309749511,0.0030871418232445436,-0.0003042432087857483,-0.006991766876072503,0.019334449984331536,0.022622585319820976,-0.012381100771254316,-0.00974547034969242,0.0030581821283413024,0.01028655274489787
2026-09-01,-0.012828532659972636,0.01805267169528091,0.016540861910897764,-6.841842005589349e-05,0.008408679121376217,0.0030987982038184203,0.003982677001078683,0.021891646901723405,0.014368967530433707,-0.019090721889649553,0.0006229847485113016,0.03100340166738169,-0.02786478152938998,0.015899041656441515,-0.005822824070524257,-0.002275099524317148,0.0064335030774604895,0.0012568978984923707,-0.00010782128619135634,-0.01139009121305301,0.00872610662658091,-0.023016928362582734,0.0034907114789788363,0.02516341406205469,0.0004313513396467794,-0.006696153728043885,0.01811536480395337,-0.009788760336075009,-0.022102535079657204,0.02072266790410482,0.0034588347940545106,0.011140826233200896,0.02043447263673559,0.006310559799625137,0.001304923329555896,-0.004396992538115763,-0.0007745120558072527,-0.0038786550667367914,-0.01787622570949554,0.0006785401218252218,-0.01772274569448118,0.011669710660932697,-0.004701883885282143,0.04017398226321944,0.009660431330641428,-0.0039447986313054795,0.0005797991002387537,0.017305583899833055,-0.023897814384529426,-0.020452264955250432
2026-09-02,0.003073191818315779,0.018895513949348297,0.010040212895015888,0.011138700802768575,0.010254805331157968,0.038215389317371784,0.0046048946751438,0.01116824328995003,-0.005470721315248173,-0.008437053232185354,0.004060384682031071,-0.0017545867504713542,-0.012198302430473262,0.010370528027155768,0.0044750437593419345,-0.006048833197242476,-0.003042276841461078,0.004375848579620811,-0.0024206877171134566,0.0062293355062204014,0.020239268007351985,-0.018354093332245913,-0.006425698550251768,0.02001124770859497,0.005018894301128007,-0.0018674222427339515,-0.013779534997139242,-0.0022765950026937265,0.009147365623145332,-0.015899491942915622,0.020548071865200246,0.0073869203844521,0.013599495586900101,-0.0032138118435512952,-0.005251723117634222,0.003950326139031679,-0.018358718905712057,-0.008710362773509561,0.020353428668770324,0.0021797544003163694,-0.007569815575126593,0.004826268985790971,0.015322403722966671,-0.014519199559245743,-0.014462425324785588,-0.002363232931748893,-0.004969713546937982,0.022903381597250805,-0.0023853908404253277,-0.0276577871444742
2026-09-03,-0.0009097600012173412,-0.008798315650073052,0.0012189452837589876,-0.01283314290055726,-0.01705503526398655,0.007920779921750665,0.0023480194186482617,-0.002011370864027362,-0.015501212486334626,-0.015333040185043223,0.0013941827456949163,-0.004043210893165838,0.0020465582937789772,-0.009475877717542991,0.009443898405440354,0.0019141097756893988,0.016223709531640207,0.031536432560652194,0.0033437787677881303,0.045169719853368706,0.007663563317843014,0.04433241705767976,0.005691329652839805,-0.013461809204185604,0.014729034250845041,-0.006229047122832121,-0.018302190296638154,-0.016242726822534803,-0.00432346605701317,0.008416429777987178,0.02674622813530303,-0.004875690267514665,0.00427788365119941,-0.01056423956356689,-0.0028183326191019153,0.0030779177442477046,-0.0007646944292670765,0.026846269323935967,0.011829172967977364,0.000817556660439811,0.005237558196628855,-0.005543247589004707,0.007397607462687139,0.02007494707815738,-0.015026299380911712,-0.01259805065912234,0.014077771713168818,0.003270832001914803,0.02576013185839865,0.0012467437589578356
2026-09-04,0.018535543572147706,0.005080854389030609,-0.005331881581419062,-0.019089463846962973,0.03440285538362775,0.03287080061351011,0.0059834138073167065,0.04592337051760298,-0.009594689512123722,0.017438132414989482,0.0018789057004355847,-0.015233224231430698,0.015307101828065717,-0.002765402996488864,0.021559839743359177,-0.006903110379887889,0.0006403715243199493,0.03182131851473291,-0.0024303443597389895,-0.011162104580972332,-0.009833544470799871,-0.00584274504326987,0.016590532846714634,0.03113388389805749,-0.005634375553265403,-0.007165447899762478,-0.020536872450629073,0.007575909187157892,0.012436396494548418,0.012170277538727126,-0.024444667194013836,-0.001801874732412001,-0.04128774735392782,0.006484644341683055,0.007124976745281231,0.003991982981180753,0.00885257909388315,-0.01326757459285044,-0.002762008291338991,-0.0045257135259996195,0.022281055568144303,0.0019309413471990666,0.003401096480554866,-0.002001296120712759,0.005580581821901243,0.006816561224322282,0.035354242346467224,0.0123635029281437,0.0022628923973058157,0.011211944924848671
2026-09-07,0.007511446396898602,-0.0103888286158339,0.0072661870928973915,-0.006039464351710322,0.01439578306197209,-0.021231812837383846,-0.003190434419751309,-0.02185714147168616,0.004857892638636008,0.027932851209858223,0.014729447044489863,-0.011215814681452385,-0.023042817687752404,0.013056742686599954,0.008588901765599344,0.009406724628993945,-0.0011214239913698298,-0.0258182802014173,-0.007136653513056035,0.010185966106010191,-0.01113566194283444,-0.009720559954873753,-0.004269427128291148,0.014633699449631221,0.0008223913693785612,0.005773137261245731,0.01721098827622569,-0.012845497659864313,0.0011059889596725103,-0.0046346363471887475,0.0035838992566976646,0.013705155183117101,0.01916074336885676,0.0062388028722561994,0.004175516593062589,0.0076131932832792515,-0.006316014218805677,0.02566528333948548,-0.006972083634504966,0.004821628905458786,0.013617814389387473,0.004964122865174225,-0.01850688928219224,-0.01143753378841883,-0.005206705966355862,-0.018416298426505606,0.0282540177030266,-0.006112874146762426,0.008943052708564991,-0.019088182186074
2026-09-08,0.0022144892293756158,-0.015336475677560468,-0.01565328387207121,0.011661285259784604,-0.022335926463461386,0.029602936830908533,0.00042346876444865345,0.02936790634151376,-0.001657013337480695,-0.012841456159130904,0.010617356795698862,0.017179555038152383,0.011090405148295623,-0.010833227135798817,0.0046589926741125165,0.010074094114558285,0.003989098880559538,0.0034982012090727377,-0.0005627897393597481,-0.01801079771029257,0.008779167396155474,-0.008535544581423249,-0.005410067423722964,0.0060160486062166285,-0.004035594761257477,0.005235178043346167,0.04842999929279346,0.010957140196020676,-0.00991133172338654,0.004979393609707783,-0.004419668857525649,0.00452292202063842,0.009827738746261527,0.011881050662573944,-0.007160720207055049,0.008095096064400398,0.021469786471765673,-0.004551100183728063,-0.010750237989686329,0.0018244711332324748,0.007732897231161218,-0.00021842715932141044,0.006011469728878671,0.0006727217837736443,-0.0003105864341802489,-0.001672453211836733,-0.0012402599773116973,0.0015257337507026403,-0.005708110148908485,0.008122673153089233
2026-09-09,-0.0007433798731243391,0.0003783158829815392,0.0004901400399113243,0.002217251048300506,0.0009073857822472498,-0.040895024658478496,-0.00025528544767383643,0.0267222502623925,-0.0027160085835543635,0.04525461087325122,0.008050880391004434,-0.03816725172553681,0.021143882821028193,0.00469410127562786,0.02425902772205868,0.01892083766454311,-0.017171278206424834,0.002650701901159014,-0.0033728160349314473,0.014448800309912802,0.020231169259126602,-0.015950540058768503,0.020502650268103828,-0.011510287099652183,0.0010607407858669315,-0.0006614130636273252,0.00882973682630439,-0.0056134026805039205,0.005906486976897218,-0.00728931289233925,0.007920850485435782,0.009496738067428234,-0.004533437976142696,-0.0024050025077070325,-0.0007417014516133413,-0.0036959559877238757,-0.0077324135694091245,-0.0034028403435196752,-0.017602978935904234,0.0009579466965226047,-0.0008959371315621079,0.0034120610196615164,0.01083109416868444,0.004852239807803471,0.0370504757037029,0.011484568158326658,0.021129429739467298,-0.028016040521456786,0.0029731467513001153,0.010381488191517185
2026-09-10,-0.00035828358879652633,-0.01756305809562897,0.014641216920189715,-0.01202075226222088,0.0004813774567240525,6.733354012822268e-05,0.0021152921941547387,0.0022134971231071443,-0.029124169331061545,0.010465882515341418,0.011597495120866386,0.014804362847101071,-0.028002183719408658,-0.0015629193017865362,-0.003476679294227014,-0.022317900903831234,-0.008630051010159678,0.0007342564743850755,0.0009129134736534095,-0.006477999041183402,0.0115773088358333,-0.009940465690857825,-0.013904417037841177,-0.0027045737876901788,-0.021096586387966854,-0.006448994459387514,0.020636856870644316,-0.0038006421646906707,0.013403569939754112,-0.010610986215534468,-0.019195902956937516,0.004090151556435773,0.005168899342992805,-0.007143269857321055,0.003777532153948604,0.019480455770429117,0.0028966161167358617,-0.022972342829607917,0.00042358100937645027,-0.007791915852804032,0.011866464519053599,-0.000573820106887446,-0.00850047818759414,0.02245712619167528,-0.010179372110723173,-0.027442649300496558,0.005716665171816793,0.004811134174328657,-0.022336464943192635,-0.01152304759334355
2026-09-11,0.003009072093286491,-0.021211926647248802,-0.011436396518779812,-0.007299144822346615,-0.020042542604728042,0.018421368785672687,-0.006422462974083332,0.0039536751633324485,0.011595910004764232,-0.008812292035977665,0.012666160453861153,-0.0016506641568514446,0.010448740031435255,-0.023451910568057177,0.010043654479942932,0.0006221867851090579,0.003810970539920966,-0.0010856499848155288,-0.013467313381282708,-0.007333959172765359,-0.015181878432270257,-0.022149450146049743,-0.014929724334853844,0.010999716954216199,-0.00022251281922180954,0.0049984969647749455,0.007182686714563458,0.002321369475746682,0.029826853675601006,4.2074339038578046e-05,-0.0025230676223735315,-0.018301145298370902,0.001088461952528208,-0.015077602390891176,0.0005363010724834805,-0.004433085966240702,-0.00823318506746995,0.02489953108725107,0.0029702177311952127,0.00011032595382820531,0.002005318911926457,-0.008043129636446489,-0.00903775233336146,0.00743518408122501,0.021346601003652044,0.016751656710187746,0.010396897541864458,0.0163874134625126,-0.0024582129902273042,-0.034386875978209774
2026-09-14,0.021921302435895296,0.0069089247710298896,0.0036825992804274676,-0.021682951264051176,-0.025793872877957202,-0.00916615533132803,-0.0018572303966504222,0.025747947501417068,-0.0011044451221499108,-0.005937381723074009,-0.0045467915241163,0.02773350467871949,0.0023222862221168317,0.0051894263864447066,0.002848646308043268,0.008660612806671963,-0.009911022944172454,-0.009817004465455526,0.0010444687516812934,0.014345716350425697,0.020414859362099635,-0.022248688000005568,-0.024432120677968072,0.012901218530687153,-0.008076201970873664,-0.003562989871524591,-0.01942777909082094,-0.0018016443355302059,0.007475752014925119,-0.011023201340712219,0.004963651971619409,0.008583143425231698,-0.022178080435631853,0.00825456279914305,0.005205252668009752,-0.005461747039837372,0.018917015168068207,0.020727204441971514,-0.01842182552737115,0.0009128661347894695,0.009175930985289238,-0.0074316704280712464,0.003043937537003716,0.0027560873275880304,0.02648752729397641,-0.007297956911103909,-0.014096995322080086,-0.0014590480110541204,-0.0018570652409812816,-0.03715366796430042
2026-09-15,0.021460585230468787,0.01392016623866943,0.0069608698180212425,-0.006616851283110958,-0.027217666859766343,-0.005106884751336249,-0.0006024569138414204,-0.00987399538327105,0.017460498694779503,0.011816566959930386,-0.0021759118016363432,-0.016824053549304052,0.03483384735941031,0.010435139948869798,0.016083777664706256,-0.04030052824395003,-0.011848632513606794,0.03334445782612816,-0.004562831010639812,-0.00015324560403107146,-0.006119070769361801,-0.00421808434043458,-0.011910368741520072,0.03327806109866027,0.0016213282867334478,0.007190226312001835,0.01036810340980665,-0.025783350753329604,-0.018683122583772915,0.0024919778501104606,0.0029775136579153205,0.011377339046955148,0.006869538236472517,0.01595025842879183,-0.0011114533392869719,-0.0021907554454729805,0.015656474155882893,0.0170054346411479,-0.014644735468018255,0.000945459886299238,-0.0058220043581777015,0.009766842181374136,0.006797306787291069,-0.0009229888176149892,-0.003720678055697646,-0.012509363179928679,-0.010285077702716694,-0.026574738876142034,-0.02944602371692051,0.012237697499283051
2026-09-16,-0.0023004517961193738,-0.03102593305703949,0.001083444383530141,0.015651881324254102,0.007811807959589467,0.013235349729541879,0.015662957725322224,-0.007206717348405278,0.0061877302973656345,0.01623903546713512,0.01560740302444219,-0.005070022027997778,-0.01592433920928904,-0.021632325401906405,-0.003879536149122953,0.007791622132736542,0.014253497719497243,-0.01753653884516737,0.008787351006409594,-0.011551627757340754,-0.01872683272041431,0.008262699774502558,0.011710850297207198,-0.008708246350450088,-0.008823233870508873,-0.0026041486308948647,-0.018050465888993616,0.003076310809043692,-0.010234909654079138,0.01551114002421028,0.003935870149631926,-0.017630542755620926,0.009983592486758841,-0.015142412844854958,-0.004274005259629177,-0.0010128599677827754,-0.012200429019992853,0.05153644162982918,-0.0003682369170854294,-0.002958440437062171,0.016633057658496986,-0.002626764265382886,-0.008771052756747388,0.0019338342217882776,-0.009262455856419716,0.007327731076145039,-0.025927109295000417,0.011815911946067015,0.008778916775527446,-0.026134802926672807
2026-09-17,0.004895910384034474,0.011694685376139935,-0.004330673654489581,-0.010897158102566196,-0.03303743755597932,-0.014515517256993737,0.008649203140546957,-0.005900757211316443,0.015077743172320801,-0.026077906322886313,0.0010528810159116109,-0.008518496953035415,0.019285013189920708,0.013516076206205652,-0.003264265213306472,-0.007009058895464659,0.002742117974180225,0.007122340645612901,-0.0033360098791215265,-0.027949027384539638,0.0002504573110584385,0.0184921588672744,0.02728550938034191,0.010862480447155765,0.01504509938491938,0.0020913525762791263,-0.0077598379465341205,-0.006736182424257997,-0.02016721022925705,-0.004273014453259227,0.0024557264198321604,-0.010008820774725424,0.029346948490440283,-0.005529173821837485,0.008566954906873203,-0.01378665847385696,-0.0020829697688324877,-0.011006659206743152,9.084972755246667e-05,0.003220378120819989,0.0007248927582303999,0.007789406254335329,0.010496464105522296,0.03707313311704863,0.01909070936245638,-0.004163133539922703,0.01267478524366994,-0.02806997413992318,0.005391341854259268,-0.015873696375121815
2026-09-18,-0.00022262514515003495,-0.0029130604617700895,0.005851528029191089,0.01219348617855709,0.022635157050077792,-0.0024985590949057057,0.005134547834706016,-0.012655391668741633,-0.003339663366001,-0.012602415397484967,0.006574518837660914,-0.010809538441799216,0.04852640224398863,0.009216296350969877,0.010809064899351073,-0.015253673062245121,0.002457024875188285,-0.030456519338574406,0.009317673145912808,-0.019929067382366772,-0.002080635455045443,-0.013095308161839347,0.018803543367110764,-0.036408438459782366,-0.014719295885230244,0.006092800903177986,-0.019949161433398976,-0.0031576960431556333,-0.031175920314399974,-0.00321204396032293,0.016391461069706015,-0.006866435591182052,0.03760443027968874,0.007406679417952811,-0.002493160223089319,0.0024315563149448494,-0.0027651490404183576,0.004457429239719479,0.004129313069756391,0.0033422164999739046,0.014644445005374651,-0.0026636613634175577,0.009297642124200811,-0.004472972612412307,0.010198012096508835,0.007503538975659474,0.013800133388773173,0.005041053859562883,4.909073290426669e-05,0.0022296951835603096
2026-09-21,0.047365119875603545,-0.017461823626268247,-0.010204956564332734,0.031234440117673623,-0.014674719196432262,0.0025568659462933407,-0.001831219506048809,0.04047841521697659,-0.040039511536419936,0.02465080925762919,-0.009777109356984504,-0.013911219189815416,0.003917055224282429,0.0043388968628270685,0.0034151720346340397,-0.015605325897493194,0.010309085214938563,-0.011941589213252612,0.0026061412969660136,0.015943524731930614,-0.0009629266873004694,-0.023139560461448827,-0.020648520501257983,-0.03499512049756792,0.0021483917922520135,0.01383187582028067,-0.007665222895708368,0.010931165440991597,-0.012121277513218454,0.0022772144472917866,-0.0034766372514780652,0.010754474479158782,-0.0006099847984957218,0.005597811041351486,-0.0021144706248662493,0.001947338331503179,0.02017606536733152,-0.026394805308846636,-0.02012644265453767,-0.003739773727641116,-0.011247760311758559,0.008003773572154094,0.0016690433400217142,0.007859959485557733,-0.006692251658948267,-0.01220922070866981,-0.009365897937524736,0.014566104202071717,0.023443756114366998,0.03907780095425739
2026-09-22,0.004382416994664906,0.02399823539751922,0.015026609051497664,-0.00804645459182285,0.03601264622908662,0.0028604639890634775,-0.0034355984182369292,0.006225113134911142,0.0007148379048573794,0.01771321796119074,-0.018301629363014715,0.0017597998681528892,-0.018812410237617372,-0.0032140893388107328,0.025856930663588074,-0.03775333033977446,-0.001962828253084581,0.023559909905357612,0.010723558643266129,0.009112204639480037,-0.0073763668220890866,0.021173315381427305,-0.01587677203064053,0.008048878091322598,0.015266016400850901,0.009440031464320153,-0.0034021529423284846,-0.01109617674305452,-0.013763151571778764,-0.0029541492420540605,0.006975901344455249,-0.0073105725147720735,0.01094661302709965,0.01364800831191082,0.001171090267483521,0.0037993169269276983,-0.008699177368751032,0.010668847704745632,0.008336380238750163,0.004670967535074455,-0.012421432112858066,0.0021195810669683013,0.012833522215848658,-0.010233574272809465,0.00546144666967896,-0.0043822542770755035,0.009401149509800533,0.00741525203458826,-0.007649527313932314,0.012217803328074872
2026-09-23,0.03513559348401052,-0.022410586489887918,0.007633019986299949,0.014174058845040083,-0.03563668953380017,0.012697687134719304,2.5497074744418313e-05,0.007548166434524939,0.009268257787742318,-0.026437345050520866,-0.01609941612481891,0.015079413271188669,0.006553162372196386,0.004408281704148642,0.006164954463253158,-0.01993578461071177,0.015095723742326816,-0.018551348697560477,-0.007382378090340813,0.010716536065175086,0.014095176179922397,-0.024010308395474245,0.0040624028372520105,-0.009840113297939213,0.01689481935752557,0.002754749805658374,0.01348146837549069,-0.00849037375352768,-0.005593232819734895,-0.015626704484193232,-0.00662817348720901,-0.008742895932008166,0.0018205610800710037,0.002098394671578463,0.003506021654141156,-0.007596360031016269,-0.014172651053907748,-0.01895737506554962,-0.00994297366393937,0.018397261027378597,-0.0022664565988419483,0.005966381454943104,0.007438546866733953,0.007371794756012351,-0.011593605953294617,-0.03394115900626238,-0.005531790666450709,-0.01827270279441129,0.0029995938830138513,-0.020537923701333338
2026-09-24,0.016810671270540034,-0.006850205252943997,0.003293065364677883,0.023673211342657208,-0.0371560161709823,-0.013138296669185423,0.0013871347965455083,0.012081992370359007,-0.0004952670735941522,-0.006765223108113894,-0.018971292894968683,0.002687601967017006,0.01738648652717245,-0.0008249108802208527,-0.0012936699122826356,-0.002054506528937905,0.007087232916129338,0.0013761156757610138,-0.003506130589372658,0.014438801803724033,-0.0073755274859037545,0.008415889627386264,-0.012367013647733405,-0.012884763507711061,0.010649929385687207,0.010733761756813731,-0.018838286622775313,0.0004468523938592206,-0.0037344108743678772,-0.012484386520732582,0.01542967367657333,0.003823869106865496,-0.009200720246553828,0.017868185812399684,0.013982631663673528,0.0037494653985106208,-0.014396652038219937,-0.02013974053941936,0.006526240597540145,-0.0040629345585025956,-0.01255732078967009,0.008561055493541359,0.004003236177905212,0.002471003487129586,0.0008538456487352519,-0.009376649261884862,0.03576415230212904,0.0007121921931447783,-0.00830532150020491,-0.006627901461390251
2026-09-25,0.00810259143292913,0.0294833520112745,-0.003907409334898193,0.012881972806441988,-0.0024941773869292527,0.00973607987531766,-0.0035337783006389456,-0.010668126896199448,0.01052314211858385,0.021816565163734314,-0.01948080860643453,-0.006302868918452442,0.014243187683578018,-0.010697907470920143,0.00926590246885417,-0.013637903024003584,0.010162728454449654,0.01413755590539112,0.0017501152844585643,0.005797269505638303,0.025629491496038215,0.013959778729463634,-0.044124004070619005,-0.011859910030204479,0.0023940545021299275,-0.0022999484776032864,0.04575082137398545,0.007463455534731267,0.0019287861014960495,-0.002649867975635267,0.0019925003896978932,0.0006830971541043063,-0.017309062371058337,0.0006314622008876114,-0.00665224866948011,0.005922850396501422,0.00971927161978936,-0.006270728426841621,-0.0019763524093142637,-0.012196377797826785,0.0149593590851127,0.0026385574157510305,-0.01720453556166157,0.02880549489528561,-0.03939210438460172,-0.016641677065146077,0.005629551487384976,-0.004799349657332863,-0.0009705969411232251,-0.015828323153258994
2026-09-28,0.012062613288873036,0.019114944110134147,-0.01187749529036719,0.022728506864347242,-0.011530448117420544,-0.005927170497208811,-0.00501130125953031,0.022998225422256713,0.0054510657075215185,0.024122733052446943,0.019033339409345373,-0.005563967438198203,0.007464935326436439,-0.014558544411404473,0.0023547786487563283,0.021869115926683502,-0.008147664307727398,-0.01157008005352933,0.007228072328398616,0.006290346543520009,-0.02756166535192317,0.04821002460143875,0.009302023962129535,-0.021006393553871905,0.016859887870952273,0.003058392117358144,-0.00732235623020383,-0.005471482258547877,-0.017712294330261003,-0.028054600477719682,0.01752384982131594,0.000527863319859545,-0.0003168173752580161,0.007932228332450109,-0.003699318497942694,0.00098018233229058,-0.0011437532812389462,-0.007810630015762987,0.0023447238685054828,-0.00532561285601596,0.005897943696540731,-0.004597629014090221,0.011036250995026364,-0.01392037375013333,-0.015700587556977008,0.01660346675885216,0.010904896782486295,-0.007806997130166637,-0.012100753385551055,0.02124354681516616
2026-09-29,0.027070157595104005,-0.0034380676836658353,-4.114603271321293e-05,-0.005763440527913444,0.027432275616003032,-0.011082984578044686,-0.005974687382403809,-0.014494577434228662,0.004613406722546509,-0.018016490018793463,0.002343106262308492,-0.03828596042226473,-0.02184378562226541,0.01312368948020981,-0.011736771079152164,0.012590014696739482,-0.004954821670033138,0.007692882122353861,0.0021876081467504527,-0.014914097157027184,-0.00999984463116188,-0.007206801713699029,0.016256784787747725,-0.0013037854635461477,0.013194064882177337,-0.0027189722419007634,-0.032474457339982776,0.015573997438834253,0.0017528079596078605,-0.0065877398914260255,0.0028268023446880175,-0.0010216781251001228,0.023392329005413215,0.0067538280754333435,0.005660066275943398,-0.0022956127689229833,0.009078245508398641,-0.0030506960299713226,0.0046439124667683185,0.0013031837312618144,0.004337446742467943,0.010124242139028405,-0.013398359369542812,-0.013663885684776056,-0.015900873598483023,-0.01788717580398813,-0.022370054211381496,-0.01288347487085828,0.006934038257810249,-0.009973035243426187
2026-09-30,0.0013760793223638323,0.014572359828855408,-0.011146836179655839,-0.025387079014141944,0.022326965333886895,0.022241741783396884,-0.0039562026335372424,-0.015117418990673537,0.0026512901902933095,0.009181268978794899,-0.00798876763450762,-0.0023421044863534135,-0.01757084089006211,0.0017863942332321248,-0.003519317380399123,-0.03790046033041505,0.007033475527800537,0.050253886946414195,0.006353096741426478,0.003564139069995198,-0.012732532137064045,0.021212832374547963,0.005254099635965792,0.036022739151168714,0.0014192081286465985,0.0013450395026737283,-0.00076447828002002,0.01353857937791636,0.002436616678357817,0.01076513750498087,-0.005670114918773783,0.00015152325996958815,-0.0009955152089216046,-0.014809387236548899,0.0017473807901431382,-0.01050067336052496,0.01110271311311295,-0.008192302031055698,0.0015529244527057173,-0.009893182991136618,-0.0006653919037695744,0.011710812142765814,0.020754972704263297,0.005120643240356326,0.006134478027775669,-0.010995727817699641,0.04030889474499011,0.02546094418846745,-0.02522003109665838,0.020365021725416543
2026-10-01,0.009893986388131104,-0.00034603243402897554,-0.009889874926223285,-0.012267418773120098,-0.01665130491493072,-0.0018714194006935747,-0.0020276843917980125,-0.0011847790127396118,0.012143175369440096,0.021423897520284285,0.006773811670641505,-0.0023523523164526994,0.021135262726761583,-0.00035472184368412485,0.006040871950584892,-0.009446850222347036,0.009157653507768204,0.010300337470147358,0.0056747434459261115,-0.025844329879210926,0.027118594994047784,0.012633545171888638,0.0036844133887050656,-0.019218119181157012,0.010360970984678142,0.009126962952469508,0.02287972935163074,-0.02580166543373985,0.022275012081983903,0.01259052121855686,0.0013701034237441068,0.02144354859141062,-0.009889863283335631,0.0038878952672598555,0.0009228965781218346,0.02142963106425766,0.013545405481766082,0.003878469690743458,0.013817985220770934,0.004525413641757181,-0.008864650834641385,-0.012107000322410633,-0.019173779408255376,-0.03370508094267466,-0.0022374823786582843,0.00048121262983236157,0.005919419371238632,-0.021925478409882126,-0.01630170191695668,-0.035057909771757934
2026-10-02,0.0009604747607405706,-0.01727052911964222,-0.001189067815699385,-0.0008438919942208578,0.03337393290512214,0.0016687420368410866,-0.0006937487349306659,-0.002323690952490187,0.012822669047314772,-0.004444312884046009,-0.007806974800824151,-0.009348880214750999,-0.0074210697793734015,0.0051304391843807196,0.007574403111888062,0.008948094278537821,0.0007668597018344325,0.0027311657083237684,0.0037353250671061655,0.020440771417432835,0.026360594570165707,0.015503412528721228,0.02165265806336847,0.004639708876210458,-0.007659262976449477,0.004893163184089611,-0.023476981955229737,0.01725307773574003,-0.008048693033500087,-0.01455294515447969,-0.021179050631335405,0.01617873703803152,-0.0009498204659265097,0.009131687870785443,0.002522503648944019,0.008564184373198058,0.0025529942647131154,0.003942789680789094,0.010802942464384069,-0.003002583571741435,0.00021607042590843228,-0.006040690645537694,-0.014298978666583584,-0.007866232038850618,0.005531697555930304,0.030809123935712224,-0.008238782691256996,0.0063387188480672485,0.021605974848826648,-0.017519219979335476
2026-10-05,-0.004630118420719365,0.010332735960018935,0.0014903156412109375,0.0347470326139927,0.019334561523130622,-0.01430767770152952,0.004722028010262225,0.0009958933650695556,-0.006487782710218326,0.01954953824018202,0.014338361680837464,0.020738488803851984,-0.022935434510258257,0.010128653156873613,0.004577801605567977,0.04803431123222501,-0.010218210161501262,0.02539301977238262,-0.004138483506028967,0.005660032745332444,-0.0196686607644333,-0.006296614995501493,0.01040293217891497,0.026497015227310516,0.00637348916719227,0.00539824341809414,-0.01289203132167649,0.010783439772385606,-0.04725967853347668,0.0035513546383096894,0.005575944370266317,0.0023457026530386837,0.023887926026644468,0.006825176534628774,-0.0010874707267174433,0.0027772735174724783,0.01883288744772571,0.010978339406811699,-0.03562650022486258,0.002271959774118537,-0.02800876402899355,0.009287406112706176,-0.008955355677691568,0.014178703311831686,-0.02561651888919214,0.002103680638580574,0.025397989565902224,0.02675700883928478,-0.00033043778350150266,0.010823313039009852
2026-10-06,-0.00536868891768516,-0.013429313654530928,-0.0068365025738517105,-0.02162969928319136,-0.004344555061951749,0.0034253318899939433,0.000998052548972339,-0.0056835861943906885,-0.004364441789990403,-0.000508181659091167,0.009412939420550881,-0.01021722802302727,0.002585920382982554,0.012391665565916865,0.0009555158344465298,-0.009045218708734981,-0.009514720388985709,-0.005209920739405849,0.0007356011571730825,0.0023180068765964457,-0.013370679424249299,-0.00850359648006993,-0.007375684558619033,-0.004980360298531217,-0.0017967324772649729,0.007073443779954669,0.00015152801048357034,0.01004821678060841,-0.0006377307647138508,0.011595082535126089,0.013656840035212836,-0.006480322198132438,-0.0031285915162283517,0.005172286716422114,0.004600783462739733,0.0025588859335730074,0.0021317569208285647,-0.0015598796560458705,-0.00556421141986474,0.003966355066417737,-0.0015933404655193995,0.0071790115473100435,0.025856976208249227,0.014588543432940027,0.00973170797469991,-0.011533822626118018,-0.0037810667354871708,0.011058647296438906,-0.006155736443693383,0.035752340394044735
2026-10-07,-0.012342711627738479,0.014854961130897015,0.000988001832811003,-0.0005368804141514527,0.0017138855969425215,-0.0013631231609069205,0.004414167010422743,-0.019600427740918858,-0.0009176928247406346,-0.031926050995593425,-0.011667644091337803,-0.011107593638392421,-0.0041520044332082895,0.00561812770589154,0.01461499427513191,0.00793224581905072,-0.00873187028218747,-0.005135867533649807,-0.0028408986561572203,-0.012464664878570009,0.02831928811837403,-0.032518219769811285,-0.009334745103436792,0.004432833469122155,0.005926568729148318,0.006589304035193644,0.002141498480021209,-0.01583118136686501,0.006781463969436796,0.0009642415665509496,-0.00569720863007761,-0.007949621641662241,0.0020492465763068957,0.00023168474955781448,0.0024271360367771333,0.019288381535788934,0.0055345776305517624,0.030747382280178037,0.013703376534391465,0.0016848586672100208,0.013772717016392155,-0.008470624592288423,-0.02509719167240576,0.014407196812737944,-0.013830748711385121,0.04137027264648907,-0.02536685535550276,0.03264734109942902,-0.006023486781633891,0.004891388572440647
2026-10-08,0.0001819614764593247,0.021752134611254803,0.016967528670981613,-0.02662078405234969,-0.012549125776752712,0.02455171112375787,0.002237628178717088,0.004430069014283111,-0.0037624169517909145,0.012093043873888432,-0.0006760816188036145,-0.010750324884615026,-0.01764863004656947,0.00516794793545583,0.0007767483004317288,-0.024177036005018526,0.01799719883604123,0.008734193833117354,0.003989625033540278,0.018812411655852568,0.009041159158375,0.02011889120194299,-0.00444225738603643,-0.019203681758320434,0.006382268716195405,-0.003082505717192374,-0.004915525282708555,-0.004752301960896599,0.0030610280420644287,0.009598714089970262,0.01136809442322817,-0.011787402652925771,-0.009540943484284137,-0.004029062717374243,-0.003800865628417749,0.002334236202465645,0.014814860722247136,0.013849211427418684,0.011704174616909091,0.0008445079708987446,-0.03249577796619296,0.010253001876152856,-0.01352708385431356,-0.004669737242778416,0.004799896399210635,0.00848791017548911,0.008966521468644961,0.02628669727655719,0.026458132771090215,-0.011616812515830688
2026-10-09,-0.016537792945287677,0.005670276940141994,0.02423424274307262,-0.01389996946208405,0.023027557935326293,-0.013570727573085417,-0.005234653663884092,0.0160784024769558,-0.0006534529396478028,-0.00766642803137263,0.016396227212194026,-0.0011079590001522588,-0.010297968669716995,0.0017065115261156727,0.0005232149984517598,0.011787276110980516,0.006780566445100611,-0.002613176512404669,-0.005148752218216424,-0.00659042979295954,-0.0046233443578515,-0.017325704315497514,-0.018496169027990672,0.030241509740529082,-0.0007275136872685328,-0.0026802010986011204,-0.015776622160172726,0.015878152405706558,0.0059515716171292254,-0.010146961655043696,0.00038462508553016583,-0.002342506030493352,0.017079424221432715,0.0008767618266860566,0.004293046326546923,-0.0012210156447833853,0.014157052322552932,-0.011771599456378734,0.013303154998981714,-0.0059901863970929226,0.00484984923671683,0.0026123593721221194,0.019369069788762294,-0.0028002937247005866,0.0076990305117530244,-0.024176172545037677,0.00959011386688724,-0.023205970452771063,0.0008792532066272951,-0.002524452978566072
2026-10-12,-0.017097008108557743,-0.006441277059537787,0.009786447215434979,0.002109107124909082,0.020794223753462626,0.021289467045042754,0.004179276823437217,0.01222159726748595,-0.004965136005869453,0.04403820994304475,0.009681885712221838,0.009530806852421803,0.00064882937130184,-0.003946863193183048,-0.0009750286767817862,-0.009220382592671883,0.0045349972797152915,0.0004975638816124839,-0.002050788254598035,-0.012760041166154146,-0.012948382298998862,-0.0032095872211863608,-0.029411552885416525,0.004626836000488632,-0.002253085057018822,-0.0009422848971787356,-0.012109377550909906,0.0011264134731521214,-0.023998136879685772,0.009881699161057966,-0.004288829948240536,-0.008395350888014796,-0.026701524594824666,0.013984077314859178,0.004540743109211931,-0.003492356043806044,-0.010250875830332351,0.012038722321582096,-0.001837297913371172,-0.0019097810594714826,-0.006858842529866349,0.0072897312406503545,0.021106752298207132,-0.0056266785460348245,-0.022539346079397338,0.03278843800174358,-0.013461856316380638,-0.020998409003690655,-0.012589977677477937,-4.9086074852322525e-05
2026-10-13,0.03361831708105001,-0.006541661649317687,-0.004157971161930729,0.024399585470934237,0.014010047083390376,-0.013599095206034195,0.0028464910943628574,0.013747253181742858,0.004335558000535977,0.002646406538349133,0.0005968516896397436,0.0019782217955288672,-0.028351134366234154,-0.002404669336797838,0.005058295290794934,-0.022042674618130143,-0.009167698040857375,0.016556964975630084,-0.009727211199887398,0.006583733359543986,0.016731599566816913,0.009614841757660253,0.001542379834100771,-0.0266433111661617,-0.01328458129172383,-0.0009160685445268602,-0.027501071861402826,0.008838167802190933,-0.004929678023107398,-0.019245409632740462,0.005995033369344371,0.024592681518859072,-0.018611566117649136,-0.010535901241017998,0.004210449333736932,-0.007020410188356752,0.003159541157567114,0.0030999047785515987,0.007495170817970687,-0.013980534663954103,-0.018413651934015673,0.006858715253903469,0.0014308894486985135,0.005814203347878966,0.0173464643633654,0.046495887890347865,0.019500915824660625,-0.010695715552654805,0.012979072512560919,-0.03468328714666291
2026-10-14,0.014874051917289632,-0.031311210348933693,0.0065726721591368165,0.04188986913106807,-0.00922606665582959,-0.013527484227681574,0.0018549821704103575,-0.0056124187466677355,-0.00456456509863179,-0.015636490948918835,-0.02348804305269303,-0.0031940430364947314,0.012126041275060784,-0.0014470786173788053,-0.0079482491198265,-0.014189024267374784,0.002995350158713217,-0.005227254598213715,-0.0019322542573890766,0.03541894427351355,0.015180608975784438,-0.019034266407366163,-0.01912695046024626,0.00991334461275839,0.005441797588926711,0.015154347513206767,0.004904062996892389,-0.011054700282532193,0.01579458127381561,-0.0013231854817045141,0.004946350716013681,0.004300731316263073,0.013587064941357863,-0.012189635822611788,0.00382634503920376,0.0060239652534888055,0.02017551851252497,-0.008610499206903044,0.016459651192569202,0.0035378825738108244,-0.017130334833937,0.006234291097050981,-0.002009584081410054,0.008909793371087327,-0.011071532470508738,-0.03161853784064039,-0.02323079100138392,-0.017150511789053913,-0.0360794460587881,-0.0049627550879723925
2026-10-15,-0.009993582620084096,-0.04525132706656021,-0.00983803978295561,-0.018811819289671794,0.026022957120691137,0.015084663277513233,-0.0011211541941311687,0.007840132327429084,-0.0036260350715788814,-0.010408493291476972,-0.004423685788308429,-0.00497843019861266,-0.002452001831038886,0.005842895085674371,0.0018149661659461191,0.013245241985230027,-0.0027741382694327354,0.0012388441934010341,-0.003614556203204833,-0.03213129717884522,-0.0023493122852279447,-0.005548597012947187,-0.015422101966641066,0.007175259030007819,0.0073775105285842635,-0.0003139750970576616,0.02361213066920964,0.0009735691147503278,0.021996556000435596,0.021648540028313956,-0.016189200209511312,0.005185241942211372,0.03645880068729923,-0.0029825043952640407,-0.00450276996064658,-0.0068232545111497345,-0.027275130099956968,0.02495907027799138,-0.003440657010896242,-0.005934120067153215,0.003083445069488988,0.005593010783941699,0.007268200261089985,-0.012688302083690428,0.006073788711698613,-0.0038413608353068396,0.012566962440371254,0.022318366629193953,0.009161725320322,-0.00777772274172206
2026-10-16,0.008491960636003215,-0.006736679674800072,0.0030389077918202556,0.038914480546815344,-0.018966908157004858,-0.008573759718451979,-0.00477519680135674,-0.000673903227743522,-0.006587836728162322,0.007229323782829811,0.009404044485343377,-0.005167339810780991,0.009981482320579493,0.005894634215880545,-0.003100249499083718,-0.020376003050139313,0.0030593356106054514,0.006271690913062455,-0.0021147970431224516,0.011390706775249004,-0.015590765545677954,-0.022496851462606715,0.005922988856548628,0.03281706020362929,-0.010480351534623455,-0.011510381265055436,0.023954380206641535,0.006220311344208751,0.03872297383338141,0.0031060909759936806,-0.011460780857727726,0.006190622635564802,0.020729104481405747,-0.0002986656806565069,0.004134539313266572,-0.004576690832343466,-0.006936240355082002,-0.0009660226020694607,0.016347547930829043,-0.009866912773093817,-0.014741370865795744,-0.004090803014658251,0.010343036325064059,-0.02294658467624555,-0.00974246590787986,-0.0044569358898288725,0.02113627472444546,0.01988110988562286,0.01445257445051773,0.026981367704400405
2026-10-19,0.010507912888598536,-0.028036122424505483,-0.01921341553464251,0.013247467605906671,0.004369039558782539,0.012746411111434153,-0.004571052961856226,-0.009894639963582863,-0.011165275862265678,-0.005977465885723121,0.0003184920804650826,0.011120202269742974,-0.018562095299895276,0.0018850510718100288,0.004303247025628565,-0.0025351773838668823,0.001943117547062112,-0.005634327367398995,-0.00905035847720248,0.002612672232533919,0.01534327444912953,0.029777142718026894,-0.03136368011257562,0.02674309205698755,0.014700437063379423,0.010723858626723759,0.02481287759634765,-0.004687739947885294,-0.029259844391193113,-0.02204054003613176,0.011023202007051314,-0.010578937994880966,0.008810088658752102,-0.0015256981342218756,0.006746696071891156,0.006416409938052148,-0.0009910209496976075,0.013123534550370186,0.018938754457550777,-0.003485180023872436,0.022961133821228552,-0.00657402677855079,0.004618409729156392,-0.0023798669567273167,-0.008759093340666158,0.01280927221180983,-0.0316776240719675,-0.019166214795335756,0.011541783187169585,0.008781388541375668
2026-10-20,0.019061178778678745,-0.012816780268588013,-0.019457044849612526,0.04082830576102481,-0.022752465064904137,0.02599165653348967,0.011632906522180297,-0.007390839274380556,0.014374491177535864,-0.020261157394956708,0.011508563998749555,0.02715567866606272,0.018833183602134485,-0.0057160862005742885,0.011436126038607553,-0.01899319984279879,0.008106249739619598,0.010961297714161544,0.0040724201464532594,-0.030732353121195377,0.0038521927922872123,-0.03461248921233795,-0.004686997721870756,-0.02479801189218811,0.011030229011449011,-0.0024140616659400482,-0.001632849448713558,0.005452395805015886,-0.0028369172389447472,0.00908213453868223,0.025781273970493013,0.002822202002431551,-0.009182044409109857,-0.0005475497449208833,-0.007850588701805439,-0.010818886220052004,-0.001995335919364405,-0.0004788828125692479,-0.008150995793573812,0.0036386239903505313,0.015849804762466446,0.001623373834431563,-0.014635726151369877,-0.018891610224073707,-0.00406531384665465,-0.0008676337958801739,0.010418500375720674,0.01717894135196163,0.024672461901366072,-0.05043501921109994
2026-10-21,-0.0446438671139997,0.008714784011185639,0.008336105950914163,-0.018744473911053494,0.006671673131245948,-0.002683823311302236,-0.0026396690962725566,0.03181655012873108,-0.018891664541684672,-0.0011712825580529884,0.0007936316929173515,-0.011151592115988818,0.02089337172630712,0.014804430867685348,0.003220795159510015,-0.0005532440061590815,0.0011547488710341725,0.010427846661889895,0.005827907308707525,0.01434745341105903,0.010794141114630174,-0.009302260151006658,0.010228760352502864,0.02594320477006984,-0.01765349577703501,0.0023045887356001327,-0.015052906034625169,-0.004875695936207292,0.00910235812576965,-0.01676319291523276,0.00727042077658524,0.00046135505009603506,-0.021782818749599975,-0.0032735477945383673,-0.009249365396244436,0.009528455811666836,-0.01943531265893983,0.014020283951284185,0.0013607293943416199,-0.003181064432816627,0.021894821594466318,0.013409485862667214,0.00226809727432542,0.013329902333634402,-0.009465367924505363,-0.0032566569348106977,-0.013387803298588019,-0.04178130253518608,0.005942057922220245,0.020133987201812475
2026-10-22,0.0031596307596142292,0.0022238672400398674,0.01742439012623187,-0.012596313320182073,-0.0250417586656696,-0.010116258586011506,-0.013973912741128247,0.02209911746817994,-0.016653605549733053,0.027426010772641618,-0.007700428592231079,-0.0074207582757266355,-0.010959421871016506,-0.03420393478465167,0.0039405611839529175,0.0026769802253785446,0.004140778768316533,-0.003648523343992238,0.0034041642543041206,0.007445163095088914,0.023671964012391244,-0.02881073530611644,0.0007356699832674618,-0.005314991960096216,0.008314368744989808,0.0038047842295332313,0.005456206395159979,0.015579724010311935,-0.017108331069827454,-0.0018269743074393885,-0.0026695957339729626,-0.004299378084331673,0.01705295520086514,-0.00265974807096514,0.005566448094107335,2.7853061318250383e-05,0.004299315106415458,0.004934367712801535,0.009298259621652427,0.003530544220416987,-0.013465484188134313,-0.012334294218478536,0.0021234048743550282,-0.004848683640545359,-0.002970143594319019,0.005307602761022601,0.007070004512901296,-0.014605738029008886,0.02237155704869509,-0.004078662371654329
2026-10-23,-0.017481060112868207,0.0009165732092721868,-0.004132855701461935,0.015492528680574269,-0.019157565257479692,6.398426499565346e-05,0.004109776852063263,-0.004325034674997785,-0.006120371957641146,-0.01880000063819509,-0.015461355326454429,0.018376388688707612,0.007678035849979059,0.0015823797409733054,0.018115403727354984,-0.0008506748751641036,-0.005796703339078668,-0.03472897074673276,0.0023546546800794488,0.0022659867383025833,0.00937468262024077,-0.0057994920195829636,0.002132503314392631,-0.017350885749775502,-0.007486999796711524,-0.003753929462181449,0.0013580883999104731,0.012858969158041633,0.018656809155725318,0.0044740835705039395,-0.001399720076650235,0.007648716939799849,0.007224319428789316,0.009763965689262744,0.009883282792634729,-0.005725537942178116,0.022402876777133818,0.01778303331226505,-0.001492391622931466,-0.0026446253551198895,0.034838263768612654,-0.000933687318335874,0.02293440526221935,0.004782786549873075,0.008089187587384528,-0.009303168264612749,0.011768466696056468,0.0125835435777919,0.006911060395098589,-0.0037019094072843206
2026-10-26,-0.0068529180174224935,-0.03185269613907793,-0.009993987687866857,0.00195438626511768,0.024578392798292326,0.016747108652561904,-0.001646939644770029,-0.0008244348236440269,0.01514630975374942,0.02767552519633898,0.0019189987329180092,-0.0054781690096837865,-0.010089064307970741,0.007706828235646501,0.0013605333056967428,-0.00920139465011005,0.0024923058626424854,0.0225590919170906,0.00708399929301895,-0.003928586269047796,0.0100846157148895,0.006428737816492225,-0.03293711341016292,-0.02181026648302775,-0.011033872694960478,0.006849867956084443,0.006701797602990167,-0.01196305937908615,0.0008844132825580608,-0.005810202489398342,0.008419305586923276,0.0191570105211325,0.03010312666724846,0.012520673127061288,-0.005780515899040495,-0.002167013811505747,0.01621793284613804,0.02227100808619764,0.01175613346757487,0.008734706889230281,0.007092618993765676,-0.0036334473925444533,-0.03684599203231287,-0.005889067239585044,-0.006977441834144504,-0.0009633511339292022,0.01599425902702656,-0.0030669559640867927,-0.004414462162070754,0.029096924785945832
2026-10-27,-0.009077539016069114,0.01173216927539844,0.007314558349740485,-0.01218336806556286,-0.002890551656020146,0.0050603697939106684,0.008441991007514638,-0.0021768174638889803,0.02759937872845697,0.020596487956812348,-0.0019358370668897118,-0.0062120754788312915,0.019405285970710118,-0.006126757638541314,0.008482559434451531,0.007180218211244815,-0.004093790380633511,-0.003969449604245945,-0.002002275826266331,-0.02260888464703037,-0.004734007747092317,0.014745073326891234,-0.009586427414194354,0.02047409878866291,0.020989412601192914,0.004357579682849,-0.04351230491315228,-0.009136100098336652,0.040873946392763205,0.005933554972226807,0.01376791813029854,-0.0013038656296071593,-0.0037782258848432226,0.0035929705079822405,0.00535477390587058,-0.00739617654353264,0.018326685638328843,-0.014680162719833079,-0.0010175877273600475,-0.008868049466687178,0.004994965433565701,0.008666150325224775,-0.004223569246242009,0.006077967023836228,0.013584053392349693,0.003792173686416822,0.002397139773377077,0.003679456800532499,-0.01877743552227107,-0.023593594385482253
2026-10-28,-0.02386072820447771,-0.024198434051693973,0.020175227458723466,0.015260508702181763,0.0241431074836449,0.014054557232553,-0.011767382436216667,-0.008580331494511206,-0.020935150178338358,-0.002892209042582805,-0.004074126839277659,-0.01310387139594138,-0.006558398272823229,-0.007471418312933631,-0.017335032023772068,-0.016122895133654058,0.0027363020828716778,0.02143157796553341,0.005523010440271259,0.014645870007914175,0.006335087519518057,0.0020180406144643115,0.00037027391798294396,0.00575546617429179,0.017881504675958615,-0.006429129830132885,-0.017774244544932483,0.02154620879048519,0.009044322734984123,-0.003354196487324934,-0.004506450263808137,-0.011076966101033259,0.008508550198848441,-0.012261875172797865,-0.0049339741150692396,-0.004049962616414882,0.0056518484546788095,-0.013505893966291649,-0.004556754085172532,0.0004365966983890246,0.007785156290734063,0.0006828099433660029,0.023062774184816393,-0.006360454872802901,0.01934293115204455,0.0006294001611435451,-0.012814706182453617,0.007870010774386982,-0.033348067939155235,-0.02154124467162466
2026-10-29,-0.0022603675517199884,-0.03159777449184875,0.00522364889097604,0.019200974326512688,-0.04086245267814703,0.007314332915206778,0.0003690059150422975,0.047126625916932285,-0.006642382020240811,-0.016968997282777454,-0.003589091961420876,0.0007801897877584008,0.01643027282666143,0.006940880244065362,0.00898454946009708,-0.00924504412982674,-0.0012290033207222884,-0.008984127708727585,0.004489270619775665,-0.008767695232354988,-0.0008871760523967431,-0.0042936326363801625,0.002124152880619512,0.0016901996300593414,0.006971364387148293,0.0100720648382282,0.018853627847392085,-0.0048087358475294995,-0.00024178473775737785,0.01999110008203675,-0.000850686165350889,0.0005605748640200581,-0.004985874793234646,0.004709899855563027,0.00016242362825069634,-0.006509383543503722,-0.006816455807404864,0.0041110615027040165,0.0008435819972123504,0.0049217411494104635,0.0064366779612585745,0.005647736797398828,0.017658875319797263,-0.00899013993910458,0.006499821523740845,0.024118004458900222,0.001654204844976137,0.007063708430626647,0.03471918396937945,-0.0020890771339463488
2026-10-30,-0.0037059315159084782,0.030470957018566613,0.0020481476314144764,-0.02074572993699897,-0.0006685350122287437,-0.017379755713075595,-0.009022956238771251,-0.016763191586906312,-0.004318229824751385,0.029934999055284184,-0.011836832146865928,0.016435665662157817,-0.0032797231925913994,0.018983030238719945,-0.005548812988135143,-0.02825572621181338,-0.0046413125640965,-0.0005423198826659537,0.0005424892232841483,0.01824687284974713,-0.00016105811011257742,0.01680775624504438,0.005057309866655535,-0.015766646719568955,0.014256799326444414,0.0011894616850691708,0.044398074917517016,0.003602456195238135,-0.009502989580732035,0.015025496922627113,0.006012992504003334,0.023316283867140353,-0.010193861644662072,0.010322449453964655,0.007626029145316071,-0.0029856654854576448,-0.009848412732508582,-0.0067849092947760425,-0.004276374797360871,0.002957878314806761,0.01112209524676011,0.012012341088296852,0.00853054508367368,-0.0033507686063054543,0.03844943469182982,0.0014561428590267322,0.027887762572252228,0.03479018481275187,0.0019802745311221503,0.010044824730838897
2026-11-02,-0.01518131051504723,-0.016231632400648843,0.010869131704305035,0.025116169193452054,-0.011635067539483068,-0.003833299412988822,-0.0050382593683102606,0.02515457415011868,0.009453620859416256,-0.010552618826069948,0.010219731301974733,-0.00565903331877915,0.00685355878516547,0.0029579257735243836,0.005075413622434688,-0.0013886559908405927,0.011523461318242445,0.007102091178243342,-0.0014815314634257781,0.026591227493383718,-0.0058081659272413155,0.024061620734779465,-0.008718648354235303,-0.028700098431849397,0.00349275648999825,0.006617165086152621,-0.011023463146019874,0.011460875026952477,0.009868785447309403,0.025743670253765227,-0.009150735079565209,-0.007214419796314209,0.0261185229983254,-0.011126594478180762,0.008466028018218053,-0.0022417100784540844,0.022450769771960255,0.011746640192604074,-0.005431163358724622,-0.01722388023899446,-0.006123436969148743,0.0014242744112302752,0.016212698616268062,0.028169317911935554,-0.027019652569999275,-0.005830966005929361,0.026329345842489804,0.01293644962719398,0.014699444232354919,-0.00292808219406282
2026-11-03,0.009757883399524214,-0.024958458251754356,-0.007669558997448811,0.008229616147115815,0.014866632775472954,-0.011172637816466713,2.1355486379270872e-07,-0.027075170967324147,0.014188964514362912,0.006090163083523503,-0.019307096563565107,0.013727268987978158,0.03490517666316606,0.01166950541435341,-0.0030572527431889096,0.006627625783352631,-0.005017070212448127,-0.011305604708823025,0.003247207221657611,0.031523938958181175,0.02153050808956669,-0.001398618703795651,0.006623731293547763,-0.03392064453387389,0.008249012583169568,-0.0010394219008764694,-0.019513174273572353,-0.019113302838307478,0.026242624521527036,0.0042700108997602015,-0.00444788617461922,0.00031272052594655264,-0.00328628944927567,-0.0053894040036488455,-0.003539427659644545,-0.0016784396489681885,-0.006718475020107917,-0.02247317736807397,-0.01513220518846492,-0.005754339343624237,0.028294255196245066,0.009969944934533848,0.01253044465576969,-0.006689922986658381,-0.008948991879763502,0.0057911836604620515,-0.0013820956199842582,-0.017905204502103755,-0.008042326093661845,0.019271855493325774
2026-11-04,0.0034968937860888616,-0.002050302796511083,0.009753276887884965,0.0006425612835518901,-0.013187473077939438,-0.015936142386765106,0.0038796974064272405,0.03459697051991939,0.022527753029836006,-0.004931470765909496,-0.017529813408634243,-0.018251564564117473,-0.009758774543037196,0.005668183908236424,0.004242050836415823,0.022644490716680732,0.002021769560113462,0.00215854818215111,-0.010381994249830662,-0.0044491002278489455,0.009813528924049075,-0.005655979097487718,0.03870309574460662,0.012061080276502434,0.00936823301963674,-0.0047805535621378015,-0.010089637676793162,-0.020040084474686526,-0.025785126665751723,-0.02335876869153164,-0.008571682139297154,-0.006772572484357697,-0.02858496436918434,-0.012068631840776889,-0.01206449080091021,0.008547867157964184,-0.0048639999794805044,0.003248535584491563,-0.010997877712897175,0.005038888173494405,0.007754004601343123,0.01125050365038005,-0.012766938267571581,-0.0037470847990830336,-0.019993153928955176,0.029738321154615388,0.0025835351287775143,0.006405413387095438,-0.004069709373701547,-0.004816242086833733
2026-11-05,-0.02837141088036832,-0.02818890448130762,0.004396871365446309,-0.00545620492859078,-0.023423460311342237,-0.031051812985844918,-0.001343233448138248,0.01807390396944797,-0.02405839774282703,-0.023718060867393254,0.013925305565636314,-0.0052425704737492085,-0.007936815805423492,0.009881034171324021,-0.014500837000387956,-0.01105262000287699,-0.0028958494275648228,0.02634544338342293,-0.002008552395010632,0.03053729902523239,0.012947121224189395,-0.02007176576756242,0.027007501466251638,-0.0006831092029755403,0.02187002799316251,-0.011815857417529774,-0.012937814986680785,-0.004550834281366489,0.014766382081405904,-0.003946507785579256,-0.0014336720058361063,-0.011852295201234875,-0.03349859487490514,-0.004036021115341404,0.01618235804074386,0.0031437165799961253,0.00534188143539005,0.011874450328815511,0.0017495004135639203,0.005109504514564378,-0.010292818005972149,-0.00496496144904357,0.01245324415005955,-0.016192643309830612,-0.03736905172747185,0.0321917525433002,-0.000544422135131839,0.010746021714747478,-0.02002792210709403,-0.01392267444333084
2026-11-06,-0.001648252548666851,-0.004149529346654801,0.003680746006280655,0.019397992165853584,-0.01704039876100749,0.005205848978726557,0.008974840594100808,0.010417913278594204,-0.0034585373011399856,-0.01796791923217833,0.0029443822929089425,-0.014114872065184914,-0.006351793775022929,-0.008802573677353709,-0.013947665941764442,0.00948873730583788,0.013195821091662285,-0.007610562007075217,-0.005755690545160674,-0.03695918145725141,-0.013187104600432042,0.0489589703294282,-0.019681985794677503,-0.021447100383121254,0.006259264048333879,0.0069845628414242356,0.017915404347189412,0.026042586102168253,0.02326419847343497,-0.014096434738962715,0.0038176920967687433,0.013356435661621813,0.012132073317576264,-0.005330774123585846,-0.0037239874064927125,0.002135494209373423,0.0021090274516337715,-0.026433993912298948,-0.00029264758788938305,-0.003533419250446368,-0.02373059994059412,0.008378430360477696,-0.028544725403790938,0.006415287118575197,-0.004981212667707013,-0.006561801509812226,-0.03092420362698245,-0.01123453335206337,0.004583641627307733,0.01643069618661719
2026-11-09,0.014034162416328266,-0.0004292060366907213,0.02601099624652825,0.009836822348529228,-0.005836251746560661,0.018784772028070496,0.0035447478138339594,-0.01804866482588874,-0.006361802649462844,-0.006833787236896649,0.008011394951471296,-0.03039526118120195,0.004245850795787431,0.01693046031640577,-0.011633656471948028,0.025490948839207217,0.003586443909446402,-0.00850699144907785,-0.005097568471709724,-0.034809260045148616,0.009940853038073572,-0.011871664382305136,0.05128433917678388,-0.024081308974315263,0.02344141952830392,0.006908751279240066,0.009939169041752738,0.011168728642011239,0.03539681560203212,0.014266954271452637,0.005611489693471361,0.015910466223562514,-0.00024715648464002093,-0.007403141298004456,0.01153819111535448,0.006605646481960381,0.00956518545251539,0.019714558520761205,0.020231902205815055,0.0009086641779492144,0.009514331174926838,0.000501037228041401,0.020641141009857034,0.004496749317759896,-0.014169735717455612,0.017509245735221723,0.005245310916859314,0.005511315884414447,-0.00023770538386425066,-0.01467921950830875
2026-11-10,0.01494381410957768,0.006681052378826768,-0.006038805820361537,-0.005746162038645308,-0.002979275894606337,0.02134087849167554,0.005560909856708429,-0.010013990076546797,-0.01157281278531519,-0.02611085521166523,-0.008033330805298444,-0.01175540997824187,-0.016360710742691853,-0.01488046441564983,-0.007823253921495965,-0.012524914932655284,0.0021138620528167174,-0.019960724334752267,0.0004612574446449802,-0.010098129311718496,-0.006040065888163526,0.01910268084434774,-0.026612177878006293,-0.017616469353476494,-0.0027939694511961433,0.00951103162865774,-0.00393412333805232,-0.00848713008969093,-0.015391265057619896,0.00804224363598105,-0.0022867106743910126,-0.02014287052620156,0.023776476102858046,0.0024483584533079306,0.0005342707049413864,0.0014751925539955302,-0.022427702733553323,-0.010157458141547226,-0.025940796932110155,0.0020575857481519577,0.001285876205848302,0.00342267468171098,-0.003949991408354836,0.015957866883209437,-0.021014233619276457,-0.01836475131747095,-0.009263112901936932,0.00772826195561227,-0.01845929755359388,-0.042208933330436404
2026-11-11,0.021208142299012467,-0.0004955060608030637,-0.021552186873091794,0.006864834096379502,-0.01735161373856242,0.008776569515871913,0.004376256585147731,0.012580925343659288,0.0037146110017440837,0.0015859812765857129,0.00998058372829358,0.01253418273633411,-0.009213533947258656,0.000285254005851554,-0.028615850519729258,0.0013482281696446385,0.0012304982096600359,-0.02120093536423917,0.014703651816389884,-0.02263494809785893,-0.007883057406880112,0.023131981200363638,-0.007380097436085031,-0.015723785275096547,0.021273258174157483,-0.0030024192877643463,0.013344027775919365,0.011292149428032472,0.01183318007516676,-0.011460653341936133,0.004355807031038994,0.0010911447859223156,-0.007440736869601117,0.012346798310211238,0.004918407457926266,-0.001073234941748269,-0.0071886596832062555,0.0201653740084482,-0.008360086107706444,0.008696368854396397,-0.020736492722697952,-0.000939131600171117,0.00021780807309323968,0.007256387511257678,0.007634958697332772,0.00582238155115844,0.013609200583170722,0.003272165695380469,-0.009050812805849406,0.0007642573955393139
2026-11-12,-0.014782330386075238,0.008190346846402852,-0.007361829013283305,0.0034347266413052857,-0.003481395527205944,0.004565359338544406,-0.014208163074858393,0.007584248465350996,0.0196525520391857,0.012867719690869972,0.00596477674253082,-0.008231102216270547,-0.01803089961284776,0.004911675551261929,-0.017882554572856146,0.01994616174664765,-0.0008811793554398539,-0.004199024000692719,-0.002740953590814499,0.018356551703997193,-0.0039576236657979935,-0.020087404929423514,-0.02080911167344246,-0.016746110731039265,-0.004555150500620164,0.020634616827023722,-0.013217723551489535,0.0027214714922982886,-0.014170079788865309,0.006339971608089856,-0.005699655305294371,-0.0038309241335829913,-0.01971656044998682,-0.013539333129077402,-0.006477253877895661,-0.0026418015320778254,-0.024444854643598024,-0.020070796647088884,-0.017021808283738116,0.008752291268023349,-0.02145264631787769,0.0022771717614067377,-0.010397513694123783,-0.007465860045311357,-0.01893172322169623,0.03909887493469544,-0.006954783356723837,0.0021638950292797166,0.026989990010094722,0.002832782761710506
2026-11-13,0.004316601823552313,0.00341910704164361,-0.003924358045281351,0.0130918465242722,-0.011712496492220392,0.000646317417886344,0.0001499367468065227,-0.020394549110613225,-0.010821260329682003,-0.003906392242850942,0.0009233471546281624,0.015197750925747489,-0.008704983566785285,-0.0006065748819241712,0.006877624897903223,-0.059735081964916614,-0.005347300396127852,-0.020190721638160936,0.005353132993019649,0.0006711255892835055,0.029203527174785693,-0.010129742900110372,-0.00480369532781999,-0.018047245832462422,-0.012498215517750766,-0.007226372107808632,-0.0016712589737212236,-0.003062116163975892,-0.011581655085263654,-0.005153482663219244,0.00021550974226647313,0.023024405763698574,0.004230813086679941,0.005187055563455445,0.0014185478066794932,-0.00801118418427249,0.018339280864169583,-0.025976546021661773,0.007044687812946204,-0.006367454728364308,-0.0011797530972317283,0.0049969609900129,0.011218202356893636,-3.103821752437064e-05,-0.006205389285043328,-0.013065301796408746,-0.012656099901581008,-0.009397667167621804,-0.012909176427883362,-0.015128974216389701
2026-11-16,0.02363441511387343,-0.031792562979740646,0.002027668456716869,-0.009461406689888041,-0.041265809619786764,0.010806153558075682,0.013796711174057563,0.026934164251108283,-0.008180924729486394,-0.022434645940627607,-0.005008518680629126,-0.03359233877979606,-0.0011654326117221947,-0.0069954391086666234,-0.0053843636838040165,0.006625062539954429,-0.0019927793559835205,-0.013359886491952633,-0.007276852129913136,0.016915464060062613,0.020641779472512667,0.001975857864110031,-0.012987427254014361,-0.02419805792398555,-0.0040733047217352825,-9.312945468609168e-05,-0.011202234225155427,-0.011775842620510346,-0.01078778652169432,-0.004565199092383843,-0.006959290599240275,0.0036520337721659413,0.001222987393454833,0.0032695209589124197,0.0050992818596977685,0.006640575602279819,-0.012070290699199515,-0.004893460225013357,-0.02014124644382209,-0.004689473275452105,0.030157136281854013,-0.0003097428995501028,-0.0041394485281416316,0.0016482754077753459,-0.01212999225420075,-0.016242750570463538,0.006071074510983321,-0.0047991829557668675,0.012161788616235514,0.028691399045893462
2026-11-17,-0.005215305725577268,0.01291504324787529,-0.002356846019015202,-0.0012485737781918749,-0.0031853346391548243,0.01877312615163018,-0.004813405372499524,-0.032372213525968085,-0.005340009110106125,-0.007921016504092493,-0.004381382577879789,-0.009549181806125517,0.026888277780892533,-0.002897539673555549,0.020013546681429073,-0.0066685838615491155,-0.009085916042972486,0.022886683516396777,-0.012173952140883793,0.01533608535812725,0.0009005746812489335,-0.016844718617372578,-0.004345568590881421,0.015083557939121528,0.001753022271728799,0.0008009971561835361,0.011020614298601128,-0.008144613205276596,-0.004759005838593344,-0.01989937484858173,0.0010959381835753401,-0.0034814846356533424,-0.005519267088605062,0.00012935460062823978,-0.0005495394942237608,-0.009654407115829655,0.007727637028256185,-0.01271739379340131,0.01032820973846893,-0.0035764650781369145,-0.013759209551433171,-0.0037127866150012956,0.022441068692939048,0.01281986815988212,-0.030928296273037947,-0.0026877940151830426,0.008041028351425616,0.016477305609949644,0.0036150134022709945,0.018655630401982037
2026-11-18,0.010762759438377456,-0.008238168604038587,0.006173604772678365,0.011911248736862445,0.015421024456496069,0.032669524261921046,0.002260437659722836,0.022067460767658087,0.008649118846322468,0.00013311275812610823,0.0047580005502689815,-0.014478059316828773,0.01857926187451886,0.01410846572294755,-0.008066649292225336,0.025658243337030706,-0.013032951339829957,-0.02383488368543285,-0.00041169653751871316,-0.0055935991731200785,0.020436939188809067,0.006313773011523249,0.026402960582852186,0.015632215328618138,0.006548278170738442,-0.006938973343425081,-0.02243630388884299,0.0029941477192416688,0.00613401244241274,-0.008701180887287108,0.020743162371298807,-0.006315111849283683,0.025504754302487775,-0.0002212492414704892,0.009635699979660517,0.014859515956982428,-0.008878975703553671,0.020351880623258545,-0.009933418119775106,-0.0020752451232259883,-0.017246008846481642,0.002168366841697411,0.03417496588847624,-0.01316094656078537,0.0055664393265491,0.0005581122130218219,0.009476325939600683,-0.007553613308340368,-0.009658006431639166,-0.013857889909886567
2026-11-19,0.010843945709922753,-0.01713590938391929,-0.020940552229291476,0.0153123393741601,0.019384354999475883,-0.007973868358445158,-0.0023081109620893825,-0.00916670085842397,-0.003963793970667373,-0.006383551432905588,0.011818675587217387,0.021884448667173872,-0.008813494238967157,0.005975191118579248,0.019811736039599737,-0.023310483572898333,-0.013835227078616064,-0.0026755228677485254,-0.002520793109763164,0.005242178689160326,-0.014952332801604906,0.018604630009764644,-0.027301630018157774,-0.004178351591975216,0.0023765339466159663,-0.008515337227760655,0.002830549343202815,-0.009770521702606283,-0.0043129579738532264,-0.013596635472107432,0.005399967942064876,-0.0150388082918953,0.0072544388481952105,0.01303963316149237,-0.007580143036280296,0.0056490093863375,-0.004146102468376323,-0.0174144781659219,-0.01770555585700606,0.00684130606407618,-0.0037497310206096035,-0.017436647570571395,-0.006797833759586092,-0.015555645167577126,-0.03663715078150409,0.00965784106410994,0.01417725804773462,0.018834486475614476,-0.0028377216061663546,0.007014154843270726
2026-11-20,-0.0028045184354885677,0.0038592252062137344,0.012096175577319457,0.022225605594115905,-0.019255420603836892,0.018437223190113317,-0.00029587662140595494,0.0339052999630618,-0.01700366146870036,0.013897935193728728,0.010340909370330609,-0.0003871400573546291,-0.00430671202289612,-0.00025741983426630366,-0.012839349684551471,0.0011592575270349403,-0.0035706368441896785,-0.02570565436626482,0.003395648244387983,-0.019901798874243926,-0.007604936416996,-0.028297786906455014,-0.006837883983299098,-0.022793857229836734,-0.017121025083241093,0.007483951423273183,0.0051299058169711476,0.013811712200037629,-0.006162701354968436,-0.003188648077498857,0.011993423972468609,0.002037943555607269,-0.007844204146679412,0.008686070449759997,0.004880438856686542,-0.000500811103080423,0.003879746055790223,-0.019654824451236008,-0.002393256887722184,-0.0037910260719367095,0.02068842536411708,-0.011501800912173121,-0.00938056739416726,-0.010705442633701323,-0.01152521876502921,0.010467231344343242,0.02031564711508449,0.027556502034017605,-0.010199852896957462,0.001890061261543341
2026-11-23,0.04075646232137231,-0.009600553727880157,-0.00510071211243146,0.025324172099020492,-0.01224387299050178,0.015151025451872302,0.00463583517644528,-0.04366236156636527,0.015222253052314283,-0.028313959818447643,0.0002075433313240005,0.001700485559944731,0.0016506766381634286,0.008479109757553394,0.001857372345356767,0.014957494289199014,-0.004833725249470455,0.028540109023643456,-0.010032916262438185,0.028521353838049546,0.019599879054772895,-0.0018512467319371506,-0.02842486853516113,0.012963496512614636,-0.00367747453416456,0.0015216244753881725,0.015433093123927932,-0.011660892039715876,0.02020354138234004,0.01910358001386503,0.007303634014852456,-0.012276371428588173,0.00520249496358427,-0.010592650045259333,0.004749322522869859,0.008055521333157678,-0.005621421382407954,-0.027442107086078082,0.007280104098984497,-0.009762504065609745,0.011048281667214166,-0.006887221127003573,0.001714920883420179,0.0010499966820631812,0.004310256498918141,0.01629832581415136,0.003979975428855642,0.007001926213122678,-0.006613896821148435,0.0297880319738677
2026-11-24,0.013812006062475346,0.005907773676656403,-0.015646554440426952,0.010821733643615827,0.011874136782842992,0.0019540508784932076,-0.002315002461111604,-0.02066493365248523,-0.004410070607176464,0.02043671340500275,-0.001389473578870315,0.006499887732416942,0.00987297625209238,0.0075749151658062175,-0.013880855821040705,-0.0013614485964320577,-0.0049933010608933515,-0.013552763964694847,-0.0003151405826945508,-0.0022602095564604463,-0.006140970662651735,0.0013497287899622012,-0.012589500447507174,0.03765356840223211,0.010366366358383061,0.004737256252378863,-0.007764900166131183,0.011382052937485732,0.013925563011939923,0.0246068795722183,-0.0020052807581212306,0.013240470945754756,-0.017100501877541197,0.0027617360541873914,0.00013212263354045461,0.0022415640231880918,-0.03207577048548271,-0.003181922003117621,-0.0006967035061271609,-0.002896241314750969,0.018595452438151083,0.0015191623517101238,0.002607081255439736,0.004980375826696193,-0.006434284499249765,0.03561268685415797,-0.01486952724279389,0.008523931083545433,-0.019010583280392956,-0.02835618692242181
2026-11-25,0.010765034199290424,-0.01751323709736463,0.007411966584476071,0.003167379292611683,-0.009713867468729265,0.019951215905276154,0.0028142246898308354,0.013850251464365915,0.008839080601374283,0.013435776776327568,-0.020559676340795252,0.011618414713232772,-0.009973262526778992,-0.0018273348507195086,-0.009550809806278315,-0.002612018509000169,-0.006144529608340887,0.0005812662239963462,-0.007348746681093754,-0.023945976587371742,0.002779875656655273,-0.03675434385815446,-0.0086244925752893,-0.026426020551023388,0.00935163389206961,-0.0021639846396989126,0.0057679547518341145,-0.009032180181274385,0.018559688213910963,0.01900252340709785,0.0030004145615283306,-0.0031277013066934867,0.01255513779668127,0.004862568115539201,0.0017066413725466134,0.010539084111837349,0.02918965321561262,0.02079669394714445,-0.008198965295495686,0.005425231102429207,0.010438326840869427,-0.006126611764548318,-0.006475691792346416,0.02973852247100872,0.002648268419087385,-0.039071932375779106,0.0066979059996505885,-0.007306563234957708,0.01230085166624506,0.0052804830265948954
2026-11-26,-0.008868879496025661,-0.012611977804612873,0.015211029016960476,-0.02173386481676065,-0.020073390258126045,-0.006098441573762825,0.0034433259359225588,-0.017517834087162454,0.004069894481742553,-0.002682890671324434,-0.0036246595496332024,-0.005104747941816368,-0.000300978030526311,0.0012756551424724094,0.004179952232418849,-0.039570381863570536,-0.014727742565249669,-0.0013970875412402384,-0.0011456170596239046,-0.016551350652109775,0.0276520018386317,0.0024519858956446594,-0.025238537740108646,-0.01435926357082995,0.0017400091225889813,-0.0023319102106054146,0.02347992912816066,-0.016470031173484445,0.00167169577781201,-0.009882058284695794,0.01207750569680388,-0.00614080995852373,-0.0119981329555231,-0.00022031534778055306,0.0014041305014851346,0.004504083525353142,0.00047286243694322216,-0.0005429926072820779,-0.015343182147961487,-0.0030385655002591605,0.01284723099290308,0.010072037443968007,-0.024432775439539367,0.004981363574325659,-0.002514042195260857,0.038609965614008646,-0.008409600069682166,0.006081306256511709,0.01291301118380117,0.02322132780378583
2026-11-27,0.0048839233509148094,0.0024987997909580173,0.0035281778863123225,0.030666589846877867,-0.032685752663669465,-0.017721928245112206,-0.0013736428715833693,0.02925884742187379,-0.03241009409475504,-0.004597654479133961,-0.010042433938346362,0.006364434263979479,0.01774540390761281,0.004692388353758403,0.02155222894726605,0.018949802114739178,-0.007327031439721465,-0.01871025160724271,0.009179429549137641,-0.007852297714179723,0.0061843203561806614,0.013479072285879745,0.0035800772336260778,-0.044357397579612656,0.0001897637840437838,-0.0031599177239348686,0.047389846702112104,0.013053658425444148,-0.014593013006637068,-0.016434800794947857,-0.007041339311131822,-0.0015525428459476354,0.0108327493146827,0.002658917078363965,0.003472625193421397,-0.0018392952962787978,0.016212210343482747,0.014618245376733618,-0.009708371995100329,-0.0031753440059274496,-0.009691335382048916,0.004339780820662442,-0.0245732715252448,-0.010401336869126476,0.0020769782218692523,0.01721802064553879,0.0027788674407727143,-0.012735605217406909,-0.021637095299522735,0.012809967557939617
2026-11-30,-0.00618218675328519,-0.01628670163581636,-0.007908923247685662,-0.037174104838301525,-0.02636676183187725,-0.010023195344034619,0.0026034703322384,0.009968911207623332,0.008700471629502271,-0.02626028121040558,-0.030192422171370192,0.006393974239936595,0.008664862468878987,-0.006799471427567427,0.0239617655128066,0.004897191104206611,0.003424536600477035,0.00619542366081105,-0.002872186788344333,-0.00019599307868289895,0.007021194023699273,0.0018139451173762033,-0.009053020442768567,0.0011068386407566688,-0.002520508864511495,0.0013981840172740956,0.04272179887079108,0.010907393821389277,-0.022201855536690296,-0.017158364637404833,-0.020256724907115387,0.013402110589950444,0.0008986741027134926,0.0057014640577479625,-0.0005971578318042514,-0.003398985735160287,0.016494883521142256,-0.02144261362770883,0.0002664381810033589,-0.005782321395994439,0.001041607043110515,-0.008956616727430533,-0.011011369985449604,-0.016423210570331026,0.005694334078788055,-0.024592993203140123,0.003408651860295153,-0.00936401089327632,-0.0058418526058697795,0.01596802657590013
2026-12-01,-0.018566581704343665,0.007639077437363584,-0.002152966184833849,-0.006925717569905121,0.010175110336084536,-0.022188889964750325,-0.001560513066272029,-0.0013703909271256531,0.01796518132652225,0.015146369366781265,0.0002614724602902907,0.0008438429061616848,-0.0034400389014123123,-0.002732295548513286,0.011547525568546657,-0.019985698589920498,0.0006126735537737016,-0.0004947184974215535,-0.0033005126102469973,0.015862890412905006,-0.0036709776283581075,0.01877451632047511,-0.010571204095406683,-0.011235279732451642,0.0037124766781440055,0.006870858439370187,0.011306761196845372,0.0028076422160354664,0.013227439942282482,0.027193298905659358,0.011783435668983433,0.02202485087679773,0.0018342485049189783,-0.009163842503233877,0.0028642826294003054,-0.0021321398340486963,0.010159993098898479,0.037322504798725786,0.005196663353070008,-0.009578499691626607,-0.01721238978039563,0.01250208902907346,-0.010063974953247845,0.013088809562522341,-0.029054843200307934,-0.018030988398724412,0.002694107197226847,0.03253817060648645,-0.003750771184789059,0.012694226531962283
2026-12-02,-0.003658408052984119,0.010185713962940879,-0.0007104621735470884,0.044155030567281095,-0.0008122448601927124,0.00012014052522624219,0.0020520002955433103,-0.0026049916688952734,0.005753176664964554,0.002161531867546973,0.01068910675158441,0.005792410695923289,0.010542472151713556,-0.004590975454750068,-0.00075638095213304,-0.04203769479082653,0.011663795716063685,-0.028114984679137422,0.002943979485310555,0.022628525408862732,-0.010432108565162634,-0.005077919564047573,0.03697918058705896,-0.012412094397119322,0.011429845269931738,-0.0028978946905036107,-0.011798527609783171,0.01452257059595885,0.022879022013891026,0.010564362982520947,0.003739563134355972,0.01576634116549447,0.007804184975621853,0.002398191550567086,0.006687568019051238,0.010787632169102501,0.0030046260243004053,-0.0036582624672055752,-0.022543790067709013,0.007413316159505801,-0.005092270445272273,-0.01852902078910268,0.021576041720636985,-0.005408269369062468,-0.014546985737532214,-0.01566634674491929,-0.019345555610881027,0.02654518355274904,-0.009335293024987812,0.006970398023125934
2026-12-03,0.004613281761897792,0.005175789294723732,0.008892759824545404,0.019931751734735048,-0.02165403370591168,-0.00943606919806217,0.0004404357112632873,0.021955970015312465,-0.0009921508969130688,0.013694680036472784,-0.0014845651872702481,0.003901644247614966,0.014654378986029837,0.0060644454948066695,0.004747917519109857,-0.01382591296050617,-0.008256942262814926,0.0025793105304652286,0.0035586837746750533,0.020787355335309288,0.010436240009421338,0.01821112817982784,-0.00583418427329474,-0.024414214403164602,0.004542678733981509,-0.00798381799617709,0.002508114995226185,-0.0008183818384425168,-0.004376553904803626,-0.0021892577054376527,-0.004677606602787598,0.015897251399028978,0.02699623361829251,-0.0036560722041090177,-0.00713184447352655,0.0038569530369774174,0.04782613280997561,-0.020833892152105515,0.027502425703627376,-0.011982636988163708,0.005373427723416091,-0.0005068298076248423,0.01440637735905681,-0.0045158472930700855,0.00013954165157814558,0.005287389315594471,-0.004101311108181904,-0.00910626088108546,0.031718627772845176,0.0006141915052313429
2026-12-04,-0.006691367961388028,0.03195144670269712,-0.0029227881374036535,-0.027598109514007763,-0.002558858811521958,0.006395669630529843,0.0016166505386641106,-0.030512226997958747,-0.0015286188443270898,0.007121868906361684,0.007608753108871991,-0.025863376382113445,-0.0018162352766601941,-0.009889047446443255,-0.0018119007554567856,-0.01783288439240449,0.002517978319698244,0.028556410194409354,-0.0017899658050780642,-0.034946990471575456,-0.007368829403358701,0.009734902717187355,0.009669384178999874,0.0021373901233683323,0.0021400688979886784,-0.006486863857444014,0.02972371722867151,-0.010524959018980873,-0.016298181859558447,-0.00857188039763701,0.011143686297228728,-0.007436933332792495,-0.009994224848571709,-0.010678027102851373,-5.376994238004418e-05,-0.0088975750909851,0.01420850573110699,-0.010145918126643338,-0.012598633253913083,0.00577987179650874,0.01711764682206751,0.004925056559089924,-0.0008893182368319152,0.01192537727614118,0.005268822054681044,0.000679499040216136,0.0038268745857279463,-0.023429042483243512,0.006666889129941955,0.022556905957138662
2026-12-07,0.003929237508711436,-0.004409782873004753,0.00943040006159479,-0.013333380412943519,0.012527186428314296,0.004317685557372775,0.002666790268395003,-0.029119244167919223,0.019120696955292615,-0.0034400428974528108,0.009205688333097317,0.00538193585719271,0.0016793971402819796,-0.012717146310171068,-0.018474261443137907,0.006878927187744965,-0.007861799641428302,-0.018879208873488262,0.004681547702867661,0.005255368640254332,0.001643437828208416,-0.0048331552131994915,0.0034027164220231665,0.00959699613384668,-0.015133195363689511,0.0022813222707200875,-0.004325092562298183,-0.00795823945404217,0.02199267789838144,-0.008494241544707126,0.0019703575353857694,0.0017661966512012572,-0.04107431046075216,0.0076981177738055795,-0.009675446054605685,0.007693086079746392,0.015793249206992543,-0.005828030054912503,-0.01317751334871331,-0.002027735256129426,0.002450865440374095,0.0026941604409815856,-0.006277655042366659,-0.005008112458873115,-0.024593404944074693,-0.0018053491159860657,-0.03352156902779779,0.0016411153575397464,-0.015295990009982274,0.012006073852708576
2026-12-08,-0.004697548101140203,0.005931431474800242,-0.002157444055565838,0.008247814161477018,-0.010756909131485082,0.014124466401023827,0.0017804124087728024,-0.005343397349502066,0.017800390824813217,0.02689732191404781,0.015346123934943057,-0.03189170076288972,0.00842610854610193,-0.017574700124363685,0.001837785861584118,-0.001463595814103269,-0.004121200324438301,-0.0030826110462678358,-0.013832640891007664,0.03568958776082298,-0.039914110256509594,0.008157056894046777,-0.00042395784590221197,0.03115279267682869,0.0043611693507117355,-0.0047534141515992445,-0.007418211758960402,0.000918228842952562,-0.0156557401208397,-0.0033050679866721833,-0.001266439544436504,-0.013554116606907418,-0.02305849505226465,-0.010946122078933862,-0.008696948785740233,0.0004971495521284286,0.011422376495617836,0.004665451355523986,-0.0029471636706774884,0.0015709564250421248,-0.024422766155268616,0.003882251441706286,0.0009911611512813945,0.01801529403252733,0.021710886325153167,-0.011626789476689381,-0.006072594396423159,0.04944697630272343,-0.01349733481932347,0.013754928232713182
2026-12-09,0.01204379322822935,0.0032706922512275582,0.014213642509985691,-0.001867021629436083,0.003036273331888273,-0.009682981456447859,-0.0035948009862344366,0.012764012047564943,-0.008321757460209023,-0.00033391423500794826,-0.007284266403886797,-0.00388241484878471,0.018493250033004838,0.007002571467849661,0.003643823449592354,0.004999639579255755,0.010989251744310202,0.013514256687131132,0.0009568376887554297,0.00950679505290708,0.01405828170963952,0.04233164554983593,0.03108402049931236,0.00800743458311648,0.025253901989387373,0.0037612057403177968,0.012481010365340772,-0.009799379318702228,-0.008559864148930063,0.0037730330693093173,-0.004766131372152871,-0.01460913238092787,-0.0067558123120192715,0.004194368068550336,0.01655087439876146,-0.001662836200717277,-0.010290300795019802,-0.01773926549488225,0.013384911933020494,0.008754655895057306,0.015759095759116715,0.0014308797029356501,0.012942887036911488,-0.011805727498179985,0.03324262542429213,-0.022714996771957874,0.011146560270406392,-0.04573693933079459,-0.007002498361038834,0.011708336555766863
2026-12-10,0.0062974891936729005,0.009257790888019146,-0.002962321725888617,-0.01984890530102079,-0.00929942454708077,-0.007190947863025543,0.005774549270838092,0.0242316128101161,0.011467303420438446,-0.01348023464409387,0.012473566483513832,-0.01368479462714367,0.007665762249780439,-0.018974344920280606,-0.003892885972194615,0.035949946224031804,0.0007029648311669412,0.013189817865922437,-0.004752070312181056,0.0041540774041746165,-0.0005025798201420129,0.014965459269139725,-0.008974609383350707,0.002150965006243455,0.012832454724950093,0.002865263471280688,-0.058484352428464836,0.0014471422966597647,-0.009683010910091938,0.016630988323324436,0.0065977078053793825,0.019087135040841474,-0.010345518137190424,-0.029670791655933004,-0.007414832465750809,-0.0005823531726009135,-0.002416650717635971,0.009798617822524669,0.0022465252651522327,0.0012071196229175296,-0.011900682947930785,0.0071151817264138995,-0.014073521369367903,-0.010205228524162613,-0.032525302951413204,0.0036651064027846125,-0.003863862344954394,0.015397165426978221,0.005792829460098181,0.01675860327825074
2026-12-11,0.01729917715418705,0.021757052410388278,-0.01368417436147129,-0.021549203904343672,-0.010276019231493128,-0.027670432853845517,-0.004255306900324163,0.0054525560978861964,-0.0004200340841180594,0.018904850545180096,-0.0029644982366885397,0.013730466044277856,-0.023673047943787662,0.015630046475382908,0.015617862188431975,-0.02317529563141163,0.01273684099525041,-0.015175868877207233,0.009667795950525582,-0.010899541182981198,0.01595720126821032,-0.004137431415003334,0.00433506168881137,0.020441065232775335,-0.02271011046547078,0.0031932564084011794,-0.013821506450643839,0.0062191532318178755,0.016946298112202163,-0.0057736662424768825,-0.00304872058391914,0.003038971593974038,-0.011945248546565423,-0.010194026445534132,0.0025577816761941374,-0.00531063183917202,-0.00832242570305275,0.0009218574587770423,0.005000733140397617,-0.003351234222413013,0.006134364584621466,-0.003097044771682489,-0.021919733797497343,0.005501674670206347,0.01702490306808291,0.007183769176649868,-0.02766663708371575,-0.005287820234842533,0.005956034006602939,-0.008755817876507144
2026-12-14,-0.014317395256335241,-0.013573250143123716,0.010995812316530795,0.01123476717693328,-0.018154446108230915,-0.007543667145752053,0.0008960859857862769,-0.011496909448817427,-0.010146817698129862,0.011042119667579176,-0.017774771500171593,0.0023760331188096284,-0.016028097695251042,0.007501749115387701,0.008477009682465342,-0.0031794835679181954,-0.00901178901083921,0.013355923193628438,-0.002816704213492449,-0.026404216545090287,-0.005239260567899806,-0.028260737926969925,-0.0038165566024573883,0.02360872338959319,0.0017297216064240395,-0.004324354737044955,0.000555575079512538,0.014244585695628809,-0.02614078526544439,0.012201911685721045,0.009812753467732138,0.0011033550173364937,-0.02235265023184585,-0.004917595340367176,0.008321054773086312,-0.009292722673943876,-0.013380759980903933,0.01617861188858316,-0.005998805619654157,-0.002019427826665532,0.007365017049738576,0.0072833365264906025,0.0008338054547445406,-0.010320439110834467,0.024399788070281092,-0.010641539450268356,0.01571935070448438,-0.003270333841257078,0.020408989808836875,-0.025792278298165106
2026-12-15,0.011260863992145653,-0.011508225932390426,-0.004434681172661881,0.030615460394851857,0.007617570319724987,0.0014978893286368145,0.0031024621788060536,-0.007283815186200804,0.003820385959802497,-0.010707015997701741,-0.019395775730251974,-0.024376470431915043,0.004516216095548975,0.010540683708918586,-0.005393380960275418,0.0028013878036372564,0.006818383766592717,0.013700110517820718,0.0008612405889760755,-0.02249292727263219,-0.010847220691651116,-0.008815261944932429,0.0375927886851235,0.015847922869753228,-0.005939398767290438,-0.0025387127984313196,-0.011912781358789815,-0.0006188686002509547,-0.014130699786924938,0.021708099369137424,-0.0010722327597756376,0.0036582336669057636,-0.002943015013397665,-0.0007738900683137429,0.008244414150073487,0.0008083856157976577,0.007550185275656318,0.013255787225452842,0.0017976952127691792,0.0023574170947184836,0.01609902960320242,-0.006772354966177452,-0.008823238612186257,-0.00823067103162245,0.028546965156307946,0.01107831631252032,0.015360128302504439,-0.004034541033161365,-0.015886646611752986,0.0016945508575052504
2026-12-16,-0.011226313367863172,0.004075612526977412,0.0057901125156567534,-0.015011580687835258,0.006866741848260638,0.005105877156419858,-0.0028735398310215654,0.009240818740429813,0.0191877156476854,0.013115141938181862,0.0050553172414460334,0.015223746744064348,0.012253741441530241,0.019373464258174877,0.018132244025407473,0.0029588509556484066,0.01371783052730935,-0.009125566645098226,-0.0016447811656471467,0.000361252571009274,-0.02018571451090878,-0.005242340637453324,-0.009753206938578396,-0.04318836431297246,-0.006961358302453036,0.004999744950905161,0.03662432240593971,0.009164477196697884,0.020889805196520284,0.012139200232935243,0.016604558682530746,-0.0031813326670450115,0.015242140645467916,0.00019613335997625825,0.004381207816710919,-0.004317871871535872,-0.004689017816903229,-0.0023096901664523273,0.015092297900020313,-0.0028886104358285536,0.002789176442020258,-0.0013729710273084894,-0.005277395596560153,-0.004643005576701387,0.01670690105709438,0.01599910948454264,-0.017246538616027207,0.056014677966331305,-0.01076304271662698,0.00934817406346622
2026-12-17,0.00950319482052242,-0.002122823135451646,-0.0002672189579673301,-0.009141037329270851,0.002843326813549485,-0.02301912053627264,0.003591857255706321,0.04476873760182731,0.004824470377201573,-0.01701021788893642,0.0027824366438211623,-0.003026042930579842,-0.013133159737134137,-0.011170908337351015,0.010596553573810397,0.006170648674733048,-0.0004785461020077042,-0.004994464245255181,-0.005700379403490441,-0.0067166521623654996,-0.013040221937932861,0.02143780657912564,-0.009939920093328447,0.00600803652624049,-0.020159225423554528,0.0018444028125457201,-0.010274418176235645,-0.003646902472578706,0.011686470571115715,-0.003717531160513432,-0.0027221189510771016,0.0057557511163979225,0.023270707950178826,0.005716672536336231,0.004908776890101274,0.005002662767237709,0.027102186661573047,-0.011872891024815035,-0.01469422602526771,-0.006561564271263753,0.021320515871163348,0.0039853319417315625,0.001696504010231914,0.005618545205100078,-0.007539957997288238,-0.0027191457598493285,-0.0023078387635746545,-0.014954573725775466,0.00255646536256271,0.031866921090597966
2026-12-18,0.0032234046320560594,-0.015697427660187335,-0.004587175890026107,-0.013396578426619121,0.04285700585063412,0.024724682631171557,0.000682986434890287,-0.004596000300191583,0.0026760723935670416,0.025525391733005165,-0.006915615932476693,-0.0002938119522147842,0.0016863460239644468,-0.004806033297343526,0.023365127414177733,-0.012552897757050041,-0.001654345744374397,-0.011502917998418849,-0.009606307436629491,-0.013049507274330407,0.0002965880011094324,0.016717832600805727,0.006122410583629945,0.0075159505969131235,-0.022702452027203113,-0.004210750960120135,0.008803438920932827,0.01773898448288147,-0.008994102510214042,-0.0013349182158425288,-0.0007655567472030222,0.0031181913880122814,0.010003647972661733,0.004908111332599496,0.010468280583234124,0.01343980706243042,-0.01653530046126983,0.0373909407132158,0.010925314102826933,-0.0015701831536798494,-0.009405368260487323,-0.01340478702682224,0.023792712058684495,-0.00807527861510271,-0.008099435433807534,0.005146387585484469,-0.007995468090136626,0.009601339638571904,-0.007923828929151111,0.0054632161246472855
