,Asset_01,Asset_02,Asset_03,Asset_04,Asset_05,Asset_06,Asset_07,Asset_08,Asset_09,Asset_10,Asset_11,Asset_12,Asset_13,Asset_14,Asset_15,Asset_16,Asset_17,Asset_18,Asset_19,Asset_20
2026-01-02,0.014087643201225575,-0.005180555273867515,0.010845775850389927,-0.00023978013137682108,-0.0079081342077999,0.0020047143800872025,-0.004242309924536891,0.016288828773612485,0.029144321051966404,0.016680137292533148,-0.009129708347549115,0.023624709569196822,-0.027566501686918876,-0.0036842879662660755,0.001353596354351616,0.03071217830414552,0.029618324647514793,0.002153670246644035,-0.004034625807459724,0.027529402988277996
2026-01-05,-0.017264281533311165,0.0031316163227950167,-0.018961735843190053,-0.009862412937478582,0.003408259522677426,0.017065088382712368,-0.01815082538158752,0.010365825198979772,-0.002501851200288674,0.013114136973741974,-0.007533999125917568,0.002524909433463618,-0.00862992184558209,0.015233660636732038,-0.003073099162094639,0.01709678370426304,0.012097028723529357,-4.831628141410693e-05,0.006029289008341987,0.013738376379622164
2026-01-06,0.011222127501913981,-0.016393377787476182,-0.0022462778017091622,-0.006629096171596571,0.0036515631881051114,-0.016514295821833946,0.0015639930190278761,0.004021796483307805,-0.026891108920987894,0.005948136083984368,0.009314321895323774,0.04404349604919888,-0.008397052275805228,0.009053072094465486,-0.0053032426632509955,0.025520345754052487,0.003656606623237524,-0.0006599474944024575,-0.015697144231156868,0.009154621751010561
2026-01-07,-0.018531289547607188,2.7857375534345863e-05,-0.009511069256218807,0.006792046204234126,-0.009747604014793243,0.012948798679147666,0.0055842855432914895,-0.022058892980490463,-0.004279117473859451,-0.01795321149492113,-0.019952592223229537,0.024976384420216657,0.03645241906960739,0.006343896210716071,0.008561926431042144,0.0018025169544819697,-0.01703211515065184,-0.006985514204761678,-0.004804736595825809,-0.024461126459795923
2026-01-08,0.0031010003065234937,0.013626213440893764,-0.015804953437747238,0.021285478112124112,0.010346599487454977,-0.019090725169618183,0.004839185894749187,0.003243219648559892,-0.011831999944855398,0.005821363820191161,0.007852658917262723,0.0017866404960198423,-0.003403691442451673,-0.00368919522361566,0.0006945778165070582,0.014923825471973684,0.029965518286525716,-0.006598036488878245,-0.010341327714349702,0.0003343169066529761
2026-01-09,-0.007760601190502037,0.004862448813701015,0.00112621615553965,-0.0027867503263423465,0.007489527846538557,0.015353429832586585,-0.023404379422681698,-0.012283104243974718,0.00016826600563191185,-0.0045193738674143,-0.0118059834660319,0.007663621533081644,0.013599018452627787,-0.007273357460577667,0.007007791126247387,-0.023713360301826136,0.012900253709656306,-0.0062410094914456815,0.006884090362608619,-0.016361067606168844
2026-01-12,0.01996953796783818,-0.0016984153831595128,-0.005346331612833377,-0.003755835522682216,0.009894364594742244,-0.012546528051454175,0.02512060065991295,-0.005382135783767339,-0.0032856812463119,0.021583534979597196,0.010768437021004607,0.0013806913790010977,-0.013315308179772556,-0.006358430809019766,-0.00924460293101137,-0.0033977792731654244,0.03410945540868826,-0.0038237160222601707,-0.0012504491779410376,-0.009973216864132217
2026-01-13,0.0014110179768789255,-0.00821198717823246,-0.023372079371742682,0.019907201582222145,-0.002618646668610225,-0.0033338932227772178,0.030845805390163905,0.012126181123119473,-0.019439669760067835,0.004255555288223967,0.009937526610667602,-0.026688491214729382,-0.03748800923329754,-0.012237859720956923,-0.0019721654431816837,0.0056694928750495865,0.011201630996499734,-0.0001436740153833993,0.015451602610943471,0.013221152242756107
2026-01-14,0.005472016341098618,-0.005973547604864793,0.006605424737128107,0.01793859506845119,-0.003800267694710646,0.01035997969047564,-0.005505723375752947,0.0021803726075717567,-0.007661267237998537,-0.022850408629425445,0.016759411984325956,0.0022645367904401414,-0.008622564838706714,0.02050066328925948,-0.0012946365070218846,-0.016844377481257333,0.009603622441054283,0.00568673994311486,-0.02563244534842113,0.006108990112737134
2026-01-15,-0.00033433677620020585,0.004701807469200681,-0.02587567788378753,-0.018286985882222773,0.002940942505163857,0.0013982745639169458,0.007022973781068531,0.008721073363065601,-0.005478928974685493,-0.007793937778964644,-0.014445457385777627,0.0016312705838785746,-0.004381641515396439,0.03146919042524621,-0.006055526994245719,-0.02023862971277335,-0.007355963026484336,-0.001965508719786291,-0.0016312444950857818,0.0236837524166853
2026-01-16,0.00246332681623751,-0.02045178285637428,0.021927243127689344,0.0004401212597124893,-0.0003736916240492105,-0.012767412436028747,-0.006052860991662912,-0.0004835751024226953,-0.0066251439291440395,0.014790088813292579,0.0013539000995845818,0.011000122142797109,-0.015438332264459453,0.0007152532192595817,0.006314884832970824,0.017349043872721293,0.0026424279897978575,0.00870253223516837,-0.025068257421243634,0.011483667491593463
2026-01-19,0.003717594653703582,-0.0007288493668030638,0.003938964412268486,-0.031887768754450097,-0.0019806409714840933,0.012708065323580264,0.01984501186228793,-0.0024496926732358038,0.008509021799560257,-0.014579983497845728,-0.026768681747689982,0.00709790067424132,0.028854709784661425,-0.010903072074392672,-0.008784618239565556,0.0041376190443702665,0.021738273231318717,-0.006715950172487717,-0.003034695329613424,-0.0187558719341977
2026-01-20,-0.01381970964244561,0.015706577038941516,-3.6765408972794233e-06,0.02675291438762928,-0.01632612073028772,-0.0006298719523345486,0.0021758895925905186,-0.004916251648364955,-0.010966573031654048,-0.0073663540320912935,-0.013075060307258024,0.0032414411573999935,0.024674494362267207,-0.009161074042081996,-0.0022736813322195015,-0.01158980600463333,0.017752207911542195,0.007486391365902012,0.004351469515539996,0.006046638873269838
2026-01-21,-0.01833726423101878,0.023632580119413715,0.0071833946882817745,5.412181269370819e-05,0.008152426137317148,-0.004282562577107796,0.00017646420348294,-0.011290097637731367,-0.04254595530501759,0.02172704837934125,0.0025069319258304024,-0.03752416386386137,-0.006281293699517687,-0.021045681294493024,0.006234772170125025,0.00019192810650436876,-0.007753673517530424,-0.007708247103796806,-0.011208143242637858,-0.004433187320631804
2026-01-22,-0.010259547173611328,-0.029275076865808658,-0.010434047596885598,0.024267060479711944,0.0012706260043628959,-0.0097546900987594,-0.004108098362649026,-0.02379416753551744,-0.024554965033833698,0.021394767712626273,0.009673550606732029,-0.01212374648189396,-0.002292515558347974,-0.015466118372864268,3.085456128748554e-05,-0.009107280540055607,0.03212683941243122,0.0033036088023410404,-0.014222485890572512,-0.010929133160904603
2026-01-23,-0.0001787832372713849,-0.014696515329334026,-0.015360045504491104,-0.03755186778431918,0.014488001404672657,0.010755694829218898,0.009934598816108586,-0.0022526032151560793,0.0006209520990410056,-0.008063041519602687,-0.008795878496798748,-0.010486647561899765,0.0022303071995144474,0.0036589586887996184,0.0077258999044182985,-0.0001748448198319874,0.00772602193517824,-0.00859660950650698,-0.007889723697876216,0.018829099046412168
2026-01-26,-0.004360849967240621,-0.017317419155739477,0.010715497451571077,-0.024857224031276326,-0.00777499727148967,0.0011514687524427636,-0.003726345602422132,0.02915180790289318,-0.009430918683191902,-0.012931976676253565,-0.031051745877242576,-0.010135749649909376,0.00857575077084105,-0.012639179553000868,0.0021904400768903987,-0.015319620095621489,0.025403608578554504,0.0006423840961853333,0.0017448493457705716,-0.010239889722357565
2026-01-27,-0.012722352055218433,0.043474536203373715,-0.02524172645850553,-0.026040701247340814,0.008894176168732892,0.012068704544861086,-0.008763862569463154,0.0006776888157693506,-0.007604238440656497,0.010250382208118802,-0.03199659377659958,-0.003832376216007516,-0.017416756042929804,0.004161075291800431,0.008690947577545183,-0.005155548830427459,-0.019662700770826436,-0.007463870243315185,0.003950539845881229,-0.008219123060419942
2026-01-28,-0.002368175680251605,-0.008702143655218264,0.004883724670155409,-0.02012663737589837,0.004660090701865238,0.01013595740714468,0.009599302847385971,-0.001172613561837954,-0.01047230089522777,-0.006701464671029056,0.02526039495094734,0.011739470286620257,0.000568358868048513,0.04945881452151357,-0.002193818138934045,0.010186917039537002,0.005001886112499188,0.00010600648303005222,-0.006421130536957587,-0.0172589949738714
2026-01-29,-0.01750160928865152,-0.03454605330532623,-0.0084696042283815,0.00812744862585646,-0.00427818317664852,-0.0032772541333784266,0.004681491500733603,0.0160266343187474,0.021883079089772828,0.012300183933438458,0.006257253340154145,0.021786927053487615,-0.022049987443474084,0.019127716586851085,-0.00819113589359255,-0.013234766667949316,-0.0005869787875322219,0.0029099956935432214,-0.009956249671600359,0.01047117157174915
2026-01-30,0.00943566541669516,0.012233720778096702,0.0066877274139520715,0.03609779428652948,0.010694508199850628,-0.007520544717229405,-0.02662382613992975,0.0001679450935219151,0.007635446500134702,0.01754385325589225,-0.003509417046732022,0.02853909432418389,-0.012148141027489179,-0.005255548806373023,0.005923228466772734,-0.014749702452595659,0.00983510244544572,0.006155915947341217,0.010205822587818991,0.01410219549822278
2026-02-02,-0.009650347918864544,0.013997545734435235,-0.006343261848441806,-0.016610466209939112,0.0035010861601625365,0.012954688909601497,0.013952781285202942,0.00697253297514977,-0.006575277775960897,0.00890825932196826,0.0014507475992817653,-0.016322371802347524,-0.0006450719507261615,-0.01814442928087945,-0.006482807418816794,0.014831040112746718,-0.016898223366957454,0.0008273091482835504,-0.0070680344570713816,-0.030160587864937805
2026-02-03,0.0075805199425882375,0.019064733186225036,-0.00018784864430776427,-0.0037144768866199662,0.0008942422342514966,0.034053468417303945,0.008336386896526937,-0.0032907394937881085,0.005266743433069099,-0.010376305433278055,0.009205951790383082,0.020343876708941888,0.008761384009789985,-0.008707228580608906,-0.004173143185592809,-0.009992457187949277,0.0023686408514786983,0.004129650280936481,-0.008017125410873738,-0.00405115728130967
2026-02-04,-0.011942297181868566,-0.007356865906139598,-0.013203495178432223,0.0012473503739596215,0.0018167185623476634,-0.010049392681475311,0.014994727689546794,-0.009615259210304261,0.01110941440355595,-0.0060444913427863955,0.01395795906816577,-0.021590786319462985,0.01344162230000645,-0.015553378285948605,-0.001218149556956205,-0.023801179078962287,-0.0155211530594761,0.00198523602086631,-0.016291110062022218,-0.005869798620551703
2026-02-05,-0.012465386988245175,0.0075612165206138116,0.0025185608595659215,-0.010542657742276584,-0.0024712677004606887,-0.011425335101318601,-0.010060298131705503,-0.020103429104818993,0.027277856644029708,-0.002644991041487965,0.01840886972858735,0.0300223498046972,0.015112130215099384,-0.011478399688225394,-0.004550987397264228,0.0059210085571941296,-0.0039068890875235684,-0.004972774977252459,-0.01391771505397299,-0.01595230552976845
2026-02-06,-0.02895987572578007,0.0005450771715960201,0.012080396188661746,-0.0016265794573869785,0.0017976267923205391,-0.0019408820549342565,0.021713637505075267,-0.01450319136253686,-0.02573903290254187,-0.004000433556687111,0.021707735471042877,0.0019968417690716667,0.004995523851619721,-0.0391818350668085,-0.005766537223256152,0.013967983684994856,0.011357170779868975,-0.0005140432368074821,0.00020797815048179125,0.04107240281190405
2026-02-09,0.004700681984432187,-0.004561130946838299,-0.0004354118292128062,0.05274045519365522,0.008542585837931105,0.014561235480039514,-0.010652267931342219,0.006383143767995092,-0.008796647092766174,-0.005929003841165903,-0.009140097731268448,-0.0033522514842733164,0.007532472955049663,0.015842750911750025,0.0029571923180482518,-0.010923815298142348,-0.015504516564645021,-0.010882725308286822,-0.006022099663321123,-0.02376039436508537
2026-02-10,0.008589273715837953,0.0005170338882660719,-0.011012433344124162,0.016999832153899552,0.0004196652751571328,-0.0005090343350809823,0.004298007232464318,0.008106057308275405,0.0012087863498553286,0.00372115940446327,0.004805715186588566,0.016226687416861285,-0.02546121202313656,-0.012597218972639213,0.0003816819228992241,0.010373746511178172,-0.006105107584702951,-0.005620196693791657,0.009501591184332803,-0.02158267981558848
2026-02-11,-0.007215948747006151,-0.01001473792065355,0.017077989012734607,-0.03210375508173324,-0.014954608925803803,0.0029574563067360504,0.012806228390968455,0.02337606697980399,-0.025275067756997505,0.003300067795563244,0.02251525596438486,-0.017225626512884396,0.009795586568976944,-0.00024743269161042747,-0.013618237808125988,-0.0040135206303368864,0.014081886128889609,0.005584012614072487,-0.02302945169993964,-0.0015840737380384828
2026-02-12,0.009817178892111977,0.015610360409894719,-0.015770646790570053,-0.020470454563345286,-0.009711078523172989,0.004293387525035053,-0.01257708390932366,0.004078639206892554,-0.01857055833088661,-0.008036507351469102,-0.015863961885534628,-0.023066340377424166,-0.007701749760579468,-0.0052160726230651155,5.678647105678003e-05,0.005635312509423729,0.00646562175780141,-0.005259328767445726,-0.010177380125953595,0.005347688566426312
2026-02-13,0.005871710916312889,-0.007854839180205686,0.027559975947747617,-0.04550531316604689,-0.008739048897480894,-0.015241391278286165,0.009683319640266141,0.004095161920794066,-0.009305478259981959,0.01660996448693286,0.02016180846612503,0.008560509447991249,-0.015545827992851202,-0.014977962484850837,-0.000377512751516873,-0.006579303789853608,-0.010401125592695348,0.0069610852168278115,-0.01989025453435367,0.002268666810359976
2026-02-16,-0.0172513949848917,0.00028850714878903005,-0.010238311607925543,0.02295215876823864,0.01336038183331656,0.009698217032733769,0.0051166087140785965,-0.0018254291149556456,0.026912698194253792,-0.011664747041552959,0.0027990080049067334,-0.002782680859212072,-0.010106914294432112,0.0026842367784827292,0.003026490312536101,-0.013510829540586355,-0.0013672698593276689,-0.001240967645965152,0.0052299370204305085,0.023292522066559407
2026-02-17,-0.014289830082490518,0.002790700375707944,-0.001356747916631762,0.01918864077896587,0.003498927412846742,-0.015142255983608965,0.013270209531278221,0.03353062234211679,0.015827305884728027,-0.0059499077709319614,-0.0196498990411631,0.006295662707844096,-0.002675211190644511,0.005938218894077529,0.003286160712510311,0.0006605801807044731,0.03819318739422495,-0.002293513625036381,0.004187971899641818,-0.023148524425737893
2026-02-18,0.011664425756163332,-0.0072441898550639205,-0.004206314936292199,0.00010059635921666477,-0.009027175615378913,-0.01841394436973709,-0.003201654342145588,0.012666653910224035,-0.010091650401326091,0.020789690440511155,0.0006100392252803566,0.0035691287356367507,0.016964863797743535,-0.007497080661927891,0.0015947738398751632,0.006615883304297299,0.004987480012602186,-0.0025478969660757134,0.012003911021940317,0.030682830314459064
2026-02-19,0.0028214077961692396,-0.0015896191940325544,0.013438640399986879,-0.042504485116910073,-0.004922053135889892,-0.0034149595082034745,0.02214244156178702,-0.003255230508159457,0.011540696444736653,0.0004467944350667885,0.01029729667528323,-0.01681602713707142,-0.0024399572389542934,0.024470790673041254,0.00641333507658004,0.019314788166560737,-0.019042545354322815,-0.0033796521388914647,-0.012470633585235258,-0.03831256575879716
2026-02-20,0.007453432465118981,0.0021312365959780255,0.00029385746201215923,0.0291357002291317,0.003995180988998426,0.005870257637137,-0.00556215921387615,0.008050296317534844,-0.00148271782894982,-0.010545889966618982,0.01576362208701565,0.02417453061693231,0.008602882019704605,-0.01667062390649221,0.006735712888732426,0.00041544620414835087,0.00624278147504409,-0.004390699580612001,-0.02922028735865534,0.02178518865171908
2026-02-23,0.013564322514030502,-0.002781149284797557,-0.005618443387888972,0.0088270460719313,0.0042212900626203975,0.007282807303337746,-0.013463584834728426,0.01860155706839417,0.01099554459458596,-0.001183158406289575,0.017949614971594086,0.006939891912191243,-0.0016837344646770669,0.009563188580297144,-0.008736093073886009,-0.005797464807962616,0.001866879264809329,-0.009166798942700005,-0.010180631428339137,-0.02741371294530237
2026-02-24,0.003272804322582923,0.0033560049277445714,0.02048809329149459,0.0006330733340491612,-0.0024430038248959285,-0.005188556352961671,-0.015618884528024513,-0.012294270407927077,0.010197851976724293,-0.00812097938512446,-0.014478355791015973,-0.009823589643514041,-0.015309143779135836,-0.015197259740254654,0.0009262493500921121,-0.011337398389562159,-0.007341144299653379,0.0024765780015367778,-0.017792121700753727,-0.018099709752484094
2026-02-25,-0.022825104144158614,-0.016814417229646828,0.0007110591270271804,-0.003341555663731066,-0.0007160051342537388,-0.002496627340409341,2.550439431425744e-05,0.00649802182551773,0.02524929712169799,-0.00195231574340482,0.028525785099651646,0.024664356879004812,-0.013508082156365009,0.013420989058778865,-0.0015380574891873389,0.00806805760709639,0.00036232909906708244,0.0016150935455048199,-0.0019809780455779524,0.010125449610407067
2026-02-26,-0.006381134792824983,0.014068991972275402,-0.014173428024279455,0.02967659098655706,0.001518244137104885,-0.006086446390553002,0.0032121062927099597,-0.012159588273854549,0.008705376759335026,-0.022607187620748426,0.012219113579014396,-0.021725652389872008,0.021727648519789255,-0.0011382053048850649,-0.009067731083342911,0.003426270160075795,-0.007368611506567202,0.0066909849628480345,-0.0021376726836048743,-0.013633738650641991
2026-02-27,-0.006219019068843701,-0.002612884148925576,-0.015605712706585728,0.005764538214073189,-0.0020031193266165648,0.0064576577813613145,0.030165630326745907,-0.012386912263835592,0.0128041796048739,-0.014672356910224615,0.03019997550131337,0.0163898504719886,-0.005465945425864094,-0.01034445584752075,-0.0004909975279677736,0.0039229004240686205,0.006093285389198622,-0.003323792387554092,0.017134977944283536,0.006071879216301923
2026-03-02,0.0032841861014289986,0.012497343155578378,0.0060127707292807475,0.02375160166741508,0.0003682255555161884,0.005774298884856588,-0.011929579273000201,-0.016028238618753576,0.02034459178416359,0.015703032613687773,-0.010962253949893919,-0.017704509177224548,0.021761101403091176,-0.025506767707018874,-0.006659191139149145,0.0038134222340941992,-0.003663986238165995,-0.0010978562961082572,0.012066838203219632,0.006540704325814772
2026-03-03,0.01981496883776379,0.000538575128296026,-0.0024793962404924264,-0.014249849131577452,0.013763642871636783,9.90092637143114e-06,-0.01278190363302567,-0.0005527084489038714,0.025797456153870746,0.018971526213261924,-0.013479541625169844,-0.01796711976727261,0.002065441197166118,-0.019011682316436795,-0.0059007469587444294,-0.024895738850974514,0.004016985737937517,0.003413709213758054,0.021881125333438334,-0.007953892339533697
2026-03-04,-0.0015588615711030762,-0.013274071860517878,0.0023206291839501514,0.0027512752751643887,0.0023151693546363816,0.008847391105738067,-0.0011986877256383588,0.024551213946741646,-0.021745506243070478,0.012033958275496026,0.03106463825107908,0.017448991317523088,-0.004946379891946018,0.001532638296702027,-0.003533671434358676,0.004459560304760135,0.00011941526461245466,-0.00837520189577079,0.001730714637924624,0.025095308576380315
2026-03-05,0.002011311408262939,-0.0023695733601233337,-0.001197233249816576,0.005926535988179715,0.0031554431834612817,0.019390560272749102,-0.001967928498680105,0.0002186295931405624,-0.007297058732256945,0.01062855308613564,-0.013032107693419004,0.0005280814119270616,0.018012493916307326,-0.009813169441908687,0.0027269543494314874,0.020372128773244347,-0.0047200150053524625,0.004123276217162797,0.009749939963379362,0.020663851083520868
2026-03-06,0.0015004898815786927,0.004741326671841906,0.007162498845365128,0.0034253445208918265,-0.002276424497306029,0.003089818379876208,0.0008420558850448234,0.002170201425701457,0.018982848810030095,-0.01764336967600344,0.046953590317761584,0.021891798262604567,-0.003980109964222933,0.007832279418974686,-0.005329586573152079,0.0027128020545366116,-0.00882591301639346,0.004680252627632608,-7.929344293833296e-05,0.003887473512647288
2026-03-09,-0.02187233950394063,-0.01263225990496697,-0.0002902289925228452,0.015798376045702778,0.003110797026184997,-0.002479210986834568,0.025290124407020498,0.0015185036222997716,-0.022576614875500556,-0.004005262534091614,-0.01405741206670652,-0.0002739981752424292,-0.018413237977464747,0.011003485068666885,-0.004159921601950334,-0.006654771220096722,-0.0028152461058565947,0.0030733250091343756,0.017817719281169042,0.026799597356843563
2026-03-10,-0.00685282867321535,-0.01908929460598152,-0.01711321351626871,0.01826542062063541,-0.003725722220103145,0.0012183885350485202,-0.00605379263523409,-0.006011832909687986,-0.0005048803741387609,-0.003355832590602348,0.02002356516172843,0.03429838466711965,-0.018597791431524513,-0.010759206105745989,0.005407292722063861,0.006515357036082969,0.005509727128395703,-0.006714679040506932,0.018208768562725908,0.004463995042513158
2026-03-11,0.00042453152665156146,-0.005704568276720057,0.00266978999886347,-0.00889718177181742,6.71746415137342e-05,0.003643741312595372,0.018613032315867084,0.005372535667768741,-0.008633285586326811,0.008987267608879801,0.004112808910741617,9.701427890251857e-05,-0.011625547096790312,0.012786673533161874,0.0017624048903046585,-0.016314978911032285,0.00944557545041369,0.0009952446881154042,0.023872742753696885,-0.00910540700131457
2026-03-12,-0.01112226780099479,0.010962484975790332,0.0011215939764981364,-0.025779080456863168,0.004564714556052563,0.010051439491212788,-0.00567491099711015,-0.02102952085323484,0.009418934754830799,0.01643820211927216,-0.0027425291836181698,0.0003313473108981224,-0.006124839955997996,-0.005171825128646779,0.0061383849659750744,-0.002861163769283248,0.012154994064072167,-0.0041589307058014224,-0.007584334992889019,0.0026360550120814175
2026-03-13,0.011578443319201659,0.0181672082971025,0.014146494210916405,-0.02341652606483058,-0.013955555184009705,0.017156732316266687,-0.0006492507327745534,0.0068669530368672405,-0.010549886742110548,0.015947406867286018,-0.0016982480696468016,-0.010449960461851204,-0.00793034981403562,0.020153279698299942,0.005807220859961992,0.01580213558568966,-0.0011864693082137556,0.0017957997238164936,0.0020489366812754817,-0.0042895096847472836
2026-03-16,-0.01569632660614828,0.023792203262801737,-0.010018546398739336,0.021510374075548233,0.008914776459899354,0.025923413522531247,-0.013287580386386666,0.02087743218607696,-0.03760028145106986,-0.05237855982702255,0.003500766088269769,-0.0035682544903250513,0.00035339571164527683,-0.008258511974022609,0.0017859532774362474,0.00659273903323232,-0.016043572550973773,-0.011357221855409438,-0.018567459067815095,0.014519696069240862
2026-03-17,-0.01572700480926814,0.019007830667763903,0.01304363693245092,-0.007095191284414826,-0.0031614113816280653,-0.001479611990934826,0.003772376705263758,-0.0030573291733687613,0.011189861635520382,-0.028759192746550255,0.017762745521314738,0.01046045058511913,0.006893200496244978,0.004038502625894891,0.001140268459323135,0.028898909416406715,0.011111740042637708,-0.0062507924331008935,0.005039545001934487,0.03034006160138003
2026-03-18,0.014116844514839189,-0.001975441435869918,-0.007149184476362924,0.015857413883267668,0.0004368909877818794,-0.008405218748143484,0.0067695894741632845,0.010643715481420735,0.028016108889343583,-0.008594626227602209,0.007363321619555441,-0.006160299396035573,-0.007956273326795493,0.008774714149981211,0.009875716782114408,-0.008436804446011914,-0.0026641731651186884,0.017325855911811017,0.012714527608040038,-0.0101797486818207
2026-03-19,0.007664252461887067,-0.0005366160277552323,0.0043235181067278194,-0.005541431515171613,0.0023447003659307075,0.008445559997898311,0.01902067863140533,0.021409926886466257,-0.027020904407131896,0.009814195068740483,-0.014276154558757304,0.0012706603337906408,-0.013694900233969687,0.006958550342976544,-0.005228314966824188,-0.0032370630600513373,0.0010285903804136964,0.01102719967981236,-0.004982569277060089,0.004722989298740599
2026-03-20,0.004612366865230477,0.0009618810091938101,0.02086084168465474,0.01690693924327924,0.007973646709031446,0.006377478704603368,0.018599820988299376,-0.0028030122054668594,0.00343355572607984,-0.003107395225689813,0.02565028664094582,0.007535622677043108,0.01787470624812193,-0.024373756817437475,-0.002668078155123821,0.01285477357854381,0.0014637577909548671,-0.006493235356978877,0.01395739407603891,0.0029232193788386596
2026-03-23,-0.000892959591215936,0.016076682617802707,-0.016614146604438718,0.03463858058972891,0.005285914256789148,-0.017801343764552224,0.0010667605026430937,-0.010665746178364355,0.014638199332388302,-0.00954379555501883,0.001369042233594131,-0.016640376676089752,0.01645924743722338,0.013377212447722941,-0.0003773148715888741,-0.01270089753379311,0.019378872862824137,0.004316556398409999,-0.0016263240123348677,0.011086760198045997
2026-03-24,0.009647593689039224,-0.01855740626180491,0.01561059983038815,-0.022256937801955923,0.002296860164513248,0.026054776060261187,-0.011227635627577004,-0.019032986550262088,-0.0169158329594582,0.00586452559138495,-0.0028682705535977293,0.024447736038830437,-0.018176811057841635,-0.01630002784844986,-0.00016601587645914684,0.007598129898801487,-0.017723765427129834,-0.0007900078006751743,-0.0003386256537659671,0.00035555292765643287
2026-03-25,0.005666730774263051,0.01856642542141751,-0.008375553481921871,0.004324131573430812,0.00342321482640795,0.012547420162840828,0.002427463713096767,0.009882867838401976,0.009879209161119729,0.029546391254566373,0.024134245060835058,0.011142792297268223,-0.006514042284030519,-0.025182442242871805,-0.00101385567785095,0.012936046750713803,-0.005586307598839602,0.0035071280293903495,0.0006392039025220342,-0.0182332664016559
2026-03-26,0.0003592305219703995,0.0006419409994371517,-0.008283794711525183,0.012398687766387084,-0.00029522769250367453,0.006881388222204077,0.006226387470314787,0.002596040104808184,0.00924050592454595,-0.025928711511226887,0.03540880742842889,-0.018375489474372175,0.01133077175616326,0.024321510683808167,0.0011104213314359068,-0.00905582542398653,0.0030213995719434728,0.0023711877360519384,-0.006551331881484268,0.015788039903773754
2026-03-27,0.010365649115150921,-0.013750789558433563,-0.01850481546191518,-0.005186053814817404,0.0003337606105335844,0.002742306013785001,0.006597858650667865,-0.018646060002127762,-0.0002559736093796783,0.01852364682465857,-0.0027676113320770357,-8.309292923025513e-05,0.03042490154191313,-0.00975680677450319,0.0014195239550605088,0.008660110308879698,0.004049465973501976,0.0032392833473617877,-0.003743787752516825,-0.02040865312831397
2026-03-30,-0.007069578522956976,-0.015191626180061646,-0.04911058355255071,0.021348827846805696,0.009453444800153976,0.018233791370211527,-0.006217350859731741,0.009790401313667818,-0.0006142398757682521,-0.003792932459915188,0.02244433974947002,0.005545907928155458,-0.0034734700874031743,0.019626933844657746,0.0033632975022206413,-0.0014921848909638102,0.025867100223448736,-0.007116293517300032,-0.015429624928443686,-0.001981429539922308
2026-03-31,0.004969048073530047,-0.0182177365599121,0.0014467449401973642,0.021925276310676756,0.00509539035940465,-0.018852466373399324,-0.009824541821681687,-0.03128919464631319,-0.015580864988976706,-0.0033938321946259675,0.007195943434119778,-0.012194882964973508,-0.0002551913887398616,-0.01406111975779567,-0.007759323236283477,0.0018599082319787907,-0.0034160529428646225,0.00614395438986004,-0.003995148936960846,-0.01458169491872352
2026-04-01,0.006624338093881077,0.00029394520162306925,-0.02461456979529475,0.017450263023824464,0.001062013808756257,0.016096758748084028,-0.0007779389637746492,0.009820639946823473,-0.012151303143732806,-0.00542184245101951,0.031246086035578324,0.030367121867601155,-0.007104214394337394,-0.0017218844456298177,0.01247037952392116,0.02180633230178075,0.0056203422789868895,-0.001662776917147224,-0.014737095022878233,0.024170290375109094
2026-04-02,-0.002553150751657518,0.0256411392982685,0.02469509369255163,-0.011721201225137312,0.006618494210489656,-0.027630252207189954,-0.02106842213519655,0.0019343397043936061,-0.010979349981739772,-0.016093768150950205,-0.014003934722995437,0.003845412455854902,0.005735253332038948,0.026124814603580626,-0.002914349663603377,0.004757081640150984,-0.01954989954269515,-0.002493900734683585,-0.00907868328708672,0.01532664503147374
2026-04-03,-0.0008432804700447827,0.025075133918250447,0.006728186660022173,-0.0033555131438676167,0.010352512904487465,0.003977729306333666,-0.0013744689758660167,0.012937516957002959,0.003976306247320149,-0.005473823053085192,-0.0021744205113979342,-0.03520055289301738,0.005164065578299182,-0.0012033462973940479,-0.0043079523711005985,-0.004920309743160378,0.004059542113485914,0.011385697420660756,0.028109397788581125,0.0091325800439368
2026-04-06,0.01633879522284376,-0.009995545036791786,-0.006765144026080305,-0.006052458139359063,-0.0032716029748420805,8.873508211926229e-05,0.013260226363977612,-0.004203243364609421,3.837242148119202e-05,0.00934879587578119,-0.013849456280498162,0.02937710440328467,0.011667994717388108,-0.005273117012695838,-0.007113213195957924,-0.00942399591771681,-0.0048033482538494265,0.005117917326016963,-0.03546263151624729,-0.037892928696941275
2026-04-07,0.006880886543493059,-0.023066111314352766,-0.0018794103032502285,0.0057217039917107915,-0.0007829535287382505,0.012165312075513413,0.0003132423691643016,-0.0032541949273332538,0.018969697860618195,0.014038808580682183,0.011063172041914315,-0.018716214531139364,0.005991381007488972,-0.0005833280139786456,0.001607651880821459,-0.009214099931082131,0.003664710555640216,-0.007688871399471386,0.005978022550708451,0.010306952058394714
2026-04-08,-0.012187305297991058,0.010227678529217021,-0.009471040827533583,-0.020422213479601936,-0.0021155374298258423,-0.0006514365125187549,0.009617850332540367,-0.005430834858085265,0.012245965185562868,-0.011473025093394651,-0.01466588018725401,0.016671069651782666,-0.02370529898276863,0.002226214300638407,-0.0010820637347298545,0.002210028339643122,0.028245371194865365,-0.002370637100240436,0.001075104774554747,-0.009582838936464055
2026-04-09,0.01156971236731641,-0.0020458401362392076,0.02551222939123754,-0.01511314518200646,0.007235551369274118,0.016440557008129852,0.008428838997826649,-0.005412941237194047,0.006247462079608246,0.011510450170979292,-0.025424864750578702,0.01399146297028353,0.004273483021626667,0.005225322197620175,-0.0007438758732122297,0.0065322943023475855,0.0036495222737633615,-0.009124167703851938,-0.008070378812129464,0.029874108734079474
2026-04-10,0.014852330905586797,0.0046336814149254835,0.004796096064356714,0.03035584361476351,0.000549260394892892,0.0027760317038203475,0.012087260933659971,-0.0008382651275005149,0.003748179820886932,0.0010474402680562545,-0.01584825866245121,-0.009374407667602225,-0.0033152844983362906,0.013771929038639108,0.005029204269387799,-0.010775446349647,0.01859983442419333,-0.004093471426222961,0.010011692222797075,0.001760471427594057
2026-04-13,0.0030795804916088354,0.01885200736610626,0.0031351314960283982,-0.0076486126615623595,-0.008272329068302553,-0.006446021255754664,0.010832087169002413,-0.0029801700155062116,-0.013276284973363417,0.017171419655995113,0.004143847379557863,-0.0022004804853290594,0.01841035033788696,-0.03208216275561282,-0.0013346640155058598,-0.007839095717497635,-0.0006370973482419107,-0.0011312704289896391,-0.010233131097109327,-0.021605898711173355
2026-04-14,-0.011836265297698878,-0.01309401629278506,0.00799672254782502,0.03365100360521178,-0.013885797823744328,-0.006715411741354815,0.009460627866585192,0.010669183231285073,0.020391247531140078,-0.012549057936057761,0.003048130763138479,-0.03711897919718843,-0.02251520262598894,0.01032314603639728,0.006423785451785902,-0.027396048196831946,-0.0013623645710748589,0.0059813029246731375,0.015276307829380054,-0.009785009228372332
2026-04-15,-0.0010874338294531993,0.0045776509751451755,0.011845551774515739,-0.007953723204772833,-0.000402537092132893,-0.007148893963190073,0.006467604367005553,-0.011997081107709695,0.01591137520167929,0.002949205214390238,0.015258931735387948,0.008510314778927608,0.00587883498977515,0.002611969951373583,0.00525408666469529,-0.00420957070144623,0.01515948046525284,0.0037671275219539613,-0.008696926804650507,-0.039305732718061925
2026-04-16,0.0040535319786951796,-0.012440023491249175,0.012196488831810681,-0.0034149282648692214,0.014827692491534705,0.014527547474788571,-0.004489810726696963,0.0045672284500222204,0.015722618262372423,0.01699311699144279,0.014129787001085248,-0.007442467148616294,-0.014616001142201074,0.011352909603471906,0.005000235148461929,-0.007621786773638672,-0.02749384510658548,-0.00032222655782998544,-0.01726800956987551,-0.004877971533397862
2026-04-17,0.03201441867618526,-0.009246587161677255,-0.0021242868031289275,-0.009699245731694672,-0.008770031223301444,-0.014439755621295625,-0.004833445618583565,0.032314027118921285,-0.012357459591963882,0.007612977792914366,0.0016605567806764476,-0.0194639867554931,0.013673695015010257,-0.019081364874591,-0.005017082427412278,-0.003051142232644466,0.008446909866206775,0.0004463364232618616,0.008905026414517625,0.002053913492743309
2026-04-20,-0.004266643281623961,0.005064635521298655,-0.0058809119946141575,0.009157109799481367,0.0029228705213262263,-0.01363853104073287,-0.0002499881096367229,0.01564667644715234,-0.014367235191889871,0.005255983866451652,-0.010102694087830377,-0.024779040858547097,0.018189218414430997,0.0065984488641632755,0.001582192271524674,-0.004196452311242216,-0.005870064520507867,-0.002234563958903646,0.00587400023246909,-0.02711917877753811
2026-04-21,0.005149000209130339,0.029963853443728095,0.014369697814017313,0.040812623295934713,-0.009240749734019338,0.02313100075941943,-0.0016305387917153746,0.009737731839090769,-0.013954473487692853,-0.017953860849348913,-0.0049335634157688935,0.005754044700589267,-0.006160419690406482,0.012252932367900371,-0.008305509941184841,-0.0013329858184427668,-0.0015804255591486127,-0.004281243074339747,0.0075606058159061185,0.0038599244100960828
2026-04-22,-0.0038212783943932793,0.029027763027209552,0.025832749501832897,0.02521174210562993,0.009844141549007368,-0.0015104908765400937,0.01869921123268048,0.0017332588157414897,-0.028101706632759904,0.017586691417975864,-0.022015410327208884,0.005130438842916529,0.00041906209166175934,0.006364721751420888,-0.002945324423590856,-0.005251240651530487,0.006618666801977424,0.007223525784675555,0.016991621930658285,-0.00878304979866662
2026-04-23,0.005252897972321646,0.0015573196474192308,0.02905475121537071,0.008848333368902228,-0.006762189453723533,-0.004093162350500834,-0.006008079292450841,0.015986021106069614,0.005013054837622155,-0.013249678331670678,0.018100036058378954,-0.019240121689681366,-0.004469559727209194,0.023573049802384505,0.00024127518989947028,-0.02244707209514163,0.025876879989159995,0.007082228441812832,-0.009094663173610629,0.010958503038554612
2026-04-24,-0.01647379377230418,0.004281872937319964,-0.011029982278207728,-0.026489080450334712,9.386417914925005e-06,0.008521239694514904,-0.00970579060207255,-0.03292610039073551,-0.0009039621297778355,0.00741126269763881,0.005445607301600486,-0.00430701120502508,-0.018843563756047454,-0.017961502102853966,-0.0028296406529785267,-0.003217557623091394,-0.029261260729896765,0.006431017964333652,-0.022505399432394158,0.02598006462267577
2026-04-27,-0.0021454543472332332,0.018164668573583898,-0.024714973309131305,0.008141244986957563,0.009647752799876175,0.014890353823723501,0.025551930650984156,0.01808088703792121,0.018460674327130278,0.015780111419341436,-0.024696753211854494,0.021301423361927307,-0.009233518044580724,0.0018440023031047748,0.0003913552919219132,-3.4541457049508395e-05,0.002094007971804146,-0.001153485668720422,0.0003324784496254729,-0.013569346531676185
2026-04-28,-0.0028420478914295,0.01581812780192582,-0.0104048593608711,0.025455760021544815,0.0069225392977538824,0.0019404627296313315,0.003248602286300306,0.0010867436586239343,-0.007900378680777198,-0.018406288738292864,-0.00544520081173816,0.01820830689006714,0.03469999714915106,-0.017073903102292398,0.0025951076589376676,0.00990654060716789,0.006099102739802742,-0.004674105165624831,0.013100984671808202,0.04087999347323423
2026-04-29,0.02259411607553985,-0.010231269313311198,-0.007163750355061782,0.002580806344072206,-0.0002521607756985622,0.006606814981298559,-0.0012395648810068494,0.0015308756373655363,0.002639758715863305,-0.0006804888240418139,0.028778722634779985,-0.009722651369526214,-0.009500962909729016,0.01955246457904547,-0.0019674212119595857,-0.015126743953720378,-0.009535742261363778,-0.00129785640385649,-0.0029245195388282186,-0.00044067849126117054
2026-04-30,-0.011515298835326981,-0.00669502577749248,0.01309578635322528,0.0039055422026592623,-4.5308592825921146e-05,0.003977293400444282,0.02150605955735574,0.0035604953844776688,-0.00397644080897841,0.02697215205704695,-0.02415173681919358,0.003659727494895959,0.014540272866803594,0.005850831442800075,-0.005193136395078346,0.008805713912821034,-0.0009072109339711698,0.0026716537676703123,0.0047564070309706885,0.010847989178972561
2026-05-01,-0.02232471756053389,0.0013679655518386014,0.004000676034603634,0.006307260877816967,-0.0036034944390030965,0.01744647266280719,-0.004229782207522126,0.020758042386492148,0.016719806925859837,-0.024362660331789465,0.002636725793336625,0.011102431487760134,0.004218953033560124,0.0007590394318115479,0.006789880506505419,-0.006551951847814541,0.03206314706455182,4.6452668180041456e-05,-0.01152060023258994,0.016813150056019133
2026-05-04,-0.00869729771530603,-0.00172446959714867,-0.011870241325222963,0.030075829185483016,-0.009792966329460695,-0.013053380093232536,0.0022358709965608625,-0.010848529811579799,-0.02252145687750018,-0.010761740477158721,-0.00472921778821811,0.017764052020312615,0.008350640117400498,0.008261768300488637,-0.002286528310367353,0.031094994096401818,0.0056348471447742465,-0.004607465759222662,0.0011739878549195115,-0.010775993411671347
2026-05-05,-0.01832222788925919,-0.010406269917546118,-0.025747236043851984,-0.001745322362492585,0.008513831075610767,0.00029348780316640344,-0.0028389222977361905,-0.003290532898000298,0.003885889513570495,0.04726299749773144,0.00898737077829792,0.028054454800242157,-0.010634241709937764,0.02087541865909115,0.010081611482780861,-0.012559696093811246,-0.006730518879429992,0.0029588269579552406,0.01868624341034053,0.006575369963903066
2026-05-06,0.009969160594180959,0.00797332007262308,0.013463275888931259,-0.01495920265753481,0.006305777619169062,-0.0003105430340634152,-0.010965958986735358,-0.0008911047586311893,-0.004389447931401391,0.006048904230134156,-0.012477547084194018,0.006578252099121329,-0.01674664122723002,-0.009023625593066686,-0.00044915965259417767,0.003041786333711549,-0.004108451809744618,0.0036214940354259983,-0.004427741658443729,0.037908337355681665
2026-05-07,0.00825010243022084,-0.005813191064651058,-0.02330241082659268,0.023574716431436604,0.01031243359100209,-0.0019588732101498696,-0.0050445414291133694,0.0019062383512509218,-0.01840271882585176,-0.023678605416362575,-0.008653361340796972,0.02355494122636248,-2.514791772512126e-05,-0.01955652726887802,0.004522721064285751,0.002086984052426244,0.009506243441538498,-0.006291856319456168,0.018447962959488473,0.01716206144079324
2026-05-08,-0.0072545601588017705,-0.010239805341378139,0.015615748394120388,0.0159396227644375,0.007079510171317471,0.008667537686968041,0.026604909604325933,0.0127742184611368,-0.01778239712453622,-0.002102207274453982,0.0006594203442606972,0.008479380145758775,-0.0007575545811018269,0.00555120425078548,0.00381087721917428,0.016216465195918905,0.022039267207931257,-0.002772385789239551,0.018659498317313616,-0.005667393144353161
2026-05-11,-0.002897193405167253,0.005143609179695474,-0.007249910867265008,0.00402196712116587,-0.013597803307979106,-0.010565800468164688,0.0024529028660185137,0.003427242629854277,0.0016091928282873091,-0.012151488197363336,0.0054151339197587856,0.005072138209397448,-0.01433256237759084,-0.009047173745208803,0.0023183787352878404,0.010592535754244459,0.018584773149327383,-0.0012582786157478987,0.03953799581751816,-0.023014810626351356
2026-05-12,0.00017878475003341165,0.0055481759858211355,0.025030976242770064,0.003390501156440795,-0.0018283831431696873,0.008733334411578308,0.00045166682863739815,-0.0025693313068537726,-0.003945763169213357,-0.02093143212330939,-0.0015855745308244185,-0.006431007988676907,-0.0034173288098992005,-0.012627280046380807,-0.0027484152882015778,0.003271301853996933,-0.003493794675752171,-0.008290466984903322,0.015743878227705732,-0.013320528510325613
2026-05-13,0.0017660280493376757,0.023083073157317724,-0.001156637172061048,-0.027400994452541294,-0.006381783014025144,0.007362127025358989,-0.0008246130375330063,0.018164061698360268,-0.004605779815147315,-0.029148236230491786,-0.000757671085416689,-0.02439274052751017,-0.026053087505147787,0.00991551958806558,0.0010586405529355858,-0.00511856770040886,0.013760597060370916,-0.006313160516173699,0.00827919104392505,-0.010576753230240876
2026-05-14,0.01895122302068586,0.019966428180646423,0.013266108610611838,0.010457245335133036,-0.0015159783205598298,-0.0064306545890919775,-0.0035017360398970077,-0.005213943650821173,-0.0013449681248025591,0.016598261031581574,-0.0011188780500783757,0.03198113899799804,0.007175568888819761,-0.020910913808065645,-0.01029806863210958,0.00908354832297098,-0.015123745659600285,0.0038490396651549297,0.006098276168294836,-0.023653466299411008
2026-05-15,-0.01151324673984766,0.008890718471343817,0.009871905395536062,0.010037677631410613,0.007954079568256,-0.00591268850506399,-0.013015454526431935,-0.01416878010783651,-0.012956602620556867,0.002135666068075137,0.012001007397099306,-0.025784675351493203,0.012307703213638277,0.025656163085488348,-0.0021627349241225557,-0.013146280024012968,0.008146420517505026,-0.0038615834888290346,-0.003516857738178336,0.004721075554785292
2026-05-18,-0.0054939493247953,-0.0033607130952280073,-0.03435206949010916,-0.019226177958275414,0.00422466710917857,-0.014915238169060374,-0.008674615749193815,0.029211051270132682,0.006421525987405197,0.018834214349396916,-0.007434393019422947,-0.0066971506474517994,0.009829431791310128,-0.010320398438631084,-0.006386734978080955,-0.007675569475207755,0.0021659029019442944,0.0054733067823611314,0.01809658684620774,0.006887610201246286
2026-05-19,0.005481927879720905,0.003824675627425167,-0.020259960103345964,0.005873569438694215,-0.002793256982748904,0.022496424516165625,-0.010011371711159733,-0.014332508333946392,-0.01992958366689157,-0.0026053778074630607,-0.006964537192064357,0.0009905516122177271,0.0034768229666084505,-0.027741408034277715,0.0007735361316432154,-0.018652240010593846,0.01761162805936589,-0.00633182746496852,0.0061440160394188315,-0.02299758457402945
2026-05-20,-0.0027055362652843584,0.006259163374945587,-0.016331177330687563,0.02247068286020104,0.004730114124614104,0.005181896932464847,0.019361026079950383,0.009331835715772119,0.02387200291345315,-0.01581668419302118,0.021761497738175484,-0.017563586641891282,0.0011233918936661702,0.003926966657324726,-0.009645178429030565,-0.0007350280948466015,0.006156691351501431,-0.002816734016951372,0.004891296578405591,-0.020759449158884058
2026-05-21,0.020699187173514932,-0.011434279478634735,0.01474155596507476,-0.01791692176907178,0.002905796288652729,0.014024701323623212,-0.00677944800124719,-0.0015620324271286012,-0.004391521748343674,-0.021601034864032864,0.019300872034638816,-0.017553095064378743,0.0032581423857553915,-0.007874842555775086,0.0011591066862310928,0.012465104683822004,-0.008194351427680546,0.001042364505857707,-0.00528933489184813,-0.01971899151813772
2026-05-22,0.006147324833414292,0.009805187808754834,-0.023305682676764916,0.008966612510357574,-0.01597810831336499,-0.001592977187717004,0.005397284574738759,0.013716070234729871,0.014372677879454843,0.0027585902822315767,0.008556460181865955,0.0007523049483944,-0.018538194382437423,0.008288262352472486,-0.003124532147156245,-0.026452322102421655,0.036086038588689195,-0.008923785450979382,-0.009023140629954463,0.0013653638328019468
2026-05-25,-0.015204168677821484,0.011768003765732393,0.009692072384152262,-0.009311853529644143,0.01633184976253066,0.0025370878313819567,0.013110824330031079,-0.03151145661068999,-0.01507377019818179,-0.015870287199506672,-0.012622079170264366,-0.015997164772247774,0.020874016745471735,0.016059943948510735,0.007707298405868812,0.014889578708432882,0.007440600670150621,-0.00253617896895586,0.013661759763566428,0.014525539050615821
2026-05-26,0.0019394422917495824,-0.03341708521333586,0.018976536396450916,0.014480295479740724,-0.0034008410238111075,0.01486514654391291,-0.010469788656684798,0.006882568570964587,0.04028318961854249,0.007268595519406729,-0.018610171736163972,0.011737627480367108,-0.0011103896465894936,-0.0015821634556680841,0.0011078858772066713,-0.00038286307242985096,0.0009226042228522857,0.007772575801090031,0.005003600640038908,0.0006742158832637735
2026-05-27,-0.0123929094783094,-0.017164759857835277,-0.003614192763718327,0.004314022021281838,0.012518006886552913,0.01734347041892148,-0.00427784246403673,0.0154324939766326,-0.006347069470915345,-0.017284252825352397,-0.0036275588752819887,0.0036714125979138146,0.0031647426910832444,0.006886699834722343,-0.003348315973969118,0.00022920915313640045,0.013664413812581877,0.012859598133788452,-0.02367035903127912,-0.00034425595490816807
2026-05-28,0.007275383017767423,-0.0028126875664326034,0.01124549750053716,0.02536524990604483,-0.007119004201554757,0.0031442775994861005,-0.006459175708593445,0.017449519536807623,0.011281437472257405,-0.010332082408021304,-0.005839302101932287,0.014444162017536177,-0.023905184300549776,0.010153200624092973,-0.01333609259089219,-0.00913843827611105,0.004905248078020286,0.000359982350398802,0.017442906621145893,0.02750873944901766
2026-05-29,0.020162570186007533,-0.003567150313002476,-0.011429100927439095,0.010158254639894393,0.002994332903654362,0.008052617875275114,-0.013144919872588368,-0.012269648032074199,0.010429373231914285,-0.010719174304421153,0.026936247868456276,-0.013571442735771932,0.013114736257320958,0.007386160507428796,-0.00010900469240049393,-0.009729313729866962,-0.002216842730240365,0.0024277214084116316,0.007673068173747355,4.1907377124061895e-05
2026-06-01,0.0031936375827179564,0.019643362943817966,0.003937634635694742,0.00772914268883107,-0.009709711569690693,-0.010006073307541552,-0.005306685890966167,0.015968908159375905,-0.016464654068337414,-0.010057513245869565,-0.0271021470455709,0.005378115165028063,0.006366353090179855,-0.0007513910387461076,0.004754932085598407,0.009449753350782242,0.003538731078628121,0.008455684603392521,-0.012701817587126185,0.016044402187808338
2026-06-02,-0.015185833919010516,0.015306523107273096,-0.019894511035148832,0.0013666199010344826,0.00633073725202693,0.017981115176886497,-0.005157465996103783,0.005203216009003864,-0.004322709542836534,0.004037714214329524,-0.014610300719673952,0.0041607108526076075,0.005814046454684307,-0.004832936424546741,2.271783656504489e-05,-0.00405197778444033,-0.000863699903606463,0.007500477139864126,0.001269216651524685,-0.01828001570077553
2026-06-03,-0.006684465058218847,-0.0007511187601032532,0.016209094472037222,0.002313162148157799,-0.0031881358424822315,-0.0044612760152850095,0.02727461079722171,-0.0067078232158691575,-0.004076627615781647,0.009309427167904172,0.007533145300610222,0.031925695581718205,0.011784829444938305,0.008973217169959469,0.0015522651338837345,-0.016064667712316294,0.00494531419913713,-0.0009065268056298592,0.01638596334991771,-0.016769792649827586
2026-06-04,-0.0131864739198857,0.003964552371445551,-0.012769821954505156,0.01274125536122317,0.005550480029910432,-0.006577383107488122,-0.005529569665140954,0.0031450561201777916,0.021359672726001255,-0.017097658350770484,-0.013855976409475779,0.014048946004788121,0.009657389030938601,0.017457087132157323,-0.005883771591297826,0.00877092050682693,-0.007790945802767291,0.012544862417674274,0.02185912850484595,0.011004604191408474
2026-06-05,-0.0012464408026776619,-0.005595587957698656,0.011177165323135396,-0.024895900012049554,0.008572598464898551,0.005774977316290286,0.007270765101066168,0.013888682185768442,0.005533503701464326,-0.015629643474642796,-0.025790185067029348,0.00961855444894888,-0.0018365600519677505,-0.003669273370864423,0.01743893797376228,0.00810275387415249,-0.0068638023282291405,-0.010626747908484613,-0.013226966329394685,-0.004706971944910432
2026-06-08,0.011524565397856845,0.0029942331456465077,-0.015370515097616777,0.020918309534484925,-0.004837773937221179,0.018334124803859986,0.02069907868727694,0.006841924864083859,0.000267645751816703,-0.016539733411657265,-0.020149931509157448,-0.02064870967323762,0.006838351302852486,-0.0009320453276113749,-0.00018701362666428967,0.005016902266541834,0.00672845078728912,0.005992484033749523,-0.0017770657325512085,0.002535229159055463
2026-06-09,0.0028738697806294233,0.022726223591813755,0.015689075116475992,0.002931206592021951,-0.012727236505803208,0.0004559176201419657,0.0007706755676335497,-0.035335543500720656,-0.003562185023798903,0.017449833510519097,-0.004369890225120354,0.008541493509457876,-0.0021948744602828807,0.018277611747602007,-0.001863081427729285,-0.01705449761598643,-0.0025208981036058953,0.012436799446479796,-0.021641949703684715,0.01538477248415937
2026-06-10,0.012434017377543238,-0.002594294175997214,-0.006374569818106579,-0.001167987616695454,-0.009567400630901113,-0.00014112358403939318,-0.003857915330081174,-0.013517568945696223,-0.007209022441791002,-0.011120983425434772,0.014239940538175677,-0.02038239680130749,-0.00649730855229691,0.0025668476038613885,-0.001708006853532007,-0.025363689623379426,0.004587947848993412,0.011725455127905349,-0.004779280053137769,0.04551144390839612
2026-06-11,-0.024812466437706182,-0.006251830847664563,0.013909165775049637,-0.016907515598351686,0.0227224133430326,0.001479233570225169,0.010147191637170483,-0.013516262771850585,0.037057737950835445,0.008954661543344455,-0.0038692351561956384,0.01235933402169942,-0.00018881011790372604,-0.013068041771996275,0.0007903927957824131,0.0017501423315382514,0.00904670248280337,-0.007591894093138318,-0.002735005314484007,0.020932422256703775
2026-06-12,0.011178459714016542,-0.0026901455013039755,0.007675717568414342,-0.04537108329451567,0.008780836031200945,0.012726097396731806,-0.001217695241182537,0.0024238316486124845,0.03919292716685585,0.02055762990281851,-0.01451877273727098,-0.010837055976931076,0.008875915180715843,0.038375767305352415,-0.0021258922786223655,0.0018500627415138915,0.00044525489760749437,0.003211924304472591,0.02436027755153969,0.0020186436663520713
2026-06-15,-0.007097373915533334,0.003673994914939138,-0.00035411421377695707,0.005932713550314217,-0.005503264051331391,-0.008411812669894103,0.0018691335711282786,0.02273155650046821,-0.023210878205406016,-0.0357871410139039,-0.007004790947498285,0.002214455162195428,-0.0006945044106545506,0.02393728339180279,0.002157829524008781,-0.005651920086439999,-0.004378552988365758,-0.003206767193689619,-0.014062740536246676,-0.0047265813662589196
2026-06-16,0.005812590108175364,-0.02242723911208555,-0.00562978123414537,-0.002638226468782312,0.00013391770285942073,-0.015623042717717306,-0.02076923573774303,-0.006961380455475341,0.001855069909196816,-0.02173526027798256,-0.0019826269080023273,0.02051851859107834,0.00253346467602511,0.028788488704858173,0.004159861706253931,0.009281058453844748,-0.018440383509791936,-0.006071472857718474,0.002606455688732856,0.017464318273410884
2026-06-17,-0.012613113991150948,-0.00956128080579055,0.015374180141733085,-0.025323339870624628,-0.0037612864235464505,0.01477003274286881,-0.005849076861214608,0.016338270864340032,0.013434033868612971,0.02182562018480083,0.0017589897907908103,-0.007489182420689522,0.009367516554816824,0.0015034799946582744,0.002889018573387192,-0.00367056346542205,-0.011501118702664237,-0.0039595595013725005,0.0023407271522455364,0.041533988087852025
2026-06-18,0.007921610449890926,-0.0072912733234898885,-0.028584777721485044,0.00943474565047664,0.013134218248689322,-0.001689415917948689,-0.0039051544208622557,-0.012614445177150935,0.013754862832769943,0.022688495521176577,-0.0022633419990795156,-0.02739371902002463,-0.006171598109669718,0.007277738734249084,-0.007519085394987912,0.004477040524562881,-0.00736614901855237,0.000941245020678716,-0.006151358704164611,-0.0024128363312960754
2026-06-19,-0.014495914599694348,0.0025915889080774246,0.027167793616198255,0.011178956285163855,0.007532413419887307,-0.002531295436238312,0.0016713276091255835,0.01183199317197503,-0.026072489657575693,-0.025109909657035412,0.007046536112947033,-0.006149519183526797,-0.01583376148821758,0.00012218835044186527,-0.010507659777534983,0.0075006549386371635,0.009388217765948559,0.005698792369265515,0.002047112239563109,-0.02420098894820155
2026-06-22,0.0012403713872126687,-0.005270717753643517,0.010273834986261221,-0.0024922408023636544,0.005117696740890132,-0.004121104381046292,-0.0016019533397017005,-0.01654802951644674,-0.012782460391778216,0.04942024460494432,0.015054696607695206,-0.03712687014732852,-0.006541601219420268,0.01020339267185899,-0.0024831704502354945,0.018691159377746347,0.0027433533170508895,-0.002602646744550019,0.015380422732783838,0.030454068673562817
2026-06-23,0.0024507971088418845,0.007657903236574004,0.027404839073290388,0.005254949938447551,0.0019153577333643756,0.010386948818426722,-0.011199836681932251,-0.0008461232423104814,-0.004623753445612944,-0.01959857111502994,0.02298439608652081,-0.004252718376976716,0.00427863878790169,-0.007852560740082448,0.004364743147656336,-0.0065882576068827525,-0.016166246723055,0.004938503542691208,-0.014548612938243943,-0.03130170042311664
2026-06-24,-0.0037694485218950913,0.008037047061990155,0.022450646857667733,0.034333609340480686,0.0024748125209945737,-0.002189556868139708,-0.012878366860490265,-0.002912386494452912,0.028619544354694382,0.011712070467533975,0.005843887313985663,-0.011197504634996025,0.007223410400251096,-0.0001006471887387006,-0.001882712484343907,0.00936426369007659,-0.02038940425338498,-0.0007459505478581985,0.002773628661908223,0.027385345902750213
2026-06-25,0.002640359026410577,-0.01209758141600692,-0.0029734602312899705,-0.009676475249198124,-0.010058755376169737,0.002557335456326193,0.00013799165166172855,0.017614407617247974,0.0010631060971340034,-0.013511243088936475,-0.0178124639156807,0.013239704882985315,0.01670941540207216,0.0018611790227336389,-0.0042512470554000314,-0.023338166231930746,0.017036916964763282,0.006661785354609817,-0.01018050783710378,0.008887152072122984
2026-06-26,-0.01434735083456451,-0.008162574147048463,-0.013505140178282748,-0.004964068581304382,0.009455581352368014,0.006046571679133583,0.014003614125015273,-0.011635256480968192,-0.01768307334185326,-0.015949943115487697,-0.01297656726172236,0.033991471671103834,-0.005822807482152692,-0.009352764537477354,0.00266471993833739,0.006083435423653638,-0.00011495888953783062,0.00690740886916319,0.004887720706342247,0.027549413370198783
2026-06-29,0.017257033559203494,0.012123977789733509,0.011119134770606331,-0.001290023774277338,-0.011129367498230791,0.0030596087277607875,0.011425057939980166,-0.008149987626596245,-0.028342239157920335,0.015427088226616537,-0.008364322153727954,0.02932382543044887,0.006515034481580972,-0.00271794860197061,0.004245045117950097,0.00562640519904134,-0.02075163015404169,0.0053101042558125755,-0.0001401173177756343,-0.020729055142843622
2026-06-30,0.018119450880374144,0.02787377917700562,-0.011892072349896976,0.004472517871082715,-0.0006510170412531435,0.020508722217196906,-0.007438977095524768,0.006460343366393229,-0.011769853592379032,0.005643285471557791,0.02040675086424626,-0.02051794896277137,0.020991771967817874,0.02213650202288897,-0.0005791758586407569,0.012112678396125842,0.0021858128814054023,0.013103979458436443,-0.012291194841902997,-0.01319356890420853
2026-07-01,-0.012126830720809334,0.008975211226308843,-0.006245905899160631,-0.018072524555794445,0.011090665045547787,-0.008682413571288072,-0.0177117620475139,-0.0006706895032499993,0.010761420932230648,0.026534051322380403,-0.013566792646568016,-0.007238057450027702,-0.004986232440770233,-0.00026657545402020144,0.0048372320608185415,-0.005439006467524599,0.01837437923840768,0.008395382334332346,-0.0029123227212399794,-0.015112236686720792
2026-07-02,-0.005136325787476803,-0.007955232047433425,-0.005714432524066226,0.03270581737233935,-0.005747461738662252,-0.004929323595828983,0.01591807396868039,0.008123848876090856,-0.008462494784060026,-0.005912560994736804,-0.02169685864491966,0.015454493048880913,0.0045729450848359665,-0.013844422691068892,0.004182571011537073,0.01486887163056183,-0.002977658600933797,0.0037725725710340274,-0.021748863288721276,0.012077654972678875
2026-07-03,0.008953326185353827,-0.012050318969615947,0.002509871300206523,-0.016781210422647796,0.007868954125936911,-0.0007170337716453368,0.009598949320963168,0.004432543902255892,-0.00809827852031142,0.03230956114854999,0.0041154541123100685,0.010449040527102715,0.021529493505934694,0.013639780688772474,0.00412538845100574,0.0015215177683371994,-0.0031377343443997896,-0.0015700160179227263,0.01276692057901374,0.014970779181256555
2026-07-06,-0.014253401358216067,0.019466859637183864,0.00400722645694751,-0.0010392304132850194,0.0032788325944614893,-0.007404449935924151,-0.004216670447277027,-0.0361210050220383,-0.011450155051816013,0.007248881201210811,-0.028105422638116773,0.017363324674383174,0.0038441800892639044,0.00219443698258992,-0.0049656418463366325,-0.009869282004994484,-0.006018891894449263,0.001076296089524531,0.010055952877757734,-0.021341379607008992
2026-07-07,-0.012071323910114007,-0.007235667741109952,-0.002944226759765134,0.013828597409053511,0.007265940504987967,0.0010604713995809867,-0.0015670907128997325,0.008529512731312305,-0.017981511603745726,0.01741839597778827,-0.004349783613451841,-0.03381786892169547,0.03088237670718552,-0.0024811908700272944,0.0008045995013687968,-0.017926761349352116,-0.0005419448157435447,0.00033105149692680413,0.0036356840202540486,0.010479329909867996
2026-07-08,-0.007778585963229334,-0.0006206369733772199,0.014905130001944489,0.02190064053450924,-0.007843172955156574,-0.00018986482215843647,0.0013996648478005191,0.00035614386455007363,0.0008651654845726053,0.005617936788284705,-0.00463291691365364,-4.993579934897685e-05,-0.020817643332424085,-0.002008221474083527,0.0023670109588602717,-0.0041599717224809485,0.00043630780260373037,0.010325796848735802,-0.024070738675103787,-0.01155527500699094
2026-07-09,-0.0003127872505782614,0.020453263521235332,0.02150118914360344,0.026400619981446383,0.0006215840542209694,-0.0005691966649220559,0.01195602976074106,0.0013008494273185622,0.01209744724298023,-0.008471512279388915,-0.015616193932956879,-0.009995045290291715,0.008520366734243723,0.010574790559239489,0.005829385033936374,-0.006685578595098218,0.007036135143782651,0.00409258632029319,-0.002302835425105898,-0.011306341569922496
2026-07-10,1.85256936879874e-06,-0.01332030645910287,-0.013911797555947403,0.008240100970739794,-0.0023521801751084093,0.011226223521758394,-0.02550839814602457,-0.02160055955637341,0.02865549130390832,-0.00672489792710973,-0.0208919529917011,-0.00506647976441954,-0.011865434815547249,-0.0028229358680912364,0.000510133834015436,-0.012930765614677764,0.0028408327228131025,0.0038034507603486034,0.009063109535313751,-0.024230837822373785
2026-07-13,0.01151718826185033,-0.015004356018108012,0.019015306480112848,-0.009257490306767924,-0.0006177237049977968,0.008365335588446321,-0.016395917908696434,-0.008789644931839646,-0.037926566845748466,-0.010462049052640587,0.018423143958823607,-0.000940630338944537,-0.015414960554960278,0.01963416063673651,0.004057598380490468,-0.008898250263275287,0.011687799265613252,-0.007675649164951004,9.562427595044554e-05,0.008533384033539093
2026-07-14,0.001594776148912791,-0.007750140050176713,0.006863297680359759,-0.002536919258793291,-0.003613774550382809,0.0037980906178141094,0.01262750269219759,0.005945013681835087,-0.00594625548932548,-0.06167265403277222,-0.007861000264838824,0.0012771616008235842,0.018066587943981638,-0.010277251761577566,-0.007681951510385532,-0.00819064424324778,0.014886465514263314,-0.005224249451456386,-0.028373193340284875,-0.020430202479866932
2026-07-15,0.002019177221292967,-0.0006528685080463559,-0.006839280969559325,-0.018132197821448925,-0.01217470709558166,0.008180871378473453,0.011033505849356029,0.010177576986428516,-0.016881758200019137,-0.009189780488309651,0.0041578817011285185,0.012218182149135615,0.034391889793881525,0.02343361755955331,5.975823390769186e-05,0.0363966152248123,0.013491200348610066,0.01094480213366178,-0.012652458551203005,0.015456979586735198
2026-07-16,0.009979471423756658,0.02399933834823198,-0.000356363348378963,-0.028032610445877792,-0.004253600152867354,0.01069639236707487,0.0052640445752027976,0.005111272884678719,0.011051453138800627,0.02196976267289208,0.0019663950902744087,0.014722412227935022,-0.013525112578173237,-0.01616108723520504,-0.01156858673973793,0.0034547204902735107,0.02842849905945899,-0.0005393165172686842,0.0029578931126870156,0.010277189835762757
2026-07-17,-0.010250068298861992,0.011679551128006782,0.016109027010272836,0.007729160397969892,-0.016372681361885966,0.0019928308436154563,-0.011090140744953736,0.011766673677330752,0.009684881512507904,0.0021494766028069545,0.013903475918335184,0.005559932714744864,0.006499938033101227,-0.009478465324202823,0.0033777203550620083,-0.00999721021301525,-0.0016244471933375415,0.002923529981588846,-0.018397033515088923,0.005811291529321361
2026-07-20,0.0013634071232446754,-0.017268227704326233,0.00735970529113561,0.0216353033916743,-0.0093660974881985,0.0037677435805885118,0.009589522627254654,-0.01188986267447667,0.008406776721474607,-0.008831304850487887,-0.028543568186521262,-0.0219189016601834,0.002640908391632113,-0.0015617669098133558,-0.000682330449415236,0.003192565288199889,0.007441031536914,-0.0028648751775485204,-0.02336788569719561,0.03930022130856292
2026-07-21,-0.02041970001909932,0.007426121327319679,-0.00465388909450315,0.02299323342184101,-0.007995676727947987,0.010055722201947281,0.004987536629322387,0.009909873963315219,-0.023345679930599994,-0.037337824777239015,0.013213896894202826,-0.01539540443013554,-0.005885284214583342,-0.00013481374162194193,0.0027653961420641693,0.007937800270970241,0.003161013858542283,0.011285395821273969,-0.008919161024522504,0.003532929163129639
2026-07-22,0.013291385642252296,-0.01713365658594157,-0.0024068140782539382,0.0077886769921966525,-0.01357765773861408,-0.0008019123687895702,-0.006876293638454323,0.006089086907512309,0.009592855516474375,0.021447217648384642,0.020834878135374213,-0.009107806305668209,-0.0074591875150902265,-0.0014105979991718698,0.0033503716075142798,0.013097861993463411,-0.013692426491040632,0.004240744886330194,-0.000929369657146073,-0.01879304788107039
2026-07-23,-0.0190628176861517,0.02400288152274621,-0.0058906750950263875,-0.015509308894009477,0.012168630380218426,0.02487822382539151,-0.009832904768497741,0.01650936338581732,-0.009894190347124687,0.01567502110910035,-0.00488290312808648,0.024427305239774988,0.01148469677635644,-0.013907936573590574,0.0026912499000195655,-0.0031316664742235822,0.008131943918922246,0.004507528062493993,-0.004867107917241875,-0.01674153063952466
2026-07-24,-0.00492815567129945,-0.0008066832877079433,-0.012043004964155113,-0.020288048385439517,-0.0038229690571820463,-0.005670316631892325,-0.02226364394429603,-0.005063312849623136,-0.003889080836044556,-0.01690726404954135,0.00671967493663117,0.013571209024523023,0.007938060262584479,-0.007294384196388504,-0.005305740447515528,0.013243023854011327,-0.0021667981426339855,0.006775205877855184,-0.006933106602297845,-0.003015846558035773
2026-07-27,-0.009179570439736273,0.02056352818734264,0.01934550289843906,-0.009857714198064915,0.012927171356038603,0.009870819220586302,0.006959866875145604,0.008285331158592868,-0.00523016251314723,-0.0020414188277396716,0.030045382136938636,0.00562213276899981,0.026797918613587157,0.016741396591406055,-0.009480250447955973,-0.017535868326194914,-0.020728796687318307,-0.0030679089264141757,0.0017848506204733994,0.006891216715039672
2026-07-28,0.023037212333740564,-0.011565189623601757,-2.1816682440056745e-05,0.0007896861757989981,-0.002103076937836068,-0.019504194289695298,-0.005691166435480066,-0.003669180949924855,-0.015556796387243166,-0.006480548963826771,0.03717941276392822,-0.007542446924702739,-0.0007370184229702481,-0.021872125388402663,-0.0023584463644732434,0.019389015195089288,0.004307297498032936,0.0012371479548933806,0.009182877600280248,0.04222399882187955
2026-07-29,0.0016008481790510398,-0.0003178940367536409,-0.0003050508139106345,-0.0021562736291351747,-0.0003396779682053319,0.006543832474491529,0.008853402076382633,0.0061711981730692145,-0.01944840137359527,0.007416593530882087,0.008433553083307288,-0.007695748072968245,0.018503784884673857,-0.006161074087162932,0.006540341268195249,0.00831162242993666,-0.016787342300817243,-0.01116316540176765,-0.036499337925845254,-0.00048266167196819865
2026-07-30,0.010132229842257923,0.01177062092876513,0.0016846742831713168,0.028518267835917932,0.00033843508051134563,0.02039108241372012,0.00014653129372033113,-0.0020252472538752064,-0.0036020887034436955,0.011989378903429548,-0.001392588702621378,-0.003838196007237671,-0.001387381037580071,0.023071015079972446,0.0009070505676351814,-0.0037003679128863043,0.010219972086799478,-0.01402405202464918,-0.0003513242321225851,-0.012181099873411982
2026-07-31,-0.01625775742152824,-0.019577209995268796,-0.0027791492048795385,0.010745490442734207,-0.01396960876641129,-0.0027508260996477185,0.018758499080103297,0.0018016774245328548,-0.024591764146503547,-0.01200716713085792,0.0018466704166135717,-0.0026051536930118413,0.01518742086173619,0.003866263469107345,-0.01484556075050314,0.022042809336410008,-0.0005286315075283543,0.014147038448016902,0.004659786171185676,0.02203112746949598
2026-08-03,0.014569460124533196,-0.010296990236821624,-0.0055114590197609115,0.007537947224729669,-0.0020251668226572983,-0.0019980864687054734,0.001619333083471508,-0.014362586911629394,0.008786065676615218,0.018495424070547273,0.003882091362058304,-0.033393796834458866,0.021958017681683595,-0.028087062175692568,-0.005384001308236019,0.013510823793973392,-0.006281634315556395,0.0028502111673740504,0.018296276074254214,0.013020902713091642
2026-08-04,0.008305231207049069,0.0056659354167440945,-0.004764607716931768,-0.02929609340235384,0.004002851905963389,-0.0076536983860330254,-0.003571248109011216,-0.0011607954965217049,-0.013308441495041734,0.012573840023334837,0.008577618817436905,-0.007040648498853108,0.019204560530619696,-0.007971494581036076,-0.00371676669107468,-6.9747209170412106e-06,0.01218904336345017,0.003330113849470129,0.008334614937091755,-0.020658039852628707
2026-08-05,-0.01416684340693597,0.016131604632334318,0.007877894597672963,-0.024771087527512115,-0.01603225879257797,0.0015269674656355203,0.014031169665615684,8.748202574215824e-05,0.0059829458461591045,-0.01516441765212706,-0.005286117391308909,-0.008777169952433383,0.021278449093330876,-0.00022278983535561903,-0.007991996870183704,0.014242282791609995,-0.027712284821227895,0.005831324878576627,-0.00204285712856489,-0.036477751778760226
2026-08-06,-0.000932250983156524,-0.0010795834266558169,0.024945786637156298,0.007149597590347723,0.007848089798647928,0.0004516939196717029,-0.010082137638066757,0.0011897935239857382,-0.0015384543039561605,-0.02472173234592001,-0.009646507860327502,0.01344522024808148,0.018277371513095053,-0.013166738109490983,0.0004894623853912705,-0.013886019168111163,-0.01491253028792372,0.006640576927002373,0.006248313859767984,0.02844068400337796
2026-08-07,0.020672346773136674,0.01426078222519056,-0.008554546636146076,-0.005279173355085209,0.0014926619835102795,0.013304586095411963,-0.01996999562747437,-0.005256124346870394,0.016938030075233312,0.009140735473443184,-0.009017814838768734,-0.003943257683509116,-0.010002359964566776,-0.022621034828255948,-0.0017551740563328533,0.0006157356789491253,0.007831524687136104,-0.0007639518942023082,-0.004494906067646132,0.039291009543244826
2026-08-10,-0.01259673446853049,0.016923408537540707,-0.004523878335476406,0.024994279843044476,0.011934634279760603,-0.02355463013759873,0.008914463879281742,-0.0023095643978486846,-0.022569084783423343,0.009755438292239793,-0.0035328197383768245,-0.003912011624091716,-0.0105518761502158,-0.022726131564045904,0.0018290868954562445,-0.0033178245944760487,-0.0034534812178199648,0.009106351040531813,-0.0001421579957849861,-0.0009734420364585494
2026-08-11,0.0006975430660840498,0.0076960136961572445,0.0017397698739429757,0.0097861869403304,0.0037939999983600536,-0.016232800467441133,0.02131615103869189,-0.013133635368049679,0.004224009441660348,-0.008683511237509323,0.010369219487245118,-0.024711654529503968,-0.0032579234587513106,0.0063983201083872565,0.009400270426830781,0.01657604659370171,0.012703053484180327,0.00019627862002336016,0.018356673877504948,-0.01770834421156775
2026-08-12,0.02500135272003523,0.021548433179864546,0.012020752165827542,-0.002039354519073888,-0.008045458339711486,0.0067949688149187,0.0020986129558568933,-0.00198093472378158,-0.007896946674448957,-0.00369948608313575,0.017103394330957755,-0.016454420321426078,0.007124794454414607,-0.005543079844350318,-0.0015914490545576587,-0.001367217086218231,-0.006290017676091386,-0.005128051248462828,-0.0031133743821957216,-0.024178674368331432
2026-08-13,0.00793894499249026,-0.017601539193247362,0.008447807760357806,0.006898253501998797,0.0016517922539334151,0.002983695673140385,-0.0018969890944808832,0.00916750282118417,-0.009572218015024836,-0.02029147670503939,-0.001741413790200319,0.01812907906540695,-0.00998873097906361,0.010523859988044615,-0.0038108373882692614,-0.013079839713652452,-0.018710177058966493,0.01065526848390741,-0.014298553686957094,0.009085782084469418
2026-08-14,0.0122559818588317,-0.00671040834630432,-0.0015569948904644582,-0.0008070086636605689,0.0031533397183527434,-0.007254987661450718,0.012075408657096887,-0.007410709718174258,-0.002789212952064024,-0.003963519886121203,0.0012635856005229762,0.007176750813037147,0.013690605478688944,0.0009855913190444099,0.00146355473020221,0.01740875823186183,-0.011357507605746053,-0.013307490499692487,0.006415448223218823,0.01688545846786771
2026-08-17,0.029626386109914193,0.005262278400403719,-0.017256773426808203,-0.005670996511893844,-0.009439076421563608,0.003981797459337688,-0.01808981836758461,-0.0006030587818712796,0.02443633464386652,0.01047338227287442,-0.019793480794090823,0.029268010193402638,0.019043710180965956,-0.003500934623220542,-0.0015085170112316693,0.0010650813024228878,-0.008485013802475905,-0.0036070593120667294,0.01409593391420283,0.026568592944830938
2026-08-18,-0.007871655484906426,-0.005599279141772273,0.009746592448898639,-0.016075045558423096,-0.007926126625705354,0.0007246397201434718,0.003004626793961629,0.011079363022154398,0.0007365260535345808,-0.016206983859726964,-0.001113437440486198,-0.016348263260588913,0.0019984875420857584,0.017016595348574803,8.489192306293525e-05,0.0033450208204657272,-0.0007457739559415533,-0.00793718359697182,0.010110811664316266,0.00891660325070709
2026-08-19,0.005393468413092295,-0.017991917200854912,0.006893236069079434,-0.0020422064740831525,-0.008675833639527175,0.00929347926579438,-0.007703858810882869,5.345006399903873e-05,-0.002642038487420617,0.0303758925925377,0.023088713736265642,-0.008503996459169216,-0.012829139512039456,0.015593723100963741,0.00309007939323247,0.003088797833185719,-0.00763943145018231,-0.007338100345604448,-0.02413748361316359,0.00140604737880623
2026-08-20,0.0038157752880625395,0.0032885651559666496,-0.002407677454166257,-0.004667332154723813,0.0021981825155561463,0.0015874250968326287,-0.02473173496909542,-0.008067304871317682,0.0062850179005708995,0.025177394300761824,-0.011752711404203642,-0.0128017872625934,-0.017419917463359358,-0.0011006979182587306,0.00023361866154636424,-0.012916779301828218,-0.012624343672996807,0.0031058567911914636,0.009896821400297462,-0.01286163790750472
2026-08-21,-0.009154700830934615,0.008584003909713811,0.013858491100091186,-0.003642587106231887,0.006691733534604616,0.007671496180500226,-0.011432055184574352,0.0033238220556837117,-0.00041062123328960975,-0.024819163972366054,0.026119664676476084,0.02735620105990777,-0.00550031010175589,0.011524001324690225,0.005818327638624998,0.012027768693317897,-0.004808026513811514,-0.002541062855806353,-0.003978434742698322,0.03297204174243773
2026-08-24,-0.021489557702484063,-0.004711321008467717,0.009288098258832589,0.0014932524381585655,-0.011685212856723526,-0.0016931532239335967,0.001354827838375039,-0.006716411632241126,0.028336272867359513,0.024938168407513395,-0.008533205173462122,0.003406010961987116,-0.02282920481895867,0.006163861694750583,-0.0028193150002759904,-0.006686860873198475,0.0015650091527967813,0.0035711850453148397,-0.015280833270643002,-0.03120859322380487
2026-08-25,0.006721227872377389,-0.006861644079835694,0.010200322086590496,0.0200648933742531,0.002928867701871063,0.016959930526997624,0.003045840553984158,-0.011741231244665973,0.017321522036658044,-0.028936451911845573,0.023598403481108532,0.02024981880305554,-0.017231169877383823,0.020552176010218304,0.0070893296057736865,-0.004271586901252067,0.008046853375897278,-0.011645081051937733,-0.018384033517556353,-0.004193413469730456
2026-08-26,0.00017720300738988115,-0.005837499251386102,0.014045474549778225,0.03298617296380302,-0.008705859244148129,0.0091730894116,0.008961940231276389,0.0192896466913266,0.009043144878572162,-0.008505383408466738,0.0027818677103685907,0.0254209159399581,-0.021474453533711357,-0.011500757350825341,0.004049877344592279,-0.02463563853398021,0.0067140522029103256,0.005165394483806374,0.011358578817153298,-0.04543039335601873
2026-08-27,0.01510929678357753,0.002831985002484716,-0.027597643095984448,-0.002881381583683673,0.01576884562206171,0.004819983229213731,0.006969984733869561,0.021416570431286752,-0.014987214717361308,-0.010580983330497062,-0.02915071950085768,0.006041812529602897,-0.013854656103741592,0.0014852341343614128,0.004787115189907487,0.00040957350934722747,-0.00966266529330262,-0.006089365012636905,0.0173904839452117,-0.0004577998019729135
2026-08-28,0.019122257462160785,0.017438681016607838,0.015276046736664606,-0.003831157259999829,-0.005787398042031988,-0.00377267467430753,0.006817502093579231,0.0038400981292932013,0.01114352705512811,-0.0002819734487075065,0.0046693992724646805,0.0009199722392014831,0.00012854747904511576,-0.0017558560081571972,0.011174467695910018,-0.0008615353712306817,0.016398039375488782,-0.0017850511981739592,0.0007754196732803198,-0.021869256667788717
2026-08-31,0.02314454236791419,-0.0003727655925048756,-0.005679366257240859,-0.0012519928919297874,0.005376787116790238,0.002959668444799668,-0.008659529916886122,0.02041401717856628,-0.0016790467923919472,-0.011046008671786733,-0.005883670752653614,0.01673641228000089,0.011787722140128354,-0.007675923569328891,-0.005408117644745691,0.0014803985467244374,-0.008866146556700816,0.00735673226199185,0.01615586105603195,0.015612385470881174
2026-09-01,0.0034593295510065847,0.0022944977526861976,-0.0009531702455471969,0.02280757587760296,-0.001191344376168857,0.013168703004244886,-0.00844559966268299,-0.006866644245451692,-0.013503187428450247,0.009929860793667089,0.007913059075377538,0.007390499212890589,-0.0013372217134973718,0.006946605381471516,-0.0024007044809282174,-0.0034155408735793147,0.0071651878884295694,0.0027136077094569444,0.007101342867765981,-0.0024889771748215495
2026-09-02,0.021923712142374097,0.018045791142244028,-0.020200022326403166,-0.012484977464648495,0.012678975328809905,-0.0012706714272113784,0.005425767873238785,-0.01825468041035594,-0.015273687120093027,-0.0012783241933855827,-0.010426377767495776,0.02019283095299107,-0.0011010781184010998,0.006644314849006294,-0.007716124437620708,0.01528999085905558,-0.004028801735974308,-0.0037600018009099623,0.0071281502731135316,-0.021331962692874185
2026-09-03,0.01724598368478092,0.00487289712018435,0.00946435667421519,-0.0054634287513989355,0.00045529700832136477,-0.0003230154907846172,0.023142827950083156,0.007516125985691513,0.029508619188986396,-0.0021928018423668094,-0.015169358075712513,-0.013190448355684503,0.003897935057337598,0.0022328340397357316,-0.002815297700106134,0.0012920444549995302,-0.006219056773219989,-0.005417849117594353,0.002572577579377233,-0.02242708110858871
2026-09-04,-0.02316374909128649,0.003023237176320359,-0.009097410593076116,-0.007486051277331929,0.011024443119636684,-0.03093202035347642,-0.0008092354553737025,-0.013678206338839649,0.04363394407035526,0.017051482822012742,-0.005797500258104438,0.010923623093834767,0.003101596056705125,0.0056604695140201056,-0.00045104667877049476,-0.00885926400049386,0.0014920824437842928,0.004105540080414416,0.02039709101595677,-0.004623529970816498
2026-09-07,0.001503193208924447,0.03489809102992347,0.009465748426427334,-0.005970208172669245,0.00419045147018271,-0.002630590558016288,0.013422220234561077,0.01440640998177245,0.011050443854882852,0.0013711776768108308,0.00014876003057318066,0.008971016692608691,-0.018837120659333406,0.002076565437177047,0.00041390857494771893,-0.0026818952763572046,0.0171801390474704,-0.00479265444469823,0.0048816193494491955,0.015509912325102126
2026-09-08,0.0007203181626271871,-0.0055157382552818435,-0.012049263599442916,0.022582985217266538,-0.007868176883268574,-0.008125449517535688,-0.004395308887134353,-0.008097970391334752,0.01961952582167137,0.014392316546228079,-0.0014380291780971,0.0007052227675794498,-0.029647564451757535,-0.020640115992556107,0.004306601093909457,0.01241904478162148,-0.004680462615293868,-0.00645042946810237,-0.01077884167326415,-0.006964334561417873
2026-09-09,0.032100695607904406,0.019463232077296277,-0.007152888116326528,-0.009003180453993842,-0.004814668599255834,0.013540422859820378,5.476827591066602e-05,0.001534527183068235,0.011652502404628562,-0.010790830057955558,-0.006317844294054131,0.0006308694584631347,-0.002878130578097382,-0.008714291767397797,0.0008938298053753346,-0.014496991839274442,-0.0027235629390701677,-0.002692962363171847,-0.005234277802124931,-0.019215739311995272
2026-09-10,0.0012605164721568585,0.009035280754875474,0.005413086144742341,-0.006923194786876752,0.005338698886020454,0.009804535247833313,-0.001393075465909055,-0.007441463573328977,0.0056505026867854635,-0.0218365361810815,0.0028843311134414407,-0.011366559450749714,0.0010102150056543469,0.021121949790828154,-0.008949422262174545,-0.0024067935207925384,0.009507748320306098,0.0026186635867466723,-0.00481575453819072,0.020202241237742502
2026-09-11,-0.00501567716170459,0.002344519865288941,-0.02256169529547769,-0.034200943045687215,0.0030961853730742117,0.0017861309266860026,0.0010157259767007432,0.0009504291530286757,-0.009679614019050375,-0.008514476179073305,-0.029674292373542133,0.015604663234722427,-0.023625885452229656,0.04099891494693075,0.002369295425701079,-0.020273837743163936,0.00124479867079752,-0.002094649849854191,0.0034079672367082203,-0.012895887707067177
2026-09-14,0.01457333576247577,0.006481819795585597,-0.011515580487860833,-0.0016702321568707879,0.006774642490739113,-0.008176242689156399,-0.015327291522625686,-0.005099411183932867,0.026076927209974343,0.03249788404057963,-0.01281290299196014,0.013255959878234025,-0.018499191202722698,0.01630037783527505,0.0039012300578191716,-0.0040498108065532,0.007457608391755022,0.0019470445507414613,-0.00754404356764915,-0.0027560802357942116
2026-09-15,0.00306590058427636,-0.017944474999226245,0.006599849702037641,-0.0018676692430045216,0.0072800911729589135,0.012253638364581931,-0.0022906056350788795,-0.004436809318001944,-0.020329012576113525,0.029185869478366877,-0.009083924478778371,-0.013071080248721945,0.009176209856596618,0.008515287490388657,0.0067240516725783905,0.006686404681492064,0.00023115316689636956,-0.003076893072998299,-0.00998053288953693,0.0239894743184903
2026-09-16,-0.021140074969864586,0.022886171147691536,0.016030802692660995,0.017139037239987776,0.00965689645411194,-0.004007704684780067,0.0068043898785410395,0.007205207795593305,-0.0137666517761601,0.006150951361922008,-0.005772293819445773,0.011090931321780184,0.002147193643964762,-0.0014081545810774587,0.0007214318308639278,0.0014877598195488506,-0.002881140266493998,0.006920112658425959,-0.015384950871996983,0.02582060714225065
2026-09-17,0.0006902389044007862,0.005326723484716078,0.017143607100400304,-0.008045424979687077,-0.004455120349772801,0.0005511465120671133,0.0032011547735495416,0.002546772700738442,0.007840805631235348,0.007414448496454673,-0.002813479664799612,-0.004744060400458272,0.017177920695352844,0.0040002028248482535,0.0012395992162705927,-0.006297513107907271,-0.017097054555280322,-0.00018337451131589244,0.0034354382398558148,0.004955184687102543
2026-09-18,0.020510435388302994,0.015407661729605282,0.00023032763767361075,0.02270592234565827,0.011660679581340316,0.00876301416832237,-0.004517795564975002,0.025308644882121145,-0.001426725831160991,-0.008190377618621736,0.0076070840597723954,0.016524102300783827,-0.02334292301886609,0.020717920235123755,-0.00170202543061293,-0.01814422969861118,-0.005633606140826308,0.008240119621595987,0.019188760568009666,-0.015045296493067295
2026-09-21,-0.003452903736990365,0.007124949654154333,0.02529896051552627,-0.004734017905463017,-0.009847132829312932,0.0058420700291759164,0.017671275793202712,-0.0010935072255349176,0.015116090775366464,-2.401481757363655e-05,0.0010479179350058043,-0.01033771067544631,0.003049088329794003,-0.007768738016706078,0.0014604427036846168,0.010768104186404504,-0.01163963521962974,0.013418747393887598,0.01074092366452395,-0.007450309035505809
2026-09-22,-0.0114277956332961,0.00958672925679993,0.029811096478775,-0.007532790688232205,-0.0017490263936643657,-0.006274356245109192,-0.00638965199074748,0.015993179182085093,-0.008059511957864807,-0.02429352614299629,0.015964662705652,0.006399294294336277,0.0030707358086690117,-0.009290006600362166,-0.005939250959496656,-0.014253757875064554,-0.0046910446072144785,-0.0016495025109077854,0.0033741144651271426,0.010790323125987822
2026-09-23,-0.008650247978461145,0.004618276390645493,0.01236030894326956,0.007815215888060001,0.0011201779224643271,-0.005123946612625829,-0.0060741599505474975,-0.015439299745465873,0.007052897584434614,0.010587017006004729,0.018121160537355463,0.004931447696769453,0.004194420020451561,0.016042523816738985,0.0038243093845304887,-0.0055012329136050475,0.02493968886015474,0.003192829929171248,0.0006894984919230129,-0.007591620172824554
2026-09-24,-0.0066069492805360674,-0.034197229836640974,0.005496256175353098,-0.0067454063070180315,-0.02743971689956548,-0.012484438206385118,-0.008204808748733972,0.004627228186269372,0.007820876656991382,0.002995181608708153,0.00553311973857773,-0.0005792790497004541,-0.005491125687321463,-0.014823668274849156,0.0037149842591723825,-0.004219754400327402,0.002048088292495809,0.007939487533632716,0.005032878799871243,0.016885645415954276
2026-09-25,0.011800883762141279,0.0009726408275425591,-0.0260350775238255,0.002934585144499735,-0.005041509081312623,0.0019601677714580212,-0.012963381407001706,-0.015419860718156153,-0.0027780829811039354,0.031186801108606943,0.010757815077073962,0.0037856341677668937,0.016994691802393547,0.005933670961561832,0.0028344830345714556,-0.022866010041614926,0.00552224587915684,0.002618405290083725,0.01946662390621645,0.02174731728592283
2026-09-28,0.0117885372476636,0.00709636110072398,0.018108866600652584,-0.011280632736162977,0.0019337770395495557,-0.0015258085940320631,0.01223974601370803,0.003781995414632311,0.02448796288809363,-0.025274362271931028,-0.005079896542966034,-0.02593567989840151,-0.01917056429880437,-0.03183626935376316,0.00739239578988804,0.015017982312961031,-0.0161645711119488,0.005269623526580558,-0.014548553009352205,0.008552856010032528
2026-09-29,0.0012890368792837226,-7.646178745257526e-05,0.018161873874558587,-0.03408454799013505,-0.0009553916507363258,-0.015406452340712584,-0.0020797612596719084,0.010459498572864323,0.01897075925931868,0.0073929368096261605,0.001510722043961854,0.005593892854173443,-0.0004825440656132107,0.005910555166484643,0.002985529193549219,0.0019232308336700754,-0.00965047327395141,-0.0030493762690023685,-0.013584979706205424,0.04056689215433251
2026-09-30,0.008578824312351907,-0.011314277797939587,-0.004444813566202299,-0.012147497252753992,0.007299688353991973,0.00911918420915847,0.011683810430255015,-0.0008442283455247779,0.007020481121974953,0.0042308721226655965,-0.011172615356133342,-0.019824045722083516,-0.0045173271265941395,0.014609987474307529,0.002630826665547259,0.01071311127449981,0.01389509280849488,-0.00959458636443189,0.01775486850681829,-0.002683963923858501
2026-10-01,0.011501382999082432,0.011069753965072815,-0.007120128033915485,-0.010718663957467456,0.012263897883693309,-0.013017448123742947,0.002614002704446783,-0.012132698598196212,0.015706647498924475,0.011306824697224549,0.011805828458795853,-0.0072124434723088715,0.017092855421149356,-0.018427426653790713,-0.00010919994943536793,-0.001019687722191187,0.008789890092542718,-0.0007100138314963811,-0.021230737500652408,-0.012871657501925093
2026-10-02,0.00362466689397567,0.005105432562452439,0.018932379911606567,-0.00831856669683051,-0.0025538771544042493,-0.004265436791727195,0.008445121091573915,-0.00921719590612502,-0.001533946386005236,0.001060682882631614,-0.02092551732453618,-0.008558773437033484,0.027653458633550176,0.014599608187938484,0.0024089082557157138,-0.0022178092828000207,-0.03155407172643543,0.0035688643052853575,-0.008633906960884952,-0.024471944505406462
2026-10-05,-0.016821511676335832,0.016864469515573077,-0.009042409001331242,-0.0038356055431778557,0.0086824629686586,0.011955686290531675,0.0052621013172771125,0.006886178955005207,-0.013837868884496007,-0.014046729818097736,-0.015078407720896192,-0.0018582692228074071,0.017190759435030678,0.005867449028649885,0.013395790900952331,-0.004715674905734435,0.0068375146135246645,-0.0025727999343101438,-0.007261046781104619,0.00114060624946144
2026-10-06,-0.01399607193302832,-0.0049462529254660215,0.017158593086038065,-0.014202944808805018,-0.016282066866627476,-0.00030037272013039296,-0.014849691087907124,-0.011450356635815617,-0.0014538198294681282,0.02667421186700958,0.004610014918554617,-0.0031977257309416807,-0.014141939857128971,-0.015981043540082562,-0.0002481869665008629,0.001935315010941796,-0.02685020033105967,0.0007203532816215663,-0.01775661078696633,-0.0007448200450830278
2026-10-07,0.006405036489191218,-0.02018583906873983,0.021023570750304588,0.012865753664204505,0.018355267223369554,-0.002331179567513053,0.01654009375733212,-0.01845334971249879,0.019619336976219648,0.01832537215382346,0.010088195705690861,-0.005530641049626417,-0.0067160522119879,-0.00612740006599366,0.0029439824546424465,0.012848307726195829,-0.012762051730118462,0.003503764478946625,0.007716856860011223,0.02062003873758811
2026-10-08,-0.0010578429207502849,-0.0160848509913597,-0.018570490278373097,0.022384779884175865,0.0075219365276566474,0.011479452225031217,0.016273961242002866,-0.017885370271180534,0.005269438122667669,0.007740769138437242,0.0023863105122137185,0.03452622862385191,0.004835790058388634,-0.007934885840161332,-0.0009858998849918699,-0.0002995366838952629,-0.022571977206071958,0.010536951660228944,0.02212089353464486,0.0029613988033605487
2026-10-09,0.02513717816982375,-0.018195017840743732,0.0021268646386216616,-0.013122883811366393,0.007939939944891172,0.002722608838666263,0.003647719449789255,-0.017276085799601493,-0.007613364769347486,0.03215468718260173,-0.03728527925348091,-0.013645071977286816,-0.013629922079138934,0.010010147719167195,0.009334577999989824,0.001108218874940059,-0.012034788958902198,-0.010324614868923554,-0.0031052432827938237,0.02565188758520298
2026-10-12,-0.007941052889935518,0.005369083917648565,0.003807426619320209,0.013972351626758694,-0.010707976200532321,-0.019481269487383046,0.007170219376070541,-0.0020689170348552333,-0.014877271621914323,-0.014511990471713587,-0.004443042442482392,0.005912868901268631,0.0016724055472432386,0.0038735077614242552,-0.002430717972277896,-0.0024480109329948485,0.006762056159988816,-0.001052259490687879,-0.00799709242327118,-0.012335450491171684
2026-10-13,-0.004436232658129424,-0.00754296509139285,0.008535966252218197,-0.0010296495778558956,0.007761282962756244,-0.0031472486227729357,0.0037027385811703173,-0.018415373930090073,0.005108450037539791,-0.0005074040285728554,-0.008723818808982986,0.00802967162639101,0.0012380503624733752,-0.001747364219548575,0.005637505275162269,0.007098892189223882,-0.022112562190322094,0.007095486327789002,0.00865416905198746,0.013771558103670811
2026-10-14,0.01878150863696848,-0.027510886793558953,0.010936726143127684,-0.00704779388663368,0.01640368923161617,0.02525514054259559,0.0016518354131174195,0.012868555760314093,0.004002521301881945,0.01664429057465555,0.04157602879945177,-0.029147248088720712,0.0029416871733438654,0.018792655889046994,0.011417679212035292,0.02848335357548093,0.004134127175786428,-0.003303934938906794,-0.003844817794567801,0.017981084483414733
2026-10-15,0.0006652756151086514,0.003703371500708652,0.013980953874655366,-0.009654920656491095,-0.004759625865418116,-0.014717867668170403,-0.023461757826622853,0.003221209104161238,0.013644726527019646,0.015193921305596492,0.0016019635918480546,0.0032647381532464603,0.001443734702064381,-0.016520896847475375,0.00922923853439861,0.010203981498254855,0.015648534549018045,0.0015824099030221639,-0.0022662342445854966,0.013197948786141556
2026-10-16,-0.008642303260700368,0.009847487683949385,-0.0024235358564224097,-0.0059413290631725735,0.002535700511266281,0.009079253554180378,0.004591480895327127,-0.022019067929547553,-0.01774784189245715,-0.041332757206660076,0.01807097971896021,0.024245246195586434,-0.006618142911450242,0.024647540867464013,-0.0023451756782436606,-0.005799952887908466,0.0012177400185096054,-0.002707158691092726,0.02446182666589558,-0.020464744946693814
2026-10-19,0.01093669182473933,0.01443914693810533,-0.016954525900910733,0.01723702400136551,-0.007106054779345117,0.0033838765604132792,0.004965910094880233,0.02341477681543558,-0.01763562032857302,0.020369864161902118,0.030896687871364792,0.018764104993651998,0.014884681535568989,0.0009416354854385744,-0.0035892150025960134,-0.012892732924442929,-0.00151799845523104,8.754499789320747e-05,-0.008563471552169633,0.007934927003352188
2026-10-20,0.006622181677081285,0.0004453398626214078,-0.014977713248282676,0.005157913316742091,0.013221070342031682,-0.01467601167245458,-0.0026894262141122782,-0.014337101380513584,0.01763734274701556,-0.0019988950713871745,-0.006549609156972336,0.00017842520924449268,-0.03557184811444736,0.014386848330268709,0.00891964489504704,-0.008056623425357734,0.012219758880792853,0.011329441942141916,0.006813370317331646,-0.0013693156114606975
2026-10-21,-0.0023010497084509085,0.00971045757620792,0.01341570879530396,0.00716209384604749,-0.006051614135405448,-0.005999067070950104,-0.00655836929851239,0.0061525589922724055,-0.03447956703425559,0.002646179462072018,0.014661726853188783,-0.01099134394734358,-0.010242504726305168,-0.01395201045785599,0.0017196824133307587,0.009246975975787386,-0.01223981256098916,0.002192333615016695,0.011323875083834256,0.012317429847238381
2026-10-22,-0.020541777308414666,-0.00928901219379119,-0.0009031501965826028,-0.008715177551640307,-0.00023706389800071115,-0.002640738482406202,-0.00504960974791846,0.0021028789685979543,-0.0070293906467217004,-0.012816257038160472,0.003757074019000717,0.0003701120076147202,-0.017150649442406962,0.00937923775390348,-0.0005565181493444316,0.013056429868531838,0.010505169191180386,-0.005159041183105617,-0.004993976957916035,-0.015975882466366054
2026-10-23,-0.010170074976100563,0.012020662033500384,0.0019087870341643054,0.014175312796515849,0.0030354652706745533,0.021794730861461886,0.011823486772441605,0.022012843680744965,-0.01493477550799871,0.004417326494353224,0.028962741671653136,-0.015685124502709424,-0.00952666200422303,-0.0013802529304085542,0.0019479255281391605,0.013399832692695401,-0.008399567879068925,0.0021733343784218206,0.01834684698214062,0.017759189518589347
2026-10-26,0.019492356904582175,0.014942249632272198,-0.0012872968776430627,0.012547098540066415,-0.002344890580592285,0.00045193435080603805,0.0122409973976505,-0.006458168661273467,-0.009788806960420393,-0.008166612745339807,-0.02508384936105068,0.011389072777839182,0.007904340918399422,-0.023091283092080306,-0.0058404390981336984,0.011032995596397033,0.008137134998783102,0.003579174076205671,0.016776172060452232,0.030141365184568336
2026-10-27,-0.005204084819550814,0.022672751363222332,-0.00615354161910997,-0.03154082249962764,-0.00889856001280187,-0.006680329059720269,-0.00643153686482012,-0.016618577020106606,-0.007658501085558211,-0.014183068472537586,-0.006827823756704654,-0.01375741606600267,-0.0035910798922992315,0.00231695697188683,0.0037922708565556462,0.0050439138278959295,0.010856348616847145,0.0031096796085177125,0.008791296117960146,0.011163923258869612
2026-10-28,-0.002768765591606992,0.00539714491964749,0.0007374116465119762,0.0030577205665254237,-0.008504825890402912,0.0075637111924082845,0.0064788121473595695,0.01567428685948924,0.008641967641364046,0.014666584327197363,-0.0006314461538157179,-0.0025183769696420777,0.01068800219019117,-0.008639169003134883,0.002434780652212476,-0.0031781635762241356,0.0006254354544750207,0.00615163567030641,0.012258406584572556,-0.004654099828376501
2026-10-29,-0.002801022013085186,-0.013230239991564807,0.006114383458245998,0.017704247961010555,0.0009849605950493778,0.005640212705041003,-0.005929456698196667,-0.005854337136388388,-0.008123185188892768,-0.013124899443040183,0.008288022010503049,-0.008789188471847509,0.0033883873607178927,0.00035699709080616593,-0.0036704996338033924,0.008766234979610932,-0.010537313735685339,0.010473185868033363,0.0011486410979870687,0.009806756695299512
2026-10-30,0.0011549882199797246,-0.03066385677693051,-0.006692876613096477,-0.00010560331615550034,-0.0010975243527824308,0.0030617763461104897,0.013833023954251455,0.008964957863101253,-0.0045393438809046005,0.004670925922511504,0.005971226437950783,0.011235566675371844,0.013464871568817482,-0.0005425887597154677,-0.003013006303402177,0.004432376833513496,0.003651141716796147,0.005060293695529738,0.001530610466621285,0.00990834631616
2026-11-02,0.015442396298410932,0.0007457993003185948,0.008757473860848464,-0.031366719715706703,0.0004688145160176571,-0.0029093063508306427,-0.0033000143118321335,0.01435759799614611,0.004109945601209475,-0.0050562750871756545,0.004424338700677044,-0.004597751778175452,0.004093063950764586,0.006256152292720474,0.002250768409229442,0.019882547529352257,0.02776367683458769,0.0021790539381740803,0.0071738702382426744,-0.005611953759119603
2026-11-03,-0.0034313003666306408,-0.009342225750531341,0.00442629107755077,0.014147574317783906,-0.0017605582942251674,-0.0031088141151757176,-0.01387075150266226,-0.01721689159890949,-0.011679167361301257,0.012019424021314284,0.001089686377383492,-0.01167614982473042,0.017866351929789248,-0.013354931494735656,-0.004861462055505084,0.007617900323688698,0.007409828043359656,0.0017736876895544373,-0.007756062084032345,0.019638009824306746
2026-11-04,0.019367137044084437,0.006170234793662299,-0.01156460918546276,0.018295469950765808,0.00030071709289725135,-0.013891100308373927,0.002894329887739744,-0.0003109825347626938,-1.8510900157364674e-05,-0.01207326848889445,0.0033124610750088213,-0.02260949527317546,-0.017943285955577593,-0.0032134728550534675,-0.00765312396416884,0.010790699909746682,0.005735066620249807,0.0010109770989688016,-0.0056991511927123595,0.021951853257683673
2026-11-05,0.017954366208892347,-0.00223880171064339,0.003990450740727569,0.010063612096244512,-0.004313404179732916,0.01548169432699198,-0.0015455238234023394,-0.014333166382649254,-0.013937944400613689,-0.007209148469809024,-0.01332716174345805,0.002730070730849965,-0.012610285327893656,0.007834026699767627,0.0009423981997533915,-0.002222347081891618,0.002982642612513464,0.004277718968790367,-0.007108129513459405,-0.013354455815078214
2026-11-06,-0.008347660124184864,-0.007834559616700543,0.022978704801751126,0.022059799868960228,-0.007694398903430821,-0.006839914988386542,-0.015602816074629433,-0.009165479441852087,0.010090086933612907,0.005298401338260206,0.01160360790099757,-0.02607501185172867,-0.0037629594964209145,0.009889867221262394,0.0003764291305345946,0.004773193881723037,-0.02005349643313803,0.0023694014427304566,-0.003904094118872159,-0.008401967977985425
2026-11-09,-0.0090134859362615,0.021941305403893274,-0.008416806856485715,0.0039236945500888964,0.0037338341331043523,-0.0008863951514329615,-0.0042880371869311595,0.0051739935923837965,0.0031383619150309183,-0.025639464536173606,0.002465486629242397,-0.00862644614108099,0.008643790126124706,-0.006278692303308908,-0.0007005667941627491,-0.011435930638431957,0.016071243410102465,-0.0060551869266763925,-0.013278135226963972,0.028669724017488463
2026-11-10,-0.01955591154216474,0.009824209324047928,0.0039414261249928195,0.022177449187966936,-0.0058798629200841335,-0.004596931047619823,0.01698590396853672,-0.01792920236785145,0.020190821209744803,-0.011491079276103489,0.016103356937185564,0.022847153132713682,-0.012087667432163274,0.028358023317246017,-0.006227712136259944,-0.005260593532662838,0.0011130649519071056,-0.0028346339174565305,-0.029063558178950677,0.015097971008947386
2026-11-11,0.00577900198857928,-0.005986850247387987,0.004835005544361115,-0.02995189991086078,0.007292799615552736,-0.010483634281271637,-0.003658499385612246,0.0017004563690912189,0.023992918519095463,0.006296862171542017,-0.00852349230537397,-0.023358835068566064,-0.0007493677388931141,0.01120662338651246,0.006177548934944488,0.024330896832420512,-0.011959374449629911,-0.0022363840509850297,-0.01154516640266079,0.012950274942774787
2026-11-12,0.011690773091647122,0.006618692024034312,-0.0015311455741741087,-0.018329916817168335,-0.0005882153425944558,-0.013684513998074244,-0.01577051951742492,0.015102942109140649,0.024998714045504133,-0.003920042172997129,0.010703975288792522,-0.003197677219200168,0.014924909486818905,-0.014794499707444397,0.0006853880240851318,-0.01837052157569874,0.0010402263443312076,0.008756350768383214,0.0004219892955918958,0.013126343132633389
2026-11-13,0.010530966492674931,0.007330016764800051,-0.004990025457996428,0.021580858747748843,0.007831615565377481,0.003381848314844227,0.025621013398717363,0.007303691331531192,0.030597384429628782,0.008674277028944077,-0.009331051763092568,0.003209868402013427,-0.015669045691240613,-0.009088205827383566,-0.0010616303453492293,0.002556989432751733,0.022474969180644067,0.0007931951694704065,0.011596634791011917,0.009654175072535631
2026-11-16,-0.0032261684611074593,0.014421576758966825,-0.012276756081224138,0.02057245637898486,0.0018721945626283265,-0.023311705674132766,-0.008693838263047926,0.004002347309825183,0.0186914436778427,0.0020848388394958395,-0.006615139317447172,0.011701149664439248,0.021584996537749923,0.0241740160425421,-0.00878259829259409,0.00771057204609904,-0.00643674500180369,0.0007666331509681434,0.0149193313022693,0.030556339470297678
2026-11-17,0.003995698818679783,-0.01006496346969199,-0.015363744748160157,0.004066299821884778,7.981205959661786e-05,-0.013246154324991766,0.009752629002014235,-0.0022062794656212414,-0.002182797540673076,0.02057259289080271,-0.031054493058431665,-0.028145624520138468,-0.014837655232185831,0.028103936343795377,0.004951642357688968,0.025090116631263815,-0.00039250296657422634,-0.003307830398707301,-0.007029503754787947,-0.008262437280847301
2026-11-18,-0.0005701855043245274,0.009299649106795371,-0.009181374547648224,-0.017664558922862006,-0.008654162121421338,-0.004850910904822814,0.009704225827526836,-0.005397437867135979,0.026503467579733986,0.025487971880162164,-0.0009221869746002254,0.022348228635535428,-0.0037292277030724907,0.0017554840463605004,0.010883434573098816,0.0327634762309692,0.02119893877872059,-0.007463507046848283,-0.013069281112252695,-0.017655795548730202
2026-11-19,0.003074429857411687,-0.008814776055766194,-0.00019821718813173295,0.021281034558554568,0.011445476145401923,0.009318119412303538,0.010607077081237648,-0.01351719236129012,-0.004260491300233316,-0.00844681740997788,0.010295553864482665,0.005193604225362192,-0.018037105779561857,-0.0017074150476901195,-0.001853275951716249,0.03262124678390288,-0.0053698781160719244,0.0011318460612941283,0.021703425590088088,0.028069163349824233
2026-11-20,-0.012086977910245045,0.017278933103593186,-0.011648073933539949,0.00116108376513413,0.005876708764958938,0.016465594716538856,-0.01949411558653702,0.011477920174007172,0.008197986463828855,-0.02531813781001313,-0.02430190207209526,-0.015508835150889078,-0.005916745273784496,-0.01130933651828836,-0.0032751431443296397,-0.002194371226004632,-0.004360365910563657,0.006252659482149703,0.0008751706824259298,-0.028080208433787113
2026-11-23,0.008175615363866573,0.012868566595878095,0.002942877858152393,0.02140253018963212,0.014534998852794745,0.006602310214213203,0.01876097534046961,-0.008577816229647262,-0.04414214752027845,0.003315709948677137,0.008671067947926714,-0.00034974984477520454,0.018847238486790596,-0.0113862484736722,0.006242518156774235,0.0023083142269264556,-0.02288762654573584,0.001354351500474582,-0.0035672833786568603,0.022092999083938247
2026-11-24,-0.005597850556421702,0.0009809645107647924,0.0016771261798809167,-0.011825783909894083,-0.003862164423725112,-0.0077405482220390676,0.015105013903590647,0.0008826637980698937,-0.011679219253970863,-0.006287949971445439,0.01948082619177871,-0.02366837234093766,0.0005966723755572723,0.008678301206867411,-0.014974564485081832,0.0012592794342205504,0.018424083079623843,0.00956352360125412,-0.0020278334664899367,-0.0024142696836154665
2026-11-25,0.0090529194022686,-0.008211296550918346,-0.030762385776220147,-0.014449435042210967,-0.006377722778897255,0.006008494617699478,0.0011074519165232832,0.007343094252841853,-0.00662951036519166,0.01872281789595287,-0.016828195380606203,0.005446884154757692,-0.009583827220065344,0.017827306045693936,-0.009205665674653307,-0.013667858931616816,0.019021735302426235,-0.0005274636082328588,-0.008753306297984098,0.019365881130337437
2026-11-26,0.0032595042887637593,-0.008205555083165783,-0.007443427557562665,-0.01572871783693186,-0.008148590604097339,-0.009751357100632685,0.027232256566015245,0.01593064873506078,-0.01199175169824196,-0.023807150602741967,-0.014568263642944057,-0.0028770878706138037,-0.003939147204982341,0.0031706705359169085,0.0027522391935639323,0.03253969008489155,-0.0004761983947384474,-0.007975894624933977,0.007573979961405186,-0.029732841567733037
2026-11-27,-0.011619638316926029,0.01006770510673416,-0.018064809071422605,-0.004457039080169811,0.004397088186938403,-0.0022257919617441058,-0.004905460182966004,-0.005158452791854451,0.0024317022864084326,-0.033520248880278714,-0.004886647824694834,0.010314242043062638,0.006910891580293788,-0.007475635328725416,-0.005373611905105102,0.02086220787754689,-0.003470564049718683,-0.0008763434129155367,-0.020679057268421897,0.0030184781243842718
2026-11-30,0.012858917622234234,0.01126313551578928,-0.013874898286539206,-0.009232744518325231,0.010167889379492312,-0.011821481237356823,0.01467810856038465,-0.0073933566820291174,-0.02724683238540715,0.02270798177589506,0.009161060113237252,0.003455539351290726,-0.005043829132015953,0.0119236546439494,-0.007190224575843285,-0.016049414888417823,-0.004425326652137795,0.00659841632085878,-0.008168897011799237,0.006080102250518582
2026-12-01,0.0044803459833464565,-0.004410856027079357,-0.023807946282731973,0.010101190890675849,-0.003582078570096736,-0.010285124616182584,-0.014997391552236894,0.0009060956721587132,-0.01309779698131408,0.01898151252516267,-0.015896884827554247,-0.03240072288195295,-0.013719487643857553,0.01451655723916434,0.0010129357848811527,0.017708776013906524,0.002935160743495313,-0.012746064553515235,-0.0023915866860647617,-0.016862730386033253
2026-12-02,-0.015430518345305289,0.005048793979988364,0.0071657160399702935,0.007617719668820966,0.00037923937577888367,0.0023250475987417474,-0.013084637685232825,-0.008709087431724494,-0.011630407489335859,0.010353866888334284,0.01301043196695395,-0.013694649543404047,0.028433000404196385,-0.01031046754496856,-0.003248156489741749,-0.01400198996359936,-0.012143322994266681,-0.008478517046694,0.007478778084490045,-0.02047434541563975
2026-12-03,0.006199291214617375,-0.014642154217060277,-0.00444425985019492,0.005522141759058741,-0.004686981562364467,0.005442422806462899,0.0018523381546018403,-0.00247837689437147,-0.00881362576378153,-0.002803322184337209,0.02785658923004286,-0.00671137185061732,0.011190693915973382,-0.009144684397073943,-0.0009275466561105006,-0.007261691135849291,0.013491387711627612,-0.004418745014969527,0.01275266829117383,-0.0029704249276824024
2026-12-04,-0.0030421469168671056,0.01899715946708591,-0.0037194078201796543,0.004862537819330104,-0.0023810501437402376,0.007016419567578591,0.012233395996033014,-0.01810606857625885,-0.003637593819939333,-0.004852246675637661,0.008072216308628422,0.015920405005283245,0.026966408951427212,0.008988545409744253,-0.0024477347219685752,-0.017171320008142033,-0.000348184135675611,0.003786779942719143,-0.002556412069429137,0.017349957179256137
2026-12-07,0.002284435606705104,-0.0014553971585969938,0.0031691624987237876,-0.01845327502914329,0.004641080150360466,-0.006487361076677134,-0.004298293484633842,0.0047443272007157145,-0.0004007232187319687,0.006663116936933333,0.018740728500611814,0.014950587884668964,-0.0166836769138603,0.001645862969857026,0.008827695963983029,-0.01763961051901075,-0.007493854777977149,-0.003407371183892005,-0.005480469937083732,-0.03208505294219033
2026-12-08,-0.008336527041212793,-0.011975992532118007,-0.018430501843661684,-0.010718249039807226,0.007450707980449112,0.004723507189830611,0.0013702909233423988,0.007464855335775233,0.014147432371374613,-0.0026215200691392937,0.013026815595551966,0.0011528339624269357,0.019364824509229273,-0.015459600617120817,0.0025189655920754284,0.014568004121004341,0.01721537173556431,6.91651633357715e-05,0.003444312831716312,-0.013554544475449681
2026-12-09,0.010757556355695863,-0.003698171718400034,-0.010478314897174545,0.017872452068396827,0.0014013239375865183,-0.012642280100367831,-0.009174349069510868,-0.004422488230471755,0.008882038552890048,-0.007566835510653291,0.014594758009432107,-0.026852770070788345,0.001008312908237663,0.007987091352096298,-0.0008926156421302789,-0.017037602775748062,0.0038934523914722075,-0.010698034620076013,0.0002513197880478213,-0.018777834236317625
2026-12-10,-0.017035579113120147,-0.00048026738451711903,0.002778469651889326,0.011764320279342488,-0.011653226482649326,-0.0025244584802713854,-0.007048576049184074,-0.008434009750517335,-0.005523222832991115,-0.017047262958749032,0.012261456059372566,-0.0034185960158493733,-0.009412376373300835,0.00037038403217781735,0.004428330220457299,-0.0022283486927560103,0.0020464812798812737,0.0022713506745293266,-0.0027322674988916607,0.0181593622898526
2026-12-11,0.0008148511978571804,0.0027384914404662286,-0.007885215196588802,-0.02656810732847703,0.0006587044413404186,0.01593954051926394,-0.00848680002530433,0.004822362601665464,-0.01459576215733216,0.008707022216747351,0.018310858693694643,0.00895986702490914,-0.01098511343510844,0.005307132283302485,-0.0015240180702039696,0.015372631008247595,0.004428300022362608,-0.0007078356148342291,-0.00037366401057015164,0.01689292887924143
2026-12-14,-0.019874815113156363,0.02896435798219743,0.008717820186185943,-0.0023990921364724915,-0.00922930726265725,-0.003517390823472355,0.011256616656925678,-0.010745198864932526,0.0037705024610803495,0.004659252065455144,-0.019324025496182173,0.011876049270529876,0.030813250497978784,-0.008135525238870733,-0.006226339714131002,0.010665398387463165,-0.012030250828643063,0.0048157901193983665,-0.0006066483767074304,0.0193711316938614
2026-12-15,0.003746959053531951,0.014238905627380838,0.012193249051306587,-0.015005455799000478,-0.0016447223715255754,-0.0054970811504748696,-0.005300797638675636,-0.0017076792847341427,0.007630238011391288,-0.012466856587237007,0.01737980748837864,0.01952607982202803,-0.0020838655514883175,-0.01696380933361996,-0.0021821993254143024,0.0013840078232898456,0.012909395922208855,0.00479155621138827,-0.022301650136857143,-0.009886166930145657
2026-12-16,0.011181895705925537,0.012034663813910162,0.010221194053897431,0.012774619487317063,-0.0029865750807044344,-0.011791115832660792,-0.0018028276227579632,0.0008485470441383924,0.019655988530845603,0.04016603206436553,-0.007324605719164934,-0.00997532653634825,-0.0013519532928648603,0.024377246776198236,0.0029645112314147237,-0.009074366411005896,0.012433409028366205,0.004973255529908904,0.02025097929568287,0.01183771105025544
2026-12-17,0.001606546986474111,0.007859521569743011,0.006598208075950351,-0.012239462724565331,0.005172056856321827,0.021475098587627972,-0.008006782383927269,0.004991246010218164,0.010887833165120098,0.0017062839065258295,-0.0014684549693575466,0.020706532740460304,-0.00615791422395906,0.004832807896787417,0.0006828661479534315,-0.004874681476379039,0.021437071632458338,0.0120728239058705,-0.007217653507459176,0.003375839827835847
2026-12-18,-0.023832224034937233,-0.02577064575797572,6.045512298702427e-05,-0.005768538940601697,0.0056944152570668205,-0.0003433848095398817,0.020383316549916763,0.00094581385452841,0.029622687906856626,0.009990635183989571,0.015060602329985295,0.008811334402073268,-0.01097328274449827,0.0029778384900303045,-0.003279222652113223,-0.01801230979167845,0.00770763874183511,0.010244238228501956,-0.024415472196802512,-0.006733410094218351
